ID,Ws,WD_cos,WD_sin,temp,SurfPressure,ln(conc)
1,3.57,-0.224951054,-0.974370065,253.6,819,1.23E+00
2,3.7,-0.250380004,-0.96814764,253.6,818,6.73E-01
3,3.71,-0.397147891,-0.917754626,254.1,818,7.23E-01
4,3.96,-0.384295323,-0.923210217,254.5,818,4.57E-01
5,4.25,-0.307356618,-0.951594404,257,818,1.31E-01
6,4.78,-0.272280247,-0.962217994,258.2,817,1.11E+00
7,5.04,-0.31067643,-0.950515732,258.6,817,1.90E+00
8,4.91,-0.318959309,-0.94776841,259.6,817,2.99E+00
9,4.57,-0.320612991,-0.947210278,262.8,817,4.28E+00
10,3.97,-0.376224263,-0.926528631,264.5,817,6.02E+00
11,3.75,-0.280666709,-0.959805292,265.9,816,4.86E+00
12,3.16,-0.09063258,-0.995884399,266.9,816,5.56E+00
13,2.19,0.008726535,-0.999961923,267.4,816,5.97E+00
14,1.96,0.230049737,-0.973178873,267.5,815,5.66E+00
15,0.67,0.76266833,-0.64678978,267.1,815,4.25E+00
16,0.44,0.623879597,-0.781520472,261.9,816,2.45E+00
17,3.19,0.617035875,-0.786935022,258.3,816,4.79E+00
18,3.78,0.519519112,-0.85445883,258.5,816,4.93E+00
19,3.76,0.272280247,-0.962217994,257.7,817,5.29E+00
20,4.06,0.257132793,-0.966376079,257.8,817,5.61E+00
21,3.99,0.206204185,-0.978508985,259.6,816,5.35E+00
22,4.09,0.199367934,-0.979924705,260,817,5.69E+00
23,4.43,0.333806859,-0.942641491,259.9,817,5.62E+00
24,4.41,0.219846204,-0.975534544,259.5,817,3.88E+00
25,4.58,0.054078813,-0.99853667,259.9,817,2.99E+00
26,4.93,0.031410759,-0.99950656,260.4,817,2.58E+00
27,5.1,0.033155178,-0.999450216,260.9,817,1.96E+00
28,5.7,0.130526192,-0.991444861,261.8,817,1.50E+00
29,7.1,0.139173101,-0.990268069,262.1,817,4.66E+00
30,7.8,0.152985836,-0.988228381,262.1,816,5.00E+00
31,8.19,0.231747903,-0.972775878,263.2,816,3.24E+00
32,9.07,0.290702194,-0.956813584,264.4,816,9.52E-01
33,9.37,0.337095258,-0.941470545,266.2,816,-1.60E+00
34,8.86,0.496973961,-0.867765453,267.6,815,-2.93E+00
35,11.8,0.557745109,-0.830012285,268.7,815,-5.67E+00
36,10.86,0.615661475,-0.788010754,268.5,815,-8.80E+00
37,8.58,0.744311546,-0.667832555,268.4,815,-2.84E+00
38,7.71,0.715692734,-0.698415285,268,815,-3.05E+00
39,11.06,0.724171861,-0.689619544,268.2,815,1.35E+00
40,10.27,0.670426619,-0.741975841,267.6,815,-2.83E+00
41,11.24,0.629320391,-0.777145961,267,815,-1.38E+01
42,11.46,0.738455341,-0.674302388,268,815,-1.61E+01
43,10.62,0.779337965,-0.626603811,267.7,815,-1.80E+01
44,10.13,0.785856893,-0.618408395,267,816,-8.49E+00
45,8.57,0.81613759,-0.577857624,266.5,815,-4.19E+00
46,5.25,0.751264134,-0.660001668,265.4,815,-1.24E+01
47,2.87,0.318959309,-0.94776841,261.7,817,4.84E+00
48,1.61,-0.767165152,-0.641449632,261.9,817,4.31E+00
49,2.19,-0.371367836,-0.928485827,262.1,817,1.36E+01
50,2.21,-0.400349033,-0.91636273,262.1,817,6.20E+00
51,3.69,-0.94664926,-0.322265695,262.3,818,-7.64E-01
52,3.95,-0.956304756,-0.292371705,262.9,817,-7.03E+00
53,2.78,-0.847121921,-0.53139858,263.6,817,-6.74E+00
54,3.93,-0.946085359,-0.323917418,265.5,818,-5.86E+00
55,3.89,-0.912834177,-0.40833046,266.4,818,-4.82E+00
56,3.6,-0.848048096,-0.529919264,266.3,818,-7.46E+00
57,2.32,-0.898794046,-0.438371147,269.7,818,0.00E+00
58,1.15,0.073238197,-0.997314477,272.6,818,0.00E+00
59,2.73,-0.026176948,-0.999657325,272.6,818,0.00E+00
60,3.44,0.043619387,-0.999048222,273,817,0.00E+00
61,3.02,0.106264071,-0.994337944,273.7,817,-2.46E+01
62,3.03,0.130526192,-0.991444861,273.8,816,0.00E+00
63,2.1,-0.503019947,-0.864274802,272.4,816,-1.68E+01
64,3.29,-0.703394703,-0.710799474,268.2,815,0.00E+00
65,3.25,-0.161603821,-0.986855716,270.8,814,0.00E+00
66,4,-0.083677843,-0.996492859,271.1,815,0.00E+00
67,4.24,0.06279052,-0.998026728,271.1,815,0.00E+00
68,4.26,0.248689887,-0.968583161,272.2,816,0.00E+00
69,4.98,0.257132793,-0.966376079,271.2,814,-5.91E-01
70,5.45,0.19765734,-0.980271175,270.8,815,1.70E+00
71,6.22,0.206204185,-0.978508985,271.1,815,1.14E+01
72,6.55,0.313992456,-0.949425478,271.7,815,7.69E+00
73,5.97,0.446197813,-0.894934362,270.8,815,7.27E+00
74,5.8,0.573576436,-0.819152044,270.9,815,6.42E+00
75,5.34,0.594822787,-0.803856861,270.2,815,4.50E+00
76,5.03,0.487859659,-0.872922077,269.7,816,-6.97E+00
77,5.09,0.252069358,-0.96770917,269.4,815,-1.18E+01
78,5.43,0.149535343,-0.988756381,269.3,815,-4.08E+00
79,5.45,0.22835087,-0.973578903,269.3,816,-4.06E+00
80,5.29,0.289031797,-0.957319498,269.8,816,-1.65E+00
81,5.34,0.478691858,-0.877982975,271.8,816,-8.49E+00
82,5.34,0.458649554,-0.888617233,272.6,816,-1.27E+01
83,5.24,0.390731128,-0.920504853,273.2,816,-1.95E+01
84,5.05,0.395545503,-0.918446381,273.7,816,-1.40E+01
85,4.2,0.290702194,-0.956813584,274.3,816,-2.67E+01
86,4.08,0.317304656,-0.948323655,274,816,-1.49E+01
87,4.21,0.116670737,-0.99317065,272.9,816,-4.34E+00
88,5.26,0.142628934,-0.989776231,271,816,-8.33E+00
89,4.64,0.317304656,-0.948323655,271,815,-2.58E+00
90,4.48,0.302369891,-0.953190668,270.5,815,-2.74E+00
91,4.3,0.130526192,-0.991444861,269.7,815,-5.37E+00
92,4.27,0.139173101,-0.990268069,269.9,815,-1.05E+01
93,4.31,0.183951351,-0.982935349,270.1,815,-5.56E+00
94,4.49,-0.010471784,-0.999945169,270.7,815,1.05E+00
95,4.22,-0.027921639,-0.999610115,270.5,816,1.04E+01
96,3.93,-0.397147891,-0.917754626,268.1,816,8.53E+00
97,4.09,-0.433659085,-0.901077021,269.5,815,1.09E+01
98,4.08,-0.149535343,-0.988756381,269.1,815,9.44E+00
99,3.92,-0.121869343,-0.992546152,269.1,816,2.85E-01
100,3.82,-0.059306374,-0.998239828,269.8,816,-7.50E+00
101,3.9,0.055821505,-0.998440764,271.2,816,-9.77E+00
102,3.9,0.125333234,-0.992114701,272.5,815,-2.06E+00
103,3.97,0.142628934,-0.989776231,272.2,816,1.23E+01
104,4.52,0.00698126,-0.999975631,272.1,816,1.03E+01
105,3.58,-0.270600446,-0.962691746,273.5,816,2.53E+00
106,3.65,-0.230049737,-0.973178873,274.8,816,-1.46E+00
107,3.22,0.031410759,-0.99950656,275.5,816,-1.26E+00
108,2.71,0.280666709,-0.959805292,275.6,816,1.51E+00
109,2.08,0.315649037,-0.948876012,275.7,816,-2.34E+00
110,1.58,-0.04884977,-0.998806137,275.2,815,-5.18E+00
111,1.71,-0.675590208,-0.737277337,274.2,815,-6.62E+00
112,3.9,0.118403968,-0.992965508,272.7,816,-1.48E+00
113,4.33,0.034899497,-0.999390827,273.8,814,-3.87E-02
114,4.22,0.087155743,-0.996194698,274.1,815,-5.87E-01
115,4.47,0.11493715,-0.993372766,274.4,815,-3.71E-01
116,4.73,0.152985836,-0.988228381,274.5,815,1.10E+00
117,5.07,0.268919821,-0.963162567,273.9,815,7.70E+00
118,5.09,0.411514359,-0.911403277,273.6,815,1.29E+01
119,4.78,0.425779292,-0.904827052,273.4,815,1.12E+01
120,5.59,0.330514393,-0.943800952,274,815,1.05E+01
121,6.03,0.262189179,-0.965016494,274.4,814,1.24E+01
122,6.38,0.199367934,-0.979924705,273.8,814,8.49E+00
123,5.89,0.211324796,-0.977415894,273.4,814,5.77E+00
124,5.12,0.068015291,-0.997684279,272.4,814,6.94E+00
125,5.05,-0.087155743,-0.996194698,272.1,814,7.65E+00
126,5.21,-0.250380004,-0.96814764,272.3,813,3.50E+00
127,5.96,-0.307356618,-0.951594404,272.5,813,7.03E-01
128,5.99,-0.257132793,-0.966376079,273.1,814,5.01E-01
129,5.83,-0.130526192,-0.991444861,275.1,813,-5.29E+00
130,5.91,-0.043619387,-0.999048222,276.2,812,-7.80E+00
131,5.85,-0.156434465,-0.987688341,276.7,812,-5.80E+00
132,5.45,-0.260504509,-0.965472631,277,812,-1.94E+00
133,5.16,-0.364876784,-0.931055816,277,812,-2.49E+00
134,4.24,-0.240228042,-0.970716482,276.8,811,-5.49E+00
135,2.35,-0.280666709,-0.959805292,275.9,811,-2.12E+00
136,3.56,-0.563526049,-0.826098294,273.5,811,-1.16E+01
137,4.65,-0.201077921,-0.97957525,273.4,808,-8.46E+00
138,4.6,0.059306374,-0.998239828,273.3,808,-8.82E+00
139,6.4,0.416280792,-0.909236109,273.6,808,-7.23E+00
140,7.41,0.600420225,-0.799684658,272.3,807,-9.60E+00
141,7.84,0.612907054,-0.790155012,272.3,807,-2.14E+01
142,5.76,0.444635179,-0.89571176,271.8,807,2.58E+00
143,6.23,0.41310443,-0.910683661,272.3,807,5.95E+00
144,5.28,0.238533458,-0.97113428,270,807,-7.77E-01
145,7.25,0.351841648,-0.936059536,270.3,806,-2.94E+00
146,7.91,0.460199785,-0.887815385,270.1,807,4.62E+00
147,6.58,0.525471651,-0.850811109,269.5,807,-1.77E+00
148,7.2,0.693401828,-0.720551112,269.8,807,-8.44E+00
149,8.09,0.832921241,-0.553391549,270.1,808,-2.46E+01
150,6.37,0.817144898,-0.576432316,269.2,809,-7.34E+00
151,2.47,-0.29570805,-0.955278362,265.8,810,-7.53E+00
152,3.03,-0.903335293,-0.428935133,267.8,810,-6.99E+00
153,4.12,0.364876784,-0.931055816,270.8,811,-7.06E+00
154,4.62,0.273959219,-0.96174131,271,811,-3.00E+00
155,5.36,0.368124553,-0.929776486,271.4,811,2.15E-01
156,5.29,0.416280792,-0.909236109,271.8,812,-4.40E+00
157,6,0.436801788,-0.899557779,271.7,812,0.00E+00
158,4.95,0.219846204,-0.975534544,271,812,-5.52E+00
159,4.83,0.202787295,-0.979222811,270.1,812,-6.39E+00
160,3.83,0.081938509,-0.996637387,269.2,812,0.00E+00
161,3.87,-0.233445364,-0.97236992,269.3,812,0.00E+00
162,3.53,-0.280666709,-0.959805292,268.2,812,0.00E+00
163,3.52,-0.807989884,-0.589196357,267.9,813,0.00E+00
164,3.48,-0.75470958,-0.656059029,267.6,813,0.00E+00
165,3.67,-0.782608157,-0.622514637,267.9,813,0.00E+00
166,3.84,-0.732542899,-0.680720869,268.6,813,-5.64E+00
167,4.1,-0.698415285,-0.715692734,269,814,1.07E+00
168,3.97,-0.557745109,-0.830012285,268.8,813,4.07E+00
169,3.96,-0.680720869,-0.732542899,268.7,813,-9.52E-01
170,3.89,-0.815127796,-0.579281172,268.7,813,-9.09E-01
171,3.69,-0.71447268,-0.699663341,269.3,814,-2.42E+00
172,3.55,-0.526955795,-0.849892693,270.4,814,-1.75E+01
173,4.34,-0.353474844,-0.935444031,271.3,814,0.00E+00
174,5.51,-0.325568154,-0.945518576,271.6,813,0.00E+00
175,5.93,-0.395545503,-0.918446381,271.5,813,-1.34E+01
176,6.32,-0.444635179,-0.89571176,271.3,814,-9.01E+00
177,5.83,-0.471011881,-0.882126866,272.9,814,-1.86E+00
178,4.65,-0.522498565,-0.852640164,274.1,813,3.97E+00
179,4.58,-0.577857624,-0.81613759,275.4,813,7.70E+00
180,4.37,-0.623879597,-0.781520472,275.9,813,4.73E+00
181,4.51,-0.553391549,-0.832921241,275.7,813,4.82E+00
182,5.01,-0.322265695,-0.94664926,276.7,812,8.38E+00
183,3.29,-0.109734311,-0.993960955,276.3,812,7.68E+00
184,2.8,-0.988756381,-0.149535343,274.3,812,2.99E+00
185,4.15,-0.255445758,-0.966823389,271.7,809,-3.45E+00
186,2.33,-0.230049737,-0.973178873,270,810,2.58E+00
187,4.16,0.106264071,-0.994337944,271.5,809,-9.81E-01
188,3.7,0.564967003,-0.825113498,271.2,810,4.28E+00
189,4.08,0.860742027,-0.509041416,271.5,810,1.02E+01
190,4.04,0.522498565,-0.852640164,271.2,811,1.41E+01
191,2.52,0.194234351,-0.980955155,272,810,1.40E+01
192,3.39,-0.443071191,-0.89648643,272.3,811,1.15E+01
193,3.92,-0.547563223,-0.836764313,273,810,6.88E+00
194,3.67,-0.359996808,-0.932953535,273,810,3.03E+00
195,3.98,-0.392337117,-0.919821497,273.4,810,2.25E+00
196,4.09,-0.480223497,-0.877146164,272.1,810,3.06E+00
197,4.62,-0.450877541,-0.892585818,272.8,809,8.36E+00
198,5.33,-0.489382452,-0.872069272,273.7,809,6.59E+00
199,6.59,-0.457097927,-0.889416373,274.8,808,6.73E+00
200,6.77,-0.397147891,-0.917754626,275.4,808,6.61E+00
201,6.93,-0.417867074,-0.908508178,275.7,807,-4.11E-01
202,8.46,-0.41310443,-0.910683661,275.9,807,-6.41E+00
203,6.57,-0.478691858,-0.877982975,276.3,806,-5.38E+00
204,7.97,-0.461748613,-0.887010833,276.3,805,-8.04E+00
205,6.41,-0.424199423,-0.905568799,276.1,804,5.47E+00
206,5.4,-0.376224263,-0.926528631,276.6,803,1.14E+01
207,10.1,-0.13225639,-0.99121554,276.4,802,1.30E+01
208,9.17,-0.236838146,-0.97154912,275.9,803,1.29E+01
209,12.94,-0.139173101,-0.990268069,276.7,799,1.09E+01
210,7,-0.13225639,-0.99121554,275.7,801,1.25E+01
211,4.96,-0.17708474,-0.984195608,275,802,9.30E+00
212,5.13,-0.318959309,-0.94776841,274.6,802,6.17E+00
213,6.16,-0.209618563,-0.977783237,274.8,801,5.79E+00
214,5.41,-0.238533458,-0.97113428,274.6,801,6.79E+00
215,5.11,-0.325568154,-0.945518576,273.8,801,1.25E+01
216,5.14,-0.376224263,-0.926528631,273.7,800,-5.29E-01
217,6.73,-0.350207381,-0.936672189,274.7,800,1.09E+00
218,8.62,-0.262189179,-0.965016494,275.4,799,-1.49E+00
219,8.81,-0.29570805,-0.955278362,275.6,798,-1.09E+01
220,11.09,-0.302369891,-0.953190668,276.2,797,-1.02E+01
221,11.17,-0.270600446,-0.962691746,276.3,797,1.38E+00
222,10.93,-0.318959309,-0.94776841,275.6,796,3.19E+00
223,5.48,-0.175366726,-0.98450318,274.9,796,-4.90E+00
224,2.97,0.617035875,0.786935022,272.9,797,-1.10E+00
225,1.83,0.888617233,0.458649554,274.5,797,3.93E+00
226,2.1,-0.594822787,0.803856861,275,797,1.08E+01
227,0.98,-0.342020143,0.939692621,275.4,797,1.44E+01
228,3.67,0.657375246,0.753563392,273.9,797,1.23E+01
229,6.47,0.865151421,-0.501510737,265.7,797,1.34E+01
230,6.49,0.825113498,-0.564967003,265,797,9.30E+00
231,7.42,0.805928282,-0.592013179,263.7,797,2.74E+00
232,6.95,0.791223533,-0.61152704,262,799,9.49E+00
233,5.7,0.780430407,-0.625242656,261.2,800,5.58E+00
234,6.17,0.739631095,-0.673012514,260.4,802,1.10E+01
235,6.95,0.661311865,-0.75011107,258.9,802,6.53E+00
236,10.85,0.724171861,-0.689619544,260.7,802,-1.07E+01
237,10.44,0.718126298,-0.695912797,260.1,803,-2.18E+01
238,10.27,0.720551112,-0.693401828,260,804,-2.24E+01
239,9.41,0.726574671,-0.687087511,260.1,804,-1.95E+01
240,8.97,0.690882411,-0.722967146,260.1,804,-2.10E+01
241,10.11,0.670426619,-0.741975841,259.6,805,-1.81E+01
242,7.9,0.69465837,-0.7193398,259.3,805,-2.18E+01
243,7.12,0.683273774,-0.730162277,259,805,-3.55E+01
244,6.92,0.62114778,-0.783693457,258.9,806,-3.05E+01
245,6.32,0.689619544,-0.724171861,259,806,-2.19E+01
246,10.07,0.74779809,-0.663926213,259.7,807,-2.15E+01
247,9.21,0.70463421,-0.709570737,258.7,808,-2.54E+01
248,7.22,0.69465837,-0.7193398,259,809,-3.03E+01
249,4.74,0.633380873,-0.77384021,259.7,810,-3.18E+01
250,5.45,0.63742399,-0.770513243,261.1,810,-2.83E+01
251,6.69,0.590605668,-0.806960312,262.6,810,-2.85E+01
252,7.13,0.528438335,-0.848971688,263.1,811,-2.63E+01
253,6.73,0.493941867,-0.86949493,263.4,812,-2.59E+01
254,5.62,0.516533329,-0.856267085,263.8,812,-2.70E+00
255,3.47,0.685818353,-0.727772758,264.1,811,-1.02E+01
256,1.52,0.027921639,0.999610115,262.7,811,-1.61E+01
257,4.87,-0.083677843,-0.996492859,262.7,811,-1.48E+01
258,4.51,-0.15126082,-0.988493887,263.1,811,-1.67E+01
259,4.41,-0.322265695,-0.94664926,263.5,811,-1.55E+01
260,4.74,-0.328866647,-0.94437637,264.2,810,-2.06E+01
261,5.03,-0.546101961,-0.837718717,263.5,810,-1.09E+01
262,4.7,-0.575005252,-0.818149717,264,809,1.00E+01
263,5.1,-0.707106781,-0.707106781,264.5,809,1.36E+01
264,4.45,-0.733729865,-0.679441304,265.6,808,9.43E+00
265,3.62,-0.515038075,-0.857167301,265.5,807,2.80E+00
266,2.92,-0.648119901,-0.761538308,266.8,806,3.56E+00
267,3.44,-0.584957675,-0.811063819,264.6,806,4.20E+00
268,4.97,-0.596224875,-0.802817475,266.4,805,1.90E+00
269,5.54,-0.566406237,-0.824126189,266.3,805,2.03E+00
270,4.41,-0.235142113,-0.971961001,268.2,805,1.10E+00
271,3.78,-0.192521967,-0.981292664,266.8,805,1.85E+00
272,0.51,0.1719291,-0.985109326,266.5,807,1.60E+00
273,1.48,0.710799474,0.703394703,266.1,809,2.17E+00
274,3.48,0.864274802,-0.503019947,267,809,1.87E+00
275,4.3,0.99853667,-0.054078813,266.5,811,2.90E+00
276,3.83,0.97957525,0.201077921,264.3,813,2.03E+00
277,3.02,0.949425478,0.313992456,263.3,814,8.96E-01
278,1.96,0.991444861,0.130526192,263,815,5.54E-01
279,0.98,0.984807753,0.173648178,263.5,815,8.42E-01
280,0.38,0.79335334,0.608761429,263.1,816,8.20E-01
281,1.58,-0.638767818,-0.769399555,259.7,815,2.97E+00
282,2.76,-0.512042865,-0.858959897,260,817,1.91E+00
283,2.93,-0.670426619,-0.741975841,261.1,817,1.60E+00
284,3.71,-0.187381315,-0.982287251,262.6,817,1.21E+00
285,3.2,-0.107999356,-0.994150964,263.1,816,1.14E+00
286,3.33,0.087155743,-0.996194698,263.4,816,1.57E+00
287,2.21,-0.384295323,-0.923210217,262.3,817,1.53E+00
288,2.78,-0.589196357,-0.807989884,261.3,818,2.17E+00
289,4.13,0.01396218,-0.999902524,263.3,816,1.44E+00
290,5.09,0.152985836,-0.988228381,264.6,816,9.32E-01
291,5.45,0.09931975,-0.99505557,264.9,817,1.45E+00
292,5.14,-0.031410759,-0.99950656,265.1,817,7.51E-01
293,4.07,-0.265556117,-0.964095404,264.9,817,2.26E+00
294,4.33,-0.170209499,-0.985407898,266.2,817,3.23E+00
295,4.52,-0.104528463,-0.994521895,267,817,3.89E+00
296,3.55,-0.346935652,-0.937888935,266.9,817,4.22E+00
297,5.4,0.0662739,-0.997801468,269.4,817,3.58E+00
298,4.88,0.055821505,-0.998440764,269.8,816,3.64E+00
299,5.38,0.121869343,-0.992546152,270.3,816,9.53E+00
300,5.97,0.154710386,-0.987959866,271,816,1.27E+01
301,6.33,0.195946144,-0.980614659,271.3,816,1.06E+01
302,6.35,0.257132793,-0.966376079,271.4,815,6.85E+00
303,5.87,0.312334919,-0.949972052,271.1,815,4.79E+00
304,4.83,0.285688367,-0.958322574,270.3,816,4.53E+00
305,3.04,0.166768747,-0.985996037,269,815,2.59E+00
306,3.79,0.076719028,-0.997052752,265.9,816,3.91E+00
307,4.29,0.250380004,-0.96814764,267.4,816,3.56E+00
308,4.64,0.192521967,-0.981292664,267.7,816,2.69E+00
309,4.5,0.33545157,-0.942057453,267.9,815,9.52E-01
310,5.2,0.41310443,-0.910683661,268.4,816,-2.72E+00
311,5.77,0.457097927,-0.889416373,268.2,816,-9.50E+00
312,6.07,0.48633538,-0.873772223,267.7,817,1.98E-02
313,6.05,0.387515586,-0.921863152,267.3,817,-4.42E+00
314,5.93,0.364876784,-0.931055816,267,817,-1.06E+01
315,4.93,0.280666709,-0.959805292,266.8,817,-1.42E+01
316,3.91,-0.328866647,-0.94437637,264.3,817,-2.06E+01
317,4.34,0.123601477,-0.992331938,267.1,816,0.00E+00
318,6.84,0.513541252,-0.858064906,269.2,815,-1.64E+01
319,8.83,0.653420604,-0.756995056,269.5,815,-1.35E+01
320,10.16,0.661311865,-0.75011107,269.4,815,-7.13E+00
321,11.07,0.612907054,-0.790155012,269.6,815,0.00E+00
322,8.93,0.509041416,-0.860742027,269,814,-1.29E+01
323,9.91,0.556295616,-0.830984469,269.2,814,-6.94E+00
324,10.32,0.6059884,-0.795473481,269.3,814,0.00E+00
325,10.56,0.625242656,-0.780430407,268.7,814,-2.54E+01
326,10.33,0.662620048,-0.748955721,268,814,-1.03E+00
327,10.29,0.776046407,-0.630675807,266.6,814,0.00E+00
328,10.48,0.81613759,-0.577857624,265,814,-1.65E+01
329,7.77,0.865151421,-0.501510737,265.9,813,0.00E+00
330,6.41,0.89648643,-0.443071191,264.5,815,0.00E+00
331,3.27,0.871213811,-0.490903754,260.9,815,-2.64E+01
332,1.51,-0.952661481,0.304033061,257.9,815,0.00E+00
333,4.54,-0.776046407,0.630675807,258.6,816,-1.00E+01
334,4.33,-0.997052752,-0.076719028,256.2,817,-1.41E+01
335,3.92,-0.917754626,-0.397147891,253.4,818,-2.19E+01
336,3.64,-0.705871571,-0.708339838,251.5,819,-2.29E+01
337,3.24,-0.206204185,-0.978508985,251.1,818,0.00E+00
338,2.79,0.094108313,-0.995561965,251,818,0.00E+00
339,2.43,-0.909961271,-0.414693243,250.5,819,0.00E+00
340,1.9,-0.282341457,-0.959313975,249.8,820,0.00E+00
341,4.5,0.784776371,-0.619779032,251.2,820,0.00E+00
342,6.23,0.820151876,-0.572145873,251.7,820,0.00E+00
343,7.48,0.850811109,-0.525471651,251.9,820,-5.42E+00
344,8.07,0.868631514,-0.495458668,252.5,820,0.00E+00
345,6.67,0.924546034,-0.381070376,253,820,-4.27E+00
346,5.47,0.962217994,-0.272280247,253.5,821,-1.01E+01
347,4.5,0.982612797,-0.185666615,254.4,821,-7.91E+00
348,4.9,0.964095404,-0.265556117,255.1,822,-5.18E+00
349,4.26,0.970295726,-0.241921896,255.6,822,-4.34E+00
350,1.76,0.778243149,0.627963058,255.6,822,-4.12E+00
351,1.61,0.987959866,-0.154710386,255.3,823,-5.98E-01
352,1.76,0.537299608,-0.843391446,253.4,823,-1.58E+01
353,4.18,-0.419452082,-0.907777479,248.2,822,0.00E+00
354,3.98,0.328866647,-0.94437637,247.9,822,-2.15E+01
355,4.43,0.577857624,-0.81613759,249.5,823,-1.69E+01
356,4.49,0.405141587,-0.914253955,250.1,823,-1.62E+01
357,4.55,0.516533329,-0.856267085,250.7,822,-1.62E+01
358,3.96,0.622514637,-0.782608157,250.4,823,-1.49E+01
359,4.45,0.444635179,-0.89571176,251.6,824,-1.40E+01
360,4.6,0.54170821,-0.840566603,252.4,823,-8.03E+00
361,4.47,0.33873792,-0.940880769,253.2,823,-3.21E+00
362,4.56,-0.06279052,-0.998026728,254.9,822,-8.04E+00
363,4.53,-0.0975829,-0.9952274,255.4,823,-1.01E+01
364,4.53,-0.127064609,-0.991894443,255.8,823,1.32E+00
365,4.54,-0.055821505,-0.998440764,257.6,822,4.32E+00
366,4.51,-0.02094242,-0.999780683,258.6,822,8.41E+00
367,4.52,-0.00698126,-0.999975631,259.2,822,1.14E+01
368,4.22,-0.022687334,-0.999742609,260.2,822,1.02E+01
369,3.57,-0.09931975,-0.99505557,263.9,822,6.94E+00
370,3.34,-0.211324796,-0.977415894,266.8,821,7.13E+00
371,3.61,-0.397147891,-0.917754626,268.2,821,6.37E+00
372,4.65,-0.405141587,-0.914253955,268.5,821,4.37E+00
373,4.86,-0.385906042,-0.922538089,269,821,3.94E+00
374,4.62,-0.384295323,-0.923210217,269.6,820,7.40E+00
375,4.81,-0.374606593,-0.927183855,268.9,819,1.37E+01
376,5.21,-0.325568154,-0.945518576,267.4,820,1.30E+01
377,5.98,-0.390731128,-0.920504853,266.9,817,1.35E+01
378,5.81,-0.323917418,-0.946085359,267.5,817,1.16E+01
379,5.39,-0.36325123,-0.931691228,267.2,817,1.06E+01
380,5.09,-0.39394191,-0.919135339,267.5,817,1.12E+01
381,5.21,-0.297374874,-0.9547608,267.9,816,1.03E+01
382,4.95,-0.238533458,-0.97113428,267.7,816,8.27E+00
383,4.85,-0.113203214,-0.993571856,267.4,817,7.35E+00
384,5.05,0.221548498,-0.975149354,268.8,818,6.91E+00
385,5.13,0.463296035,-0.886203579,269.5,817,5.24E+00
386,4.8,0.5,-0.866025404,267.3,817,6.54E+00
387,5.42,0.435231099,-0.900318771,269,818,1.32E+01
388,6.16,0.549022818,-0.835807361,270.2,818,1.17E+01
389,6.36,0.638767818,-0.769399555,270.4,818,5.06E+00
390,5.31,0.640109699,-0.768283524,270.1,818,1.50E+00
391,4.39,0.392337117,-0.919821497,267.2,818,-1.72E+00
392,5.05,0.521009632,-0.853550797,270.3,819,-2.78E+00
393,5.71,0.5,-0.866025404,271.7,819,-4.33E+00
394,6.9,0.54317445,-0.839619865,272.4,819,-6.96E+00
395,7.52,0.589196357,-0.807989884,272.4,819,-2.06E+00
396,6.59,0.569279523,-0.822144041,272.8,820,-2.01E+00
397,4.55,0.48480962,-0.874619707,273.5,820,-3.13E+00
398,4.53,0.382683432,-0.923879533,272.9,820,-1.20E+01
399,4.93,0.267238376,-0.963630453,271.9,820,-7.72E+00
400,4.85,0.036643709,-0.999328394,271,820,-1.01E+01
401,5.69,-0.06279052,-0.998026728,270.8,818,-1.01E+01
402,5.4,-0.267238376,-0.963630453,270,818,-2.16E+01
403,5.1,-0.596224875,-0.802817475,269.4,817,-2.30E+01
404,5.83,-0.382683432,-0.923879533,270.9,817,-1.79E+00
405,6.37,-0.26387305,-0.964557418,272.6,816,1.79E+00
406,6.75,-0.104528463,-0.994521895,272.7,817,-9.97E-01
407,5.93,-0.128795597,-0.991671162,273,817,4.65E+00
408,5.51,-0.057564027,-0.998341817,273,816,-3.80E+00
409,5.44,0.290702194,-0.956813584,273.1,816,-5.14E+00
410,5.25,0.359996808,-0.932953535,272.6,816,2.47E+00
411,5.02,0.449318999,-0.893371388,271.8,816,-2.48E+00
412,4.72,0.504527624,-0.863395551,273.7,816,-6.27E-01
413,4.63,0.328866647,-0.94437637,272.6,816,-1.02E+00
414,4.54,0.081938509,-0.996637387,272.8,815,-5.45E-02
415,4.6,-0.149535343,-0.988756381,272.6,815,1.23E+00
416,5.68,-0.252069358,-0.96770917,274.5,815,4.19E+00
417,6.61,-0.330514393,-0.943800952,274.6,815,5.50E+00
418,6.22,-0.529919264,-0.848048096,274.8,815,-4.63E+00
419,6.52,-0.467929814,-0.88376563,275.5,814,1.87E+00
420,6.83,-0.40833046,-0.912834177,276.4,814,4.19E+00
421,6.59,-0.422618262,-0.906307787,276.7,814,2.51E+00
422,6.48,-0.452434709,-0.89179753,276.4,813,8.84E+00
423,7.35,-0.275637356,-0.961261696,276.7,813,1.11E+01
424,6.77,-0.262189179,-0.965016494,276.1,813,8.43E+00
425,7.22,-0.202787295,-0.979222811,276.4,810,4.36E+00
426,5.47,-0.214735327,-0.976672278,275.8,810,4.51E+00
427,6.18,-0.083677843,-0.996492859,275.6,810,6.27E+00
428,5.24,-0.104528463,-0.994521895,276,810,1.22E+01
429,5.34,-0.125333234,-0.992114701,276.1,810,1.34E+01
430,5.08,-0.253757945,-0.967267753,276.5,809,6.20E+00
431,5.03,-0.680720869,-0.732542899,274.6,810,5.65E+00
432,5.29,-0.587785252,-0.809016994,274.7,810,3.52E+00
433,7.13,-0.457097927,-0.889416373,275.9,808,4.88E-02
434,10.14,-0.409923034,-0.912120116,276.4,807,2.57E+00
435,11.41,-0.304033061,-0.952661481,276.4,807,2.40E+00
436,10.03,-0.472550765,-0.881303452,276.2,808,1.70E+00
437,9.29,-0.522498565,-0.852640164,276.2,807,2.03E+00
438,8,-0.652098404,-0.758134336,276,806,7.42E-01
439,8.42,-0.586372357,-0.81004164,274.9,805,-1.35E-01
440,7.69,-0.61152704,-0.791223533,274.3,806,-2.40E+00
441,7.22,-0.633380873,-0.77384021,274.6,805,-2.02E+00
442,6.46,-0.381070376,-0.924546034,274.9,804,1.39E+00
443,8.45,-0.15126082,-0.988493887,275.5,804,2.79E+00
444,10.29,-0.118403968,-0.992965508,275.9,803,-6.50E+00
445,9.6,-0.0975829,-0.9952274,276.1,803,1.23E+01
446,9.89,-0.095845753,-0.995396198,276.1,802,5.03E+00
447,8.94,-0.133986185,-0.9909832,276.2,802,1.13E+01
448,5.47,-0.154710386,-0.987959866,275.6,803,1.42E+01
449,3.37,-0.720551112,-0.693401828,270.6,802,1.42E+01
450,3.49,-0.804893797,-0.593418887,270.2,803,1.39E+01
451,3.95,-0.617035875,-0.786935022,270.6,803,1.27E+01
452,1.61,-0.983254908,-0.182235525,269.7,803,-1.90E+00
453,2.53,-0.958322574,-0.285688367,269.7,804,1.28E+01
454,4.22,-0.455544907,-0.890212805,271.1,804,-1.18E+00
455,3.76,-0.48633538,-0.873772223,270.3,804,1.11E+01
456,3.77,-0.64678978,-0.76266833,271.1,805,1.43E+01
457,3.36,-0.06279052,-0.998026728,270,805,1.42E+01
458,2.99,-0.337095258,-0.941470545,268.5,806,1.32E+01
459,2.51,0.106264071,-0.994337944,269.5,806,7.87E+00
460,3.36,0.629320391,-0.777145961,267.7,807,1.22E+01
461,4.4,0.774944489,-0.632029303,267.5,807,1.41E+01
462,2.63,0.64412363,-0.764921401,265.1,807,1.46E+01
463,3.22,-0.971961001,-0.235142113,265.1,808,1.17E+00
464,2.23,-0.760405966,-0.649448048,264.5,809,9.12E-01
465,2.36,0.657375246,-0.753563392,267.3,809,-8.29E+00
466,2.27,0.81613759,-0.577857624,268.6,809,-6.89E+00
467,2.41,0.907777479,-0.419452082,269.3,810,-7.22E+00
468,2.36,0.996917334,-0.078459096,269.6,810,-6.42E+00
469,2.11,0.999876632,0.015707317,269.7,810,-5.77E+00
470,1.57,0.996041065,0.088894297,269.8,809,-4.17E+00
471,1.98,0.997801468,0.0662739,269.5,809,-2.38E+00
472,0.88,0.894154237,-0.447759088,269.1,810,-1.70E+00
473,3.24,0.460199785,0.887815385,268.6,808,-7.11E-01
474,2.65,0.549022818,0.835807361,268.4,809,-6.42E-01
475,3.72,0.562083378,0.827080574,268.1,809,6.24E+00
476,4.01,0.641449632,0.767165152,267.8,809,8.43E+00
477,3.02,0.744311546,0.667832555,266.8,809,1.53E+00
478,2.23,0.931691228,0.36325123,266.6,809,2.02E+00
479,1.09,0.22835087,-0.973578903,266.4,810,3.65E-01
480,2.25,0.833885822,-0.551936985,265.5,810,-1.02E+00
481,2.52,0.999815712,-0.019197442,266.1,809,6.15E-01
482,3.31,0.982287251,0.187381315,266.1,809,-1.75E+00
483,2.38,0.993571856,-0.113203214,266.4,809,-1.22E+01
484,1.86,0.996917334,0.078459096,266.4,809,-2.13E+01
485,2.97,0.964557418,0.26387305,266.6,809,-2.51E+01
486,3.59,0.931055816,0.364876784,266.6,809,-1.01E+01
487,2.81,0.914959668,0.403545296,266.2,809,-1.06E+01
488,4.25,0.977783237,0.209618563,266.2,810,-1.54E+01
489,3.97,0.957822495,0.28736052,266.3,809,-1.11E+01
490,4.43,0.958819735,0.284015345,266.3,810,-5.64E+00
491,4.45,0.933580426,0.35836795,266.5,810,-7.20E+00
492,4.41,0.939692621,0.342020143,267.1,810,-7.62E+00
493,4.3,0.970716482,0.240228042,267.4,810,-6.74E+00
494,4.36,0.973578903,0.22835087,267.5,810,-6.17E+00
495,3.97,0.992546152,0.121869343,267.3,810,-6.78E+00
496,3.83,0.994337944,-0.106264071,267,811,-6.78E+00
497,4.64,0.904827052,-0.425779292,267,810,-7.25E+00
498,4.3,0.910683661,-0.41310443,266.4,810,-8.15E+00
499,4.73,0.921863152,-0.387515586,266.1,811,-8.28E+00
500,5.77,0.908508178,-0.417867074,266.2,811,-9.42E+00
501,5.57,0.893371388,-0.449318999,265.9,811,-1.08E+01
502,4.25,0.815127796,-0.579281172,264,811,-1.09E+01
503,2.31,0.583541211,-0.812083527,260.9,811,-1.46E+01
504,2.54,-0.739631095,-0.673012514,260.3,812,-1.88E+01
505,3.59,0.438371147,-0.898794046,260.6,812,-8.90E+00
506,3.87,0.557745109,-0.830012285,260.8,811,-1.47E+01
507,3.72,0.268919821,-0.963162567,260.6,811,-2.70E+01
508,3.23,-0.022687334,-0.999742609,260.4,811,-2.64E+01
509,3.11,-0.166768747,-0.985996037,260.7,811,-3.41E+01
510,3.26,-0.154710386,-0.987959866,260.4,811,-1.20E+01
511,4.2,0.330514393,-0.943800952,261.3,811,0.00E+00
512,3.89,0.618408395,-0.785856893,264.1,811,-1.04E+01
513,3.71,0.730162277,-0.683273774,267.1,812,-2.27E+01
514,4.71,0.688354576,-0.725374371,268.6,812,-1.01E+01
515,3.03,0.579281172,-0.815127796,269.6,812,-4.97E+00
516,0.85,-0.455544907,-0.890212805,270.6,812,0.00E+00
517,2.18,0.00698126,-0.999975631,270.7,812,0.00E+00
518,2.99,0.05059294,-0.998719357,270.4,812,0.00E+00
519,1.85,-0.268919821,-0.963162567,269.9,812,0.00E+00
520,3.48,-0.973975967,-0.226651307,267.4,813,0.00E+00
521,7.12,0.553391549,-0.832921241,266.5,811,0.00E+00
522,6.37,0.74779809,-0.663926213,266.3,811,0.00E+00
523,5.85,0.625242656,-0.780430407,265.2,811,0.00E+00
524,5.64,0.727772758,-0.685818353,265.3,812,0.00E+00
525,5.11,0.67687597,-0.736097087,265.5,812,0.00E+00
526,5.53,0.760405966,-0.649448048,267.4,812,-3.66E+01
527,5.74,0.730162277,-0.683273774,267.7,812,7.18E-01
528,5.82,0.690882411,-0.722967146,267.8,813,3.65E+00
529,6.09,0.692143174,-0.721760228,267.8,813,-1.19E+00
530,5,0.685818353,-0.727772758,267.4,813,-1.97E+00
531,3.88,0.202787295,-0.979222811,266.3,813,-5.73E-01
532,5.02,0.284015345,-0.958819735,265.4,813,-3.65E+01
533,4.84,0.16848938,-0.985703469,265,813,0.00E+00
534,6.21,0.267238376,-0.963630453,265.4,813,0.00E+00
535,7.99,0.38912395,-0.921185406,266.1,813,0.00E+00
536,8.16,0.405141587,-0.914253955,266.6,815,-3.66E+01
537,7.48,0.385906042,-0.922538089,267.1,815,0.00E+00
538,6.39,0.392337117,-0.919821497,267,815,0.00E+00
539,7.09,0.36325123,-0.931691228,267.7,815,0.00E+00
540,6.41,0.346935652,-0.937888935,268.1,816,0.00E+00
541,6.43,0.36325123,-0.931691228,268,816,0.00E+00
542,5.85,0.267238376,-0.963630453,267.9,816,-1.09E+01
543,4.14,0.081938509,-0.996637387,267.3,816,-1.55E+01
544,4.72,0.166768747,-0.985996037,265.8,816,-1.54E+01
545,4.32,-0.224951054,-0.974370065,263.6,815,0.00E+00
546,4.27,-0.137444546,-0.990509463,263.4,815,0.00E+00
547,4.24,-0.255445758,-0.966823389,262.9,817,0.00E+00
548,4.26,-0.277314653,-0.960779154,263.1,816,0.00E+00
549,4.17,-0.47715876,-0.878817113,262.5,815,0.00E+00
550,4.18,-0.54024032,-0.841510782,262.6,816,0.00E+00
551,4.31,-0.705871571,-0.708339838,263.5,816,-3.11E+00
552,4.6,-0.601815023,-0.79863551,264.4,817,4.02E+00
553,4.93,-0.560638995,-0.828060335,264.3,816,6.36E+00
554,4.95,-0.572145873,-0.820151876,264.2,815,6.02E+00
555,4.91,-0.513541252,-0.858064906,264.7,816,-2.38E+00
556,4.76,-0.526955795,-0.849892693,265,816,-2.33E+00
557,4.36,-0.490903754,-0.871213811,264.9,815,4.07E+00
558,4.14,-0.554844427,-0.831954122,264.5,815,2.31E-01
559,4.72,-0.307356618,-0.951594404,266.9,814,-2.66E+00
560,6.66,0.012217001,-0.99992537,269.9,814,6.95E+00
561,6.88,0.104528463,-0.994521895,271.5,814,1.19E+01
562,6.11,0.057564027,-0.998341817,272.7,814,1.37E+01
563,5,-0.094108313,-0.995561965,274.1,814,1.32E+01
564,4.57,-0.483282383,-0.875464527,274.1,814,1.28E+01
565,5.4,-0.289031797,-0.957319498,274.5,814,1.36E+01
566,4.79,-0.245307386,-0.96944535,274.4,814,1.26E+01
567,5.44,-0.221548498,-0.975149354,274.2,814,1.32E+01
568,5.97,-0.285688367,-0.958322574,273.3,814,1.20E+01
569,5.47,0.027921639,-0.999610115,271.3,811,1.26E+01
570,4.52,-0.403545296,-0.914959668,269.8,812,1.16E+01
571,4.41,-0.650774217,-0.759271307,269.5,813,1.06E+01
572,4.47,-0.81613759,-0.577857624,269.6,813,7.57E+00
573,4.19,-0.794414621,-0.60737584,267.7,813,5.32E+00
574,4.35,-0.865151421,-0.501510737,268.8,813,3.91E+00
575,3.26,-0.731353702,-0.68199836,267.7,813,5.84E+00
576,4.74,-0.817144898,-0.576432316,270.5,813,1.18E+01
577,4.68,-0.786935022,-0.617035875,269.2,813,1.10E+01
578,3.42,-0.907777479,-0.419452082,266.2,812,4.80E+00
579,1.97,-0.4539905,-0.891006524,267.7,811,2.14E+00
580,8.9,-0.489382452,-0.872069272,271.1,811,3.59E+00
581,10.4,-0.535826795,-0.844327926,271,811,8.58E+00
582,10.57,-0.509041416,-0.860742027,270.7,810,3.81E+00
583,9.78,-0.489382452,-0.872069272,271,811,-2.70E+00
584,9.51,-0.463296035,-0.886203579,271.3,812,5.95E+00
585,8.45,-0.455544907,-0.890212805,272.3,811,1.46E+01
586,8.6,-0.487859659,-0.872922077,273.3,811,1.42E+01
587,7.79,-0.559192903,-0.829037573,274.2,810,1.18E+00
588,7.62,-0.712026046,-0.702153053,274.6,810,1.82E-01
589,6.81,-0.663926213,-0.74779809,275.3,810,1.57E-01
590,6.32,-0.495458668,-0.868631514,275.6,809,2.33E+00
591,5.2,-0.603207988,-0.797583929,275.5,808,1.50E+00
592,4.74,-0.603207988,-0.797583929,273.7,808,-1.66E+00
593,6.21,-0.41310443,-0.910683661,273.5,804,-4.47E+00
594,5,-0.599023599,-0.800731371,271.9,804,4.31E+00
595,4.94,-0.74779809,-0.663926213,271.7,803,1.22E+01
596,4.69,-0.687087511,-0.726574671,270.8,803,1.19E+01
597,5.13,-0.538770785,-0.842452397,270.5,802,9.57E+00
598,6.28,-0.519519112,-0.85445883,270.6,802,7.51E+00
599,6.42,-0.163325962,-0.986572162,270.4,802,8.06E+00
600,5.14,0.04884977,-0.998806137,269.2,802,-1.36E+01
601,5.21,0.178802215,-0.983885038,269.5,801,3.72E-01
602,7.09,0.430511097,-0.902585284,269.7,801,-3.47E+00
603,5.71,0.814115518,-0.580702956,267.8,801,-1.79E+01
604,2.79,0.299040792,-0.954240329,264.1,802,-5.80E-01
605,7.93,0.67687597,-0.736097087,266.9,802,1.25E+01
606,8.73,0.626603811,-0.779337965,266.9,803,7.68E+00
607,8.66,0.589196357,-0.807989884,266.7,804,1.31E+01
608,8.89,0.554844427,-0.831954122,266.9,805,8.36E+00
609,7.98,0.544639035,-0.838670568,267.3,806,1.07E+01
610,9.85,0.48480962,-0.874619707,267.1,806,1.36E+01
611,8.16,0.405141587,-0.914253955,267.2,807,-5.41E-01
612,8.57,0.297374874,-0.9547608,267.3,808,-7.81E+00
613,8.35,0.284015345,-0.958819735,267.3,808,-2.32E+01
614,9.26,0.22835087,-0.973578903,267,808,-2.13E+01
615,9.77,0.223250116,-0.974761194,266.7,809,-3.57E+01
616,8.59,0.231747903,-0.972775878,266.2,810,0.00E+00
617,5.23,-0.027921639,-0.999610115,266,811,0.00E+00
618,6.07,-0.076719028,-0.997052752,266.2,812,0.00E+00
619,6.38,0.012217001,-0.99992537,266,811,0.00E+00
620,6.76,0.036643709,-0.999328394,266.6,812,0.00E+00
621,5.52,-0.163325962,-0.986572162,266.3,812,-1.01E+01
622,4.91,-0.214735327,-0.976672278,266.8,812,-7.48E+00
623,4.94,-0.034899497,-0.999390827,265.5,812,-4.84E+00
624,6.76,0.125333234,-0.992114701,266,813,-3.65E+01
625,6.36,0.189095443,-0.981958713,266.1,813,-2.64E+00
626,6.71,0.345298199,-0.938493023,264.8,813,1.83E+00
627,6.93,0.382683432,-0.923879533,264.7,813,4.41E+00
628,5.92,0.323917418,-0.946085359,264.1,814,8.34E+00
629,5.67,0.230049737,-0.973178873,263.4,814,5.48E+00
630,6.6,0.253757945,-0.967267753,263.4,814,-2.71E+00
631,6.61,0.1719291,-0.985109326,263.3,815,7.75E-01
632,7.12,0.069756474,-0.99756405,263.7,815,2.17E+00
633,7.81,0.01396218,-0.999902524,265.1,816,-2.06E-01
634,6.93,-0.149535343,-0.988756381,265.1,816,-1.68E+01
635,7.2,-0.125333234,-0.992114701,265.8,816,0.00E+00
636,7.36,-0.185666615,-0.982612797,266.4,816,0.00E+00
637,6.72,-0.31067643,-0.950515732,267.3,816,-1.62E+01
638,5.89,-0.123601477,-0.992331938,267.6,816,0.00E+00
639,5.31,0.008726535,-0.999961923,267.6,816,0.00E+00
640,5.39,0.00698126,-0.999975631,266.8,816,-1.11E+01
641,4.26,-0.207911691,-0.978147601,264.8,816,0.00E+00
642,4.7,0.235142113,-0.971961001,265.3,816,0.00E+00
643,4.72,0.332161132,-0.943222658,265,816,0.00E+00
644,4.42,0.390731128,-0.920504853,265.3,816,0.00E+00
645,3.23,-0.275637356,-0.961261696,262.9,815,0.00E+00
646,2.95,-0.789084085,-0.6142852,262.9,815,0.00E+00
647,2.8,-0.963162567,0.268919821,263.6,815,-8.68E-01
648,3.77,-0.549022818,-0.835807361,265.9,815,-5.62E+00
649,5.84,-0.546101961,-0.837718717,265.9,815,-3.83E+00
650,6.07,-0.556295616,-0.830984469,266.1,814,7.61E+00
651,5.11,-0.416280792,-0.909236109,266.2,814,1.02E+01
652,5.29,-0.207911691,-0.978147601,266.7,814,5.51E+00
653,5.12,-0.221548498,-0.975149354,266.7,814,3.09E+00
654,5.14,-0.180519145,-0.983571471,267,814,6.83E-01
655,5.42,0.003490651,-0.999993908,267.7,814,6.15E-01
656,5.88,0.182235525,-0.983254908,267.5,815,-9.87E-02
657,7.57,0.457097927,-0.889416373,268.1,815,-8.01E-01
658,6.24,0.634730513,-0.772733573,268.3,816,-6.83E-01
659,5.69,0.724171861,-0.689619544,268.5,817,8.62E-02
660,5.83,0.778243149,-0.627963058,268.3,818,-1.20E+00
661,5.37,0.790155012,-0.612907054,267.9,819,-6.24E-01
662,4.77,0.780430407,-0.625242656,267.6,819,1.25E+01
663,3.52,0.760405966,-0.649448048,266.9,820,4.61E+00
664,1.2,-0.9909832,0.133986185,265.3,821,1.10E+00
665,2.52,-0.703394703,-0.710799474,261.2,821,-1.28E+00
666,3.04,-0.641449632,-0.767165152,261.8,821,-5.55E+00
667,3.28,-0.284015345,-0.958819735,261.7,822,-3.67E+00
668,3.68,-0.201077921,-0.97957525,262,821,1.27E+00
669,3.48,-0.128795597,-0.991671162,263.7,822,2.61E+00
670,3.54,-0.343659695,-0.939094252,261.7,822,2.80E+00
671,3.16,-0.175366726,-0.98450318,263.3,822,4.10E+00
672,3.64,-0.432085749,-0.901832526,262.6,823,4.39E+00
673,3.88,-0.323917418,-0.946085359,264,822,2.20E+00
674,3.99,-0.325568154,-0.945518576,264.4,821,1.13E+01
675,3.99,-0.54170821,-0.840566603,264.7,822,1.00E+01
676,4.14,-0.525471651,-0.850811109,265.3,822,7.84E+00
677,4.11,-0.472550765,-0.881303452,265.9,821,5.28E+00
678,4.02,-0.709570737,-0.70463421,265.7,820,1.74E-01
679,4.11,-0.64412363,-0.764921401,266.7,821,1.55E+00
680,4.14,-0.559192903,-0.829037573,268.1,821,2.98E+00
681,5.07,-0.102792537,-0.994702817,271.1,821,1.36E+00
682,4.09,-0.216439614,-0.976296007,271.9,820,-8.68E-01
683,2.61,-0.60737584,-0.794414621,273.1,820,-1.25E+00
684,3.76,-0.216439614,-0.976296007,273.6,820,-1.27E+00
685,3.78,-0.11493715,-0.993372766,274.1,820,-3.22E+00
686,4.81,-0.071497444,-0.997440783,274,819,-4.65E+00
687,6.97,-0.102792537,-0.994702817,274,819,-7.13E+00
688,7.45,-0.01396218,-0.999902524,273.8,818,-7.13E+00
689,4.43,-0.525471651,-0.850811109,272.4,817,-8.44E+00
690,4.92,-0.315649037,-0.948876012,273.2,818,-7.12E+00
691,4.57,-0.359996808,-0.932953535,272.9,817,4.77E+00
692,5.87,-0.15126082,-0.988493887,273.7,817,1.02E+01
693,5.42,-0.142628934,-0.989776231,274.5,816,9.94E+00
694,6.32,-0.106264071,-0.994337944,275,816,6.59E+00
695,5.45,-0.135715572,-0.99074784,274.7,816,1.29E+01
696,4.85,-0.231747903,-0.972775878,273.6,816,1.16E+01
697,4.41,-0.562083378,-0.827080574,272,815,4.96E+00
698,4.16,-0.804893797,-0.593418887,271.2,814,-1.68E+00
699,3.57,-0.769399555,-0.638767818,272.3,813,-8.67E+00
700,4.6,-0.270600446,-0.962691746,272.7,812,1.91E+00
701,7.01,0.033155178,-0.999450216,275.6,811,-6.56E+00
702,8.52,0.078459096,-0.996917334,276,811,2.21E+00
703,7.68,-0.05059294,-0.998719357,276.1,811,-2.66E+00
704,7.79,-0.142628934,-0.989776231,275.6,811,1.23E+01
705,7.1,-0.087155743,-0.996194698,275.9,811,1.29E+01
706,7.34,-0.241921896,-0.970295726,276,811,1.06E+01
707,7.35,-0.503019947,-0.864274802,275.5,810,1.30E+01
708,8.39,-0.46638664,-0.884580975,275.4,809,1.42E+01
709,7.4,-0.350207381,-0.936672189,275.8,809,1.18E+01
710,7.53,-0.406736643,-0.913545458,276,807,3.59E+00
711,8.88,-0.364876784,-0.931055816,276,806,3.76E+00
712,8.19,-0.190808995,-0.981627183,275.7,806,2.79E+00
713,3.55,0.371367836,-0.928485827,273.3,804,-1.20E+00
714,1.76,0.317304656,-0.948323655,269.1,805,-2.05E+00
715,3.58,0.903335293,-0.428935133,269.6,805,-1.09E+00
716,0.53,0.570713568,-0.821149209,269.1,806,1.43E+00
717,2.09,0.481753674,-0.87630668,268.9,806,-1.75E+00
718,1.79,-0.743144825,-0.669130606,267.1,807,-3.17E+00
719,3.07,-0.255445758,-0.966823389,266,807,-3.17E+00
720,2.57,-0.231747903,-0.972775878,267,808,1.12E+00
721,3.45,-0.327217899,-0.944948912,264.7,807,2.75E+00
722,3.05,-0.63742399,-0.770513243,263.7,807,2.23E-01
723,3.6,-0.165047606,-0.986285602,265.2,807,-9.47E+00
724,4.14,0.073238197,-0.997314477,264.7,807,-4.31E+00
725,4.58,0.144356201,-0.989525789,264.6,807,-4.98E+00
726,5.31,0.202787295,-0.979222811,264.7,807,-3.11E+01
727,5.7,0.292371705,-0.956304756,264.6,807,0.00E+00
728,6.49,0.355106962,-0.934825676,265.1,807,0.00E+00
729,5.76,0.241921896,-0.970295726,265.5,807,0.00E+00
730,6.97,0.337095258,-0.941470545,266,807,0.00E+00
731,7.49,0.409923034,-0.912120116,266.5,807,0.00E+00
732,7.57,0.382683432,-0.923879533,267.1,807,0.00E+00
733,7.54,0.392337117,-0.919821497,267.2,807,-3.47E+00
734,7.13,0.369746757,-0.929132572,266.9,807,-4.68E-01
735,6.25,0.39394191,-0.919135339,266.6,808,-1.16E+00
736,6.27,0.496973961,-0.867765453,265.8,808,-1.94E+00
737,3.15,0.848048096,-0.529919264,266.5,807,0.00E+00
738,3.16,0.297374874,-0.9547608,262.4,809,0.00E+00
739,2.87,0.973578903,-0.22835087,265.9,809,0.00E+00
740,1.08,-0.04884977,-0.998806137,261.1,810,0.00E+00
741,3.32,-0.507538363,-0.86162916,259.6,810,0.00E+00
742,3.83,0.305695305,-0.952129393,260.2,810,0.00E+00
743,4.54,0.436801788,-0.899557779,260.7,811,0.00E+00
744,5.19,0.387515586,-0.921863152,260.6,811,-2.52E+01
745,5.5,0.342020143,-0.939692621,260.7,811,-2.87E+00
746,5.83,0.384295323,-0.923210217,261,811,2.02E+00
747,5.89,0.355106962,-0.934825676,261,811,1.95E+00
748,5.95,0.414693243,-0.909961271,260.9,812,-2.10E+00
749,5.78,0.443071191,-0.89648643,260.5,812,0.00E+00
750,5.64,0.449318999,-0.893371388,260.6,812,0.00E+00
751,5.02,0.417867074,-0.908508178,260.6,813,-9.28E+00
752,5.4,0.461748613,-0.887010833,261.3,814,-1.09E+01
753,5.06,0.496973961,-0.867765453,262.5,815,-1.00E+00
754,4.92,0.398749069,-0.917060074,263.5,815,3.62E+00
755,4.93,0.268919821,-0.963162567,264.1,815,9.84E+00
756,5.36,0.213030386,-0.977045574,264.4,815,-6.79E-01
757,5.57,0.238533458,-0.97113428,264.6,815,-2.23E+01
758,6,0.267238376,-0.963630453,264.6,815,-3.04E+01
759,6.11,0.260504509,-0.965472631,264.3,815,-5.03E+00
760,5.43,0.194234351,-0.980955155,263.9,815,-2.69E+00
761,4.4,-0.15126082,-0.988493887,264.2,815,-8.44E+00
762,5.79,-0.135715572,-0.99074784,264.4,815,-1.21E+01
763,5.3,-0.267238376,-0.963630453,264.4,816,-1.13E+01
764,5.01,-0.248689887,-0.968583161,264.4,816,-2.04E+00
765,5.05,-0.204496052,-0.978867389,264.5,815,2.98E+00
766,5.24,-0.245307386,-0.96944535,264.7,815,5.61E+00
767,5.36,-0.16848938,-0.985703469,265.2,815,7.19E+00
768,5.61,-0.424199423,-0.905568799,264.7,815,1.27E+01
769,5.39,-0.450877541,-0.892585818,264.6,815,1.33E+01
770,5.39,-0.346935652,-0.937888935,265.1,814,1.41E+01
771,4.97,-0.182235525,-0.983254908,265.5,814,1.41E+01
772,5.72,-0.09063258,-0.995884399,266.3,814,1.40E+01
773,6.75,0.003490651,-0.999993908,266.6,813,1.31E+01
774,6.8,0.102792537,-0.994702817,266.9,812,1.43E+01
775,5.92,0.195946144,-0.980614659,267.3,812,1.25E+01
776,6.95,0.154710386,-0.987959866,268.2,813,1.37E+01
777,5.89,0.087155743,-0.996194698,269.2,813,1.43E+01
778,4.45,0.033155178,-0.999450216,270.6,813,1.40E+01
779,3.93,-0.147809411,-0.989015863,271.1,813,9.62E+00
780,4.35,0.001745328,-0.999998477,271.5,814,7.77E+00
781,4.08,-0.045362988,-0.99897057,271.8,813,9.31E+00
782,3.16,-0.02094242,-0.999780683,272.1,812,1.04E+01
783,2.75,-0.088894297,-0.996041065,272.6,811,9.25E+00
784,1.81,-0.161603821,-0.986855716,272.4,812,7.64E+00
785,3.35,-0.469471563,-0.882947593,270.7,811,1.11E+01
786,2.9,-0.990509463,-0.137444546,269.7,811,1.25E+01
787,3.28,-0.992546152,0.121869343,270.1,810,1.13E+01
788,3.37,-0.989272333,-0.146083029,271.1,810,8.28E+00
789,3.19,-0.190808995,-0.981627183,271.5,808,1.14E+01
790,5.18,0.144356201,-0.989525789,271.9,808,4.18E+00
791,5.08,-0.245307386,-0.96944535,271.5,808,1.39E+00
792,7.72,-0.190808995,-0.981627183,272,807,-1.17E+00
793,7.53,-0.111468932,-0.993767919,272.4,806,-4.37E+00
794,7.83,0.057564027,-0.998341817,272.3,806,-2.76E+00
795,8.16,0.366501227,-0.930417568,271.9,807,-3.73E+00
796,8.2,0.428935133,-0.903335293,270.7,807,2.47E-01
797,9.47,0.489382452,-0.872069272,270.3,806,1.30E+00
798,9.75,0.463296035,-0.886203579,270.1,806,1.18E+01
799,9.34,0.441505853,-0.89725837,269.9,806,6.30E+00
800,9.87,0.436801788,-0.899557779,270.6,806,-5.71E-01
801,8.65,0.421035813,-0.907044014,271,806,-1.59E+01
802,7.92,0.289031797,-0.957319498,271.8,806,-3.09E+01
803,7,0.226651307,-0.973975967,272.1,806,0.00E+00
804,7.16,0.15126082,-0.988493887,272.6,806,-1.69E+01
805,7.63,0.34037955,-0.940288127,272.9,806,-8.97E+00
806,7.29,0.472550765,-0.881303452,272.6,805,0.00E+00
807,6.1,0.443071191,-0.89648643,272.4,805,0.00E+00
808,3.15,0.546101961,-0.837718717,271.8,805,0.00E+00
809,3.31,0.724171861,-0.689619544,264.4,806,0.00E+00
810,2.03,0.33873792,-0.940880769,263.7,805,-2.26E+01
811,4.24,0.49848774,-0.866896749,264.3,805,0.00E+00
812,8.09,0.604599115,-0.796529918,264.1,806,0.00E+00
813,6.05,0.662620048,-0.748955721,260.6,807,0.00E+00
814,5.36,0.626603811,-0.779337965,259.4,807,0.00E+00
815,3.78,0.731353702,-0.68199836,258.4,807,0.00E+00
816,1.25,0.997185134,0.074978727,257.3,809,-5.72E+00
817,1.83,0.830984469,-0.556295616,255.8,810,-1.22E+01
818,2.59,0.909961271,-0.414693243,254.8,809,-1.26E+01
819,3,0.882947593,-0.469471563,254,809,-1.63E+01
820,1.38,0.986572162,-0.163325962,252.7,810,-1.91E+01
821,0.95,-0.791223533,-0.61152704,252.5,811,-3.36E+01
822,1.01,0.233445364,-0.97236992,253.2,811,-3.01E+01
823,1.58,0.125333234,-0.992114701,253.6,811,-2.46E+01
824,3.66,0.409923034,-0.912120116,255.2,812,-2.09E+01
825,4.99,0.41310443,-0.910683661,257.9,812,-1.70E+01
826,4.41,0.469471563,-0.882947593,260.4,811,-1.57E+01
827,3.71,0.458649554,-0.888617233,262.1,811,-1.73E+01
828,3.6,0.22835087,-0.973578903,262.8,811,-1.98E+01
829,3.77,0.022687334,-0.999742609,263,810,-1.79E+01
830,4.72,-0.182235525,-0.983254908,263.1,809,-2.68E+01
831,5.55,-0.152985836,-0.988228381,263.4,808,-1.37E+01
832,6.84,-0.09063258,-0.995884399,263.3,807,-2.33E+01
833,7.76,-0.059306374,-0.998239828,265.8,806,-3.28E+01
834,8.05,-0.034899497,-0.999390827,267.2,805,0.00E+00
835,8.16,-0.081938509,-0.996637387,268.7,805,0.00E+00
836,7.13,-0.123601477,-0.992331938,269.5,805,0.00E+00
837,6.52,-0.159881188,-0.987136265,270.2,803,9.83E+00
838,9.64,-0.204496052,-0.978867389,271.8,801,9.05E+00
839,10.35,-0.182235525,-0.983254908,273.1,801,8.56E+00
840,10.58,-0.069756474,-0.99756405,272.1,802,8.99E+00
841,10.52,0.109734311,-0.993960955,272.7,801,9.16E+00
842,11.19,0.282341457,-0.959313975,273.1,801,1.27E+01
843,10.29,0.544639035,-0.838670568,272.4,800,1.20E+01
844,6.56,0.464842046,-0.885393626,270.8,802,1.21E+01
845,5.18,0.718126298,-0.695912797,269,802,1.35E+01
846,2.52,0.414693243,-0.909961271,265.8,803,1.35E+01
847,2.03,0.697165103,0.716910608,264.6,805,3.56E+00
848,2.93,0.984195608,-0.17708474,262.6,806,-1.96E+00
849,2.68,0.936672189,-0.350207381,262,807,-3.56E+00
850,1.61,0.992114701,0.125333234,262.5,808,-7.80E+00
851,1.28,0.921185406,-0.38912395,264,808,-2.42E+00
852,1.72,0.857167301,-0.515038075,264.9,809,-1.84E+01
853,1.35,0.866896749,-0.49848774,265.3,809,-2.36E+01
854,1.06,0.75011107,-0.661311865,266.1,809,-6.32E+00
855,0.74,-0.734914595,-0.67815967,266.6,809,-3.86E-01
856,1.43,-0.551936985,0.833885822,264.8,810,1.70E+00
857,1.47,-0.083677843,0.996492859,262.9,810,1.37E+00
858,1.55,0.328866647,0.94437637,260,809,7.05E+00
859,0.84,-0.356737999,0.934204474,258.1,810,1.77E+00
860,0.43,-0.999328394,-0.036643709,258.1,811,-2.56E+00
861,2.17,-0.634730513,-0.772733573,259.7,810,-3.16E+00
862,2.73,-0.751264134,-0.660001668,260.2,810,-3.89E+00
863,4.11,-0.63742399,-0.770513243,260.6,810,-3.67E+00
864,4.39,-0.657375246,-0.753563392,261.5,810,1.56E+00
865,5.62,-0.670426619,-0.741975841,262.5,809,2.22E+00
866,6.95,-0.660001668,-0.751264134,262.9,808,-4.28E+00
867,5.9,-0.590605668,-0.806960312,262.9,807,-6.52E+00
868,5.96,-0.525471651,-0.850811109,263.3,808,-8.57E+00
869,5.88,-0.422618262,-0.906307787,264.5,807,-1.20E+01
870,6.09,-0.260504509,-0.965472631,265.3,806,-1.17E+01
871,6.22,-0.076719028,-0.997052752,265.6,806,-8.40E+00
872,7.59,0.216439614,-0.976296007,266.8,807,-8.82E+00
873,7.15,0.204496052,-0.978867389,267.2,807,-7.31E+00
874,8.01,0.16848938,-0.985703469,267.8,807,-6.88E+00
875,8.53,0.170209499,-0.985407898,268,807,-5.01E+00
876,8.82,0.216439614,-0.976296007,268,808,-7.73E+00
877,9.09,0.265556117,-0.964095404,267.8,808,-3.67E-02
878,8.89,0.322265695,-0.94664926,267,808,8.21E+00
879,8.19,0.353474844,-0.935444031,265.5,809,4.74E+00
880,7.07,0.292371705,-0.956304756,263.6,810,4.78E+00
881,2.68,-0.932953535,-0.359996808,263,812,5.99E+00
882,2.88,-0.860742027,-0.509041416,260.4,812,5.95E+00
883,2.62,-0.894154237,0.447759088,258.9,814,5.03E+00
884,2.39,-0.996345296,-0.085416923,257.7,814,4.42E+00
885,3.18,-0.989525789,-0.144356201,257.7,815,4.43E+00
886,2.88,-0.925870585,-0.377840787,257.3,815,2.65E+00
887,2.79,-0.902585284,-0.430511097,257.6,815,-1.03E+00
888,3.12,-0.905568799,-0.424199423,257.5,815,-7.67E+00
889,3.36,-0.891006524,-0.4539905,257.7,815,-6.45E+00
890,3.48,-0.935444031,-0.353474844,257.9,815,-5.83E+00
891,4.23,-0.831954122,-0.554844427,258.9,815,-3.09E+00
892,4.16,-0.713250449,-0.700909264,258.3,815,-2.74E+00
893,4.97,-0.577857624,-0.81613759,259.5,814,-4.57E+00
894,5.98,-0.406736643,-0.913545458,261.1,813,-9.24E+00
895,7.59,-0.255445758,-0.966823389,263,813,-1.94E+01
896,8.81,-0.161603821,-0.986855716,264.9,813,-8.12E+00
897,7.61,-0.22835087,-0.973578903,265.6,812,-1.38E+01
898,8.08,-0.280666709,-0.959805292,266.7,812,-3.22E+00
899,8.85,-0.305695305,-0.952129393,267.8,811,-5.53E+00
900,8.94,-0.13225639,-0.99121554,269.1,811,-5.34E+00
901,8.39,0.102792537,-0.994702817,270.1,812,1.78E+00
902,8.28,0.253757945,-0.967267753,270.8,812,1.03E+01
903,7.49,0.258819045,-0.965925826,270.8,813,1.35E+01
904,7.99,0.299040792,-0.954240329,270.1,813,1.18E+01
905,5.2,0.353474844,-0.935444031,269.2,812,8.66E+00
906,4.88,0.00698126,-0.999975631,268.4,814,1.11E+01
907,4.88,0.095845753,-0.995396198,268.5,814,4.19E+00
908,3.69,0.154710386,-0.987959866,267.1,814,5.83E-02
909,3.36,-0.073238197,-0.997314477,265.7,813,0.00E+00
910,1.45,-0.58212297,-0.813100761,265.8,814,0.00E+00
911,3.46,-0.142628934,-0.989776231,266.7,814,-1.36E+01
912,4.63,-0.005235964,-0.999986292,269.4,815,1.13E+00
913,5.5,-0.09063258,-0.995884399,269.5,814,1.22E+01
914,4.98,-0.001745328,-0.999998477,269.5,814,1.35E+01
915,4.59,-0.00698126,-0.999975631,269.2,813,1.32E+01
916,4.95,-0.027921639,-0.999610115,269.8,814,1.46E+01
917,6.13,0.001745328,-0.999998477,270.9,813,1.48E+01
918,6.86,-0.05059294,-0.998719357,271.5,812,1.34E+01
919,7.22,-0.094108313,-0.995561965,272.1,812,1.09E+01
920,8.97,-0.142628934,-0.989776231,273.7,812,6.20E+00
921,9.19,-0.101056297,-0.994880709,273.7,812,7.33E+00
922,7.01,-0.128795597,-0.991671162,273.5,811,7.24E+00
923,7.7,-0.054078813,-0.99853667,274.2,811,1.11E+01
924,7.06,-0.015707317,-0.999876632,274.1,811,5.48E+00
925,7.37,-0.04884977,-0.998806137,273.9,811,3.96E+00
926,6.66,-0.183951351,-0.982935349,273.7,810,7.36E+00
927,8.77,-0.111468932,-0.993767919,274.1,809,7.30E+00
928,7.83,-0.036643709,-0.999328394,274.2,809,7.03E+00
929,6.57,0.17708474,-0.984195608,275.1,807,3.78E+00
930,5.81,0.457097927,-0.889416373,272,808,2.07E-01
931,6.26,0.55048074,-0.834847863,270.8,808,-1.10E+00
932,4.18,0.739631095,-0.673012514,268.7,809,-1.60E+00
933,1.94,-0.46638664,0.884580975,262.1,809,-4.47E+00
934,2.67,0.120136839,0.992757342,259.5,810,-8.32E+00
935,3.53,-0.330514393,0.943800952,256.9,811,-1.01E+01
936,1.85,0.00698126,0.999975631,256.2,811,-1.19E+01
937,1.08,-0.617035875,0.786935022,256.3,810,-7.24E+00
938,1.24,0.158158067,0.987413807,257,810,-1.87E+00
939,1.68,0.170209499,0.985407898,256.4,810,5.71E-01
940,1.72,0.081938509,0.996637387,256.1,811,2.96E-02
941,1.4,-0.102792537,0.994702817,255.8,810,-7.77E-01
942,1.29,0.008726535,0.999961923,255.9,810,-1.62E+00
943,1.63,-0.0662739,0.997801468,256,810,-3.21E+00
944,1.84,0.149535343,0.988756381,255.8,810,-3.93E+00
945,1.49,0.092370587,0.995724698,255.7,811,-5.87E+00
946,1.65,0.088894297,0.996041065,256.3,810,-6.29E+00
947,2.04,0.083677843,0.996492859,256.8,810,-8.71E+00
948,2.1,0.158158067,0.987413807,257.1,811,-9.20E+00
949,1.81,0.161603821,0.986855716,257.4,811,-9.77E+00
950,1.45,0.173648178,0.984807753,257.9,810,-1.13E+01
951,1.4,0.238533458,0.97113428,258.3,810,-1.37E+01
952,1.12,0.294040325,0.955793015,258.3,810,-1.35E+01
953,1.67,0.139173101,0.990268069,256.2,810,-1.30E+01
954,1.07,-0.297374874,0.9547608,254.7,810,-1.17E+01
955,0.44,-0.779337965,0.626603811,253.6,810,-1.17E+01
956,0.67,-0.460199785,-0.887815385,253.3,810,-1.20E+01
957,0.42,0.64412363,0.764921401,253.2,809,-1.18E+01
958,1.61,-0.880477354,-0.474088209,253,809,-1.16E+01
959,2.43,0.085416923,-0.996345296,251.8,809,-1.12E+01
960,2.66,0.074978727,-0.997185134,251.1,810,1.70E+00
961,3.39,0.224951054,-0.974370065,252.3,809,3.80E+00
962,3.38,0.173648178,-0.984807753,252.3,808,6.03E+00
963,3.4,0.204496052,-0.978867389,252.2,808,6.22E+00
964,3.45,0.257132793,-0.966376079,252.3,808,9.72E+00
965,3.33,0.376224263,-0.926528631,252.1,808,1.36E+01
966,3.52,0.194234351,-0.980955155,252.4,807,1.40E+01
967,3.53,0.149535343,-0.988756381,252.2,807,1.26E+01
968,2.33,0.192521967,-0.981292664,255.7,807,1.06E+01
969,1.27,0.702153053,-0.712026046,258.3,807,1.18E+01
970,1.13,0.992331938,0.123601477,259.4,807,1.34E+01
971,1.23,0.950515732,0.31067643,260.2,807,1.33E+01
972,1.3,0.996917334,-0.078459096,261,807,1.12E+01
973,1.66,0.79863551,-0.601815023,261.5,807,1.03E+01
974,2.13,0.409923034,-0.912120116,261.5,807,1.15E+01
975,2.9,0.221548498,-0.975149354,260.8,806,9.71E+00
976,2.8,0.11493715,-0.993372766,259.9,806,5.66E+00
977,4.24,0.278991106,-0.960293686,259.3,805,5.12E+00
978,6.25,0.381070376,-0.924546034,259.2,805,4.05E+00
979,3.63,-0.019197442,-0.999815712,256.2,807,3.41E+00
980,3.18,-0.660001668,-0.751264134,255.7,807,2.90E+00
981,3.04,-0.403545296,-0.914959668,255.6,806,3.03E+00
982,8.92,0.626603811,-0.779337965,260.2,805,2.34E+00
983,9.36,0.586372357,-0.81004164,260.2,805,2.51E+00
984,8.19,0.414693243,-0.909961271,259.6,806,1.78E+00
985,8.25,0.348572047,-0.937281989,260.1,806,1.46E+00
986,7.95,0.359996808,-0.932953535,260.2,806,7.03E-01
987,5.74,0.182235525,-0.983254908,259.7,806,2.15E-01
988,5.17,-0.146083029,-0.989272333,259.2,806,-1.26E+00
989,7.77,-0.125333234,-0.992114701,260.9,805,-4.78E+00
990,6.91,-0.280666709,-0.959805292,260.7,805,-7.42E+00
991,6.44,-0.137444546,-0.990509463,260.9,804,-1.11E+01
992,7.78,0.320612991,-0.947210278,262.1,805,-9.00E+00
993,10,0.40833046,-0.912834177,262.7,805,-8.96E+00
994,8.85,0.322265695,-0.94664926,262.8,805,6.48E+00
995,5.88,0.302369891,-0.953190668,263,806,1.12E+01
996,4.24,0.257132793,-0.966376079,263,807,1.43E+01
997,4.88,0.235142113,-0.971961001,263,808,9.08E+00
998,3.76,0.371367836,-0.928485827,263,808,3.06E+00
999,3.59,0.206204185,-0.978508985,262.9,809,4.58E+00
1000,1.06,0.727772758,-0.685818353,262.6,809,-5.66E+00
1001,2.2,0.218143241,0.975916762,262.4,809,-2.01E+01
1002,3.16,0.252069358,0.96770917,261.4,810,-2.24E+01
1003,3.18,0.345298199,0.938493023,259.9,812,-2.28E+01
1004,3.08,-0.128795597,0.991671162,258.8,813,-2.26E+01
1005,2.82,0.120136839,0.992757342,257.9,812,-2.65E+01
1006,2.72,0.019197442,0.999815712,257.2,812,-2.71E+01
1007,2.61,-0.216439614,0.976296007,256.8,813,6.37E-01
1008,2.52,-0.221548498,0.975149354,256.3,814,-5.64E+00
1009,2.94,-0.250380004,0.96814764,255.7,813,4.91E+00
1010,3.17,-0.401947777,0.915662593,255.3,813,-1.60E+00
1011,2.69,-0.460199785,0.887815385,255.1,813,-7.45E+00
1012,2.06,-0.48480962,0.874619707,254.8,813,-8.31E+00
1013,2.62,-0.368124553,0.929776486,254.8,812,-8.68E+00
1014,2.84,-0.382683432,0.923879533,254.4,812,-1.05E+01
1015,2.46,-0.327217899,0.944948912,254,812,-1.31E+01
1016,2.4,-0.120136839,0.992757342,253.9,813,-1.57E+01
1017,3.31,-0.081938509,0.996637387,254,813,-1.71E+01
1018,3.93,-0.235142113,0.971961001,254.2,812,-2.07E+01
1019,3.65,-0.33873792,0.940880769,254.6,812,-2.16E+01
1020,3.61,-0.435231099,0.900318771,255.4,812,-1.98E+01
1021,3.05,-0.507538363,0.86162916,256.2,811,-2.34E+01
1022,2.79,-0.523985906,0.851726934,257.1,810,-2.20E+01
1023,2.76,-0.579281172,0.815127796,257.7,809,0.00E+00
1024,2.22,-0.622514637,0.782608157,257.9,810,0.00E+00
1025,1.39,-0.792289643,-0.610145164,257.3,812,0.00E+00
1026,1.96,-0.480223497,-0.877146164,255.2,812,0.00E+00
1027,3.18,-0.564967003,-0.825113498,256.8,812,0.00E+00
1028,3.13,-0.460199785,-0.887815385,257.1,812,0.00E+00
1029,2.37,-0.804893797,-0.593418887,257.4,811,0.00E+00
1030,6.45,-0.569279523,-0.822144041,260.5,810,0.00E+00
1031,9.16,-0.576432316,-0.817144898,261.6,810,0.00E+00
1032,9.08,-0.495458668,-0.868631514,262.2,811,-3.57E+01
1033,8.08,-0.417867074,-0.908508178,262.9,810,-2.99E+00
1034,7.76,-0.38912395,-0.921185406,264.2,810,1.58E+00
1035,4.98,-0.387515586,-0.921863152,264.6,810,-8.53E-01
1036,6.78,-0.166768747,-0.985996037,265.5,811,6.15E+00
1037,6.11,-0.095845753,-0.995396198,265.7,810,1.07E+01
1038,6.48,-0.1719291,-0.985109326,266.1,810,1.26E+01
1039,5.41,-0.199367934,-0.979924705,265.5,811,7.65E+00
1040,6.76,0.005235964,-0.999986292,268.5,811,5.86E+00
1041,6.47,-0.071497444,-0.997440783,270.3,812,6.80E+00
1042,7.52,-0.147809411,-0.989015863,271.5,811,5.68E+00
1043,7.26,-0.245307386,-0.96944535,271.5,811,3.97E+00
1044,7.23,-0.246999013,-0.969015731,272.1,811,3.98E+00
1045,6.5,-0.206204185,-0.978508985,272.5,811,3.66E+00
1046,7.22,-0.078459096,-0.996917334,272.6,811,3.02E+00
1047,6.66,-0.142628934,-0.989776231,272.2,811,2.35E+00
1048,5.87,-0.272280247,-0.962217994,270.9,811,2.73E+00
1049,4.64,-0.199367934,-0.979924705,268.8,811,2.10E+00
1050,4.96,0.078459096,-0.996917334,268.8,811,3.99E-01
1051,4.69,-0.130526192,-0.991444861,268.1,812,6.63E-01
1052,4.59,-0.713250449,-0.700909264,267.5,812,7.60E+00
1053,5,-0.675590208,-0.737277337,268.5,811,1.33E+01
1054,4.66,-0.513541252,-0.858064906,267.8,811,1.41E+01
1055,4.66,-0.369746757,-0.929132572,267.6,812,1.47E+01
1056,4.64,-0.433659085,-0.901077021,267.8,811,6.98E+00
1057,4.88,-0.372987783,-0.927836254,268.3,810,5.21E+00
1058,4.84,-0.309016994,-0.951056516,267.9,809,4.87E+00
1059,5.01,-0.385906042,-0.922538089,268,809,6.35E+00
1060,4.59,-0.26387305,-0.964557418,267.5,809,2.09E+00
1061,4.37,0.246999013,-0.969015731,266.3,809,-4.06E-01
1062,4.45,-0.085416923,-0.996345296,266.4,809,9.78E-01
1063,4.39,-0.080198924,-0.996778878,266.3,809,4.12E-01
1064,3.22,-0.1719291,-0.985109326,268.9,809,8.59E-01
1065,1.12,-0.130526192,-0.991444861,272.6,809,3.33E+00
1066,0.76,-0.980614659,-0.195946144,273.9,809,9.08E-01
1067,1.92,-0.983571471,-0.180519145,274.6,808,2.17E+00
1068,2.13,-0.76266833,-0.64678978,275.4,809,1.68E+00
1069,3.22,-0.680720869,-0.732542899,275.2,808,-2.17E+00
1070,3.59,-0.703394703,-0.710799474,274.2,806,-4.90E+00
1071,4.32,-0.684547106,-0.728968627,273.3,806,-6.92E+00
1072,2.73,-0.680720869,-0.732542899,272.1,806,-6.04E+00
1073,3.24,0.356737999,-0.934204474,268.1,805,-6.50E+00
1074,4.74,0.528438335,-0.848971688,268.8,805,-1.49E+00
1075,5.53,0.680720869,-0.732542899,269.4,805,2.65E+00
1076,3.76,0.034899497,-0.999390827,265.8,804,9.09E+00
1077,3.86,-0.457097927,-0.889416373,265.6,804,1.28E+01
1078,3.97,-0.731353702,-0.68199836,266,804,1.24E+01
1079,3.36,-0.54024032,-0.841510782,267.9,805,6.86E+00
1080,3.23,-0.781520472,-0.623879597,269.5,805,-4.70E+00
1081,3.57,-0.593418887,-0.804893797,266.1,804,1.11E+00
1082,3.81,-0.13225639,-0.99121554,265.5,803,-5.51E+00
1083,4.7,-0.273959219,-0.96174131,267.1,803,5.77E-01
1084,3.96,-0.290702194,-0.956813584,265.6,803,5.01E+00
1085,4.55,-0.0662739,-0.997801468,268,802,1.36E+01
1086,3.44,0.144356201,-0.989525789,264.9,802,1.41E+01
1087,2.86,0.673012514,-0.739631095,267,803,1.30E+01
1088,2.02,0.601815023,-0.79863551,266.2,805,1.12E+01
1089,5.61,0.882126866,-0.471011881,264.9,806,1.07E+01
1090,4.34,0.837718717,-0.546101961,262.3,807,1.36E+01
1091,3.73,0.831954122,-0.554844427,262,808,1.48E+01
1092,4.37,0.733729865,-0.679441304,261,809,1.46E+01
1093,3.8,0.885393626,-0.464842046,259.6,810,8.41E+00
1094,3.01,0.978867389,-0.204496052,258.5,811,1.35E+01
1095,2.81,0.957822495,-0.28736052,257.9,812,-6.60E+00
1096,2.85,0.89179753,-0.452434709,257.4,813,-2.11E+01
1097,1.32,0.213030386,-0.977045574,259.6,813,-2.41E+01
1098,1.13,-0.923210217,-0.384295323,257.4,814,0.00E+00
1099,3.52,0.392337117,-0.919821497,258.2,814,-3.39E+01
1100,5.83,0.572145873,-0.820151876,258.9,815,0.00E+00
1101,3.47,0.081938509,-0.996637387,256.6,815,0.00E+00
1102,4.03,0.270600446,-0.962691746,257.6,815,0.00E+00
1103,5.24,0.398749069,-0.917060074,259,816,-2.91E+01
1104,5.11,0.26387305,-0.964557418,259,816,-2.11E+01
1105,5.86,0.036643709,-0.999328394,259.1,815,-1.37E+01
1106,6.08,-0.206204185,-0.978508985,259,815,-1.62E+01
1107,6.2,-0.216439614,-0.976296007,259.2,816,-1.47E+01
1108,6.07,-0.182235525,-0.983254908,259.9,816,-1.16E+01
1109,4.72,-0.317304656,-0.948323655,259.5,815,-7.09E+00
1110,4.28,-0.564967003,-0.825113498,259.4,814,-1.57E+01
1111,4.67,-0.518027009,-0.85536426,259.7,814,-3.56E+01
1112,4.33,-0.583541211,-0.812083527,263.1,814,-1.16E+01
1113,4.21,-0.563526049,-0.826098294,265.2,814,-1.28E+01
1114,4.46,-0.436801788,-0.899557779,265.9,813,-8.17E+00
1115,4.51,-0.359996808,-0.932953535,266.9,812,-5.83E+00
1116,4.79,-0.262189179,-0.965016494,267.8,812,-3.40E+00
1117,4.78,-0.553391549,-0.832921241,267.6,811,-4.23E+00
1118,5.24,-0.351841648,-0.936059536,267.7,810,4.64E+00
1119,4.74,-0.080198924,-0.996778878,267.6,809,1.36E+01
1120,2.74,-0.422618262,-0.906307787,267.2,809,1.10E+01
1121,3.31,-0.059306374,-0.998239828,263.9,806,3.96E+00
1122,3.5,-0.403545296,-0.914959668,261.9,806,5.26E+00
1123,9.04,0.236838146,-0.97154912,266.1,805,1.16E+01
1124,10.5,0.069756474,-0.99756405,266.2,805,1.31E+01
1125,10.31,0.029666244,-0.99955986,266.1,804,1.31E+01
1126,8.56,-0.121869343,-0.992546152,265.9,804,1.39E+01
1127,7.61,-0.221548498,-0.975149354,265.8,804,1.25E+01
1128,7.18,-0.282341457,-0.959313975,265.7,804,3.41E+00
1129,7.24,-0.161603821,-0.986855716,266.3,803,-1.48E+00
1130,7.11,0.024432178,-0.99970149,266.2,803,1.57E+00
1131,6.13,0.0975829,-0.9952274,265.5,804,-1.35E+00
1132,4.73,0.064532308,-0.997915618,265.3,805,-3.43E+01
1133,5.34,0.233445364,-0.97236992,264.4,805,-1.57E+01
1134,5.31,0.512042865,-0.858959897,264.4,806,-1.24E+01
1135,4.91,0.481753674,-0.87630668,263.8,807,0.00E+00
1136,5.78,0.544639035,-0.838670568,263.6,808,-1.39E+00
1137,5.49,0.688354576,-0.725374371,263.1,809,8.57E+00
1138,4.61,0.49848774,-0.866896749,263.4,809,7.13E-01
1139,5.75,0.133986185,-0.9909832,264.4,810,0.00E+00
1140,6.23,-0.133986185,-0.9909832,264.5,810,-5.84E+00
1141,6.24,-0.183951351,-0.982935349,264.4,810,-8.03E+00
1142,5.85,-0.008726535,-0.999961923,265.4,809,0.00E+00
1143,5.6,-0.139173101,-0.990268069,266.4,808,0.00E+00
1144,5.06,-0.38912395,-0.921185406,267.1,808,0.00E+00
1145,5.07,-0.414693243,-0.909961271,269.8,804,0.00E+00
1146,5.1,-0.546101961,-0.837718717,269.5,804,0.00E+00
1147,5.13,-0.645457688,-0.763796029,269.7,805,0.00E+00
1148,7,-0.604599115,-0.796529918,270.9,804,0.00E+00
1149,7.77,-0.634730513,-0.772733573,271,803,0.00E+00
1150,7.56,-0.597625147,-0.801775644,271.3,802,0.00E+00
1151,7.63,-0.623879597,-0.781520472,271.3,802,0.00E+00
1152,8.13,-0.450877541,-0.892585818,271.9,801,1.82E+00
1153,7.68,-0.618408395,-0.785856893,272,800,6.79E+00
1154,7.45,-0.489382452,-0.872069272,272.5,799,9.87E+00
1155,6.3,-0.425779292,-0.904827052,272.2,798,1.36E+01
1156,5.76,-0.458649554,-0.888617233,272.1,798,4.66E+00
1157,6.57,-0.351841648,-0.936059536,271.8,797,4.45E+00
1158,7.29,-0.199367934,-0.979924705,272.1,796,1.16E+01
1159,10.58,-0.029666244,-0.99955986,272.5,796,8.97E+00
1160,8.71,0.146083029,-0.989272333,272.5,796,1.09E+01
1161,4.67,-0.005235964,-0.999986292,272.6,797,4.54E+00
1162,6.96,0.109734311,-0.993960955,272.8,795,1.03E+01
1163,1.72,0.327217899,-0.944948912,272.6,797,9.73E+00
1164,1.42,0.236838146,-0.97154912,272.5,798,1.40E+01
1165,1.04,0.00698126,-0.999975631,272.6,797,1.35E+01
1166,2.66,0.833885822,0.551936985,271.8,797,5.75E+00
1167,6.17,0.781520472,0.623879597,268.4,798,-4.65E+00
1168,2.13,0.991894443,0.127064609,266.7,799,-1.05E+01
1169,1.91,0.958322574,0.285688367,258.7,800,-1.09E+01
1170,2.05,0.74779809,0.663926213,257.8,800,1.47E+01
1171,2.6,0.689619544,0.724171861,256.6,800,7.72E+00
1172,1.28,0.957319498,0.289031797,256.2,801,5.80E+00
1173,2.68,0.884580975,0.46638664,255,801,-2.84E+00
1174,1.76,0.823136369,0.567843745,255.2,801,1.03E+01
1175,1.45,0.953716951,0.3007058,255,801,6.89E+00
1176,1.56,0.638767818,0.769399555,254,800,1.17E+00
1177,0.57,0.515038075,0.857167301,254.7,801,-2.78E+00
1178,0.51,-0.166768747,0.985996037,254.9,801,-9.79E+00
1179,1.08,0.392337117,0.919821497,255.1,801,-1.09E+01
1180,1.38,0.262189179,0.965016494,254.9,801,-8.31E+00
1181,1.87,0.178802215,0.983885038,254.3,801,-7.62E+00
1182,1.58,0.406736643,0.913545458,253.7,801,-4.17E+00
1183,1.28,0.447759088,0.894154237,253.6,801,-4.61E+00
1184,1.67,0.343659695,0.939094252,253.7,801,-7.78E+00
1185,2.06,0.36325123,0.931691228,253.8,801,-8.43E+00
1186,2.16,0.325568154,0.945518576,254.1,801,-9.41E+00
1187,2.28,0.240228042,0.970716482,254.7,801,-1.07E+01
1188,3.16,0.121869343,0.992546152,255.2,801,-1.12E+01
1189,3.41,0.209618563,0.977783237,255.2,800,-9.53E+00
1190,3.08,0.31067643,0.950515732,255.2,800,-9.77E+00
1191,2.55,0.211324796,0.977415894,255.1,800,-9.75E+00
1192,2.74,0.218143241,0.975916762,254.9,800,-9.93E+00
1193,1.53,0.147809411,0.989015863,253.3,802,-1.02E+01
1194,2.32,0.738455341,0.674302388,252.8,801,-1.11E+01
1195,0.66,-0.29570805,-0.955278362,253.2,802,-1.21E+01
1196,1.05,0.63742399,0.770513243,253.4,801,-1.37E+01
1197,1.87,-0.163325962,0.986572162,253,802,-1.53E+01
1198,1.03,0.522498565,0.852640164,251.1,802,-1.68E+01
1199,0.36,0.017452406,-0.999847695,251.5,802,-1.72E+01
1200,0.73,0.022687334,-0.999742609,250.1,802,-1.68E+01
1201,0.82,0.206204185,-0.978508985,253.2,802,-1.74E+01
1202,2.71,-0.457097927,-0.889416373,250.3,801,-2.13E+01
1203,3.39,-0.183951351,-0.982935349,251.4,802,-1.82E+01
1204,3.63,-0.189095443,-0.981958713,250.4,802,-1.94E+01
1205,3.82,-0.081938509,-0.996637387,249,802,-1.81E+01
1206,3.82,0.189095443,-0.981958713,248.1,803,-7.88E+00
1207,3.48,0.083677843,-0.996492859,246.6,803,-4.22E+00
1208,1.86,0.496973961,-0.867765453,251.4,804,-3.84E+00
1209,2.86,0.58212297,-0.813100761,253.2,805,2.62E-01
1210,2.83,0.538770785,-0.842452397,254.3,805,1.40E+01
1211,2.46,0.509041416,-0.860742027,255.3,806,1.22E+01
1212,2.35,0.285688367,-0.958322574,256.1,806,5.58E+00
1213,2.63,-0.09063258,-0.995884399,256.5,806,4.71E+00
1214,3.01,-0.059306374,-0.998239828,256.6,807,-1.75E+00
1215,2.82,-0.054078813,-0.99853667,256.4,807,-1.52E+00
1216,3.08,-0.047106451,-0.998889875,255.9,808,-1.72E+00
1217,2.95,-0.683273774,-0.730162277,255.2,810,-2.83E+00
1218,4.22,-0.469471563,-0.882947593,253.1,810,-4.14E+00
1219,4.78,-0.258819045,-0.965925826,253.9,810,-5.18E+00
1220,5.61,-0.252069358,-0.96770917,254.9,811,-6.14E+00
1221,5.53,-0.241921896,-0.970295726,255,811,-7.10E+00
1222,5.39,-0.121869343,-0.992546152,255.5,812,-7.81E+00
1223,4.95,-0.187381315,-0.982287251,255.3,813,-8.40E+00
1224,5.01,-0.0662739,-0.997801468,255.4,813,9.75E+00
1225,4.77,-0.102792537,-0.994702817,255.5,813,1.11E+01
1226,4.54,-0.233445364,-0.97236992,255.3,813,1.02E+01
1227,4.59,-0.54170821,-0.840566603,254.8,814,8.64E+00
1228,4.43,-0.708339838,-0.705871571,255.6,814,7.00E+00
1229,4.47,-0.422618262,-0.906307787,255.9,814,-2.93E+00
1230,4.5,-0.572145873,-0.820151876,255.9,814,-3.83E+00
1231,4.4,-0.49848774,-0.866896749,255.4,815,-3.73E+00
1232,4.04,-0.61152704,-0.791223533,258.5,815,-9.60E-01
1233,3.27,-0.67815967,-0.734914595,260.4,815,9.79E+00
1234,4.59,-0.718126298,-0.695912797,261.7,815,1.13E+01
1235,5.38,-0.764921401,-0.64412363,262.5,815,1.16E+01
1236,5.04,-0.692143174,-0.721760228,263.2,815,1.22E+01
1237,5.48,-0.623879597,-0.781520472,264.8,815,1.25E+01
1238,4.99,-0.809016994,-0.587785252,264.7,814,1.07E+01
1239,4.37,-0.710799474,-0.703394703,264.5,814,1.40E+01
1240,0.71,-0.189095443,-0.981958713,264.1,815,1.33E+01
1241,1.04,-0.847121921,-0.53139858,255.9,813,7.78E+00
1242,4.78,-0.395545503,-0.918446381,258.4,814,5.06E+00
1243,4.9,-0.446197813,-0.894934362,259.3,814,5.12E+00
1244,4.75,-0.369746757,-0.929132572,256.2,815,6.37E+00
1245,1.54,-0.743144825,-0.669130606,253.6,814,4.46E+00
1246,0.75,-0.914959668,0.403545296,253.8,815,4.53E+00
1247,2.2,-0.17708474,-0.984195608,253.8,815,3.73E+00
1248,4.57,-0.315649037,-0.948876012,259.2,815,3.41E+00
1249,4.95,-0.496973961,-0.867765453,260.3,814,2.94E+00
1250,4.76,-0.294040325,-0.955793015,259.6,813,3.94E+00
1251,4.67,-0.285688367,-0.958322574,258.5,813,9.43E+00
1252,4.26,-0.278991106,-0.960293686,257.3,814,1.38E+01
1253,4.67,-0.3007058,-0.953716951,258.2,813,1.35E+01
1254,4.36,-0.231747903,-0.972775878,258.3,812,8.09E+00
1255,1.3,-0.866025404,-0.5,258.4,813,4.56E+00
1256,1.28,-0.185666615,-0.982612797,261.2,813,8.46E+00
1257,0.38,0.923210217,-0.384295323,264.6,812,9.77E+00
1258,1.52,0.398749069,0.917060074,265.3,812,1.14E+01
1259,1.74,0.218143241,0.975916762,265.9,811,1.34E+01
1260,1.85,0.374606593,0.927183855,266.6,811,1.29E+01
1261,1.98,0.480223497,0.877146164,267,810,1.07E+01
1262,1.72,0.384295323,0.923210217,267.1,810,1.09E+01
1263,1.57,0.125333234,0.992114701,266.8,809,1.18E+01
1264,1.77,0.125333234,0.992114701,266.3,810,6.88E+00
1265,1.02,-0.653420604,-0.756995056,261.3,809,6.01E+00
1266,4.38,-0.054078813,-0.99853667,258.7,809,5.55E+00
1267,4.39,-0.195946144,-0.980614659,257.3,810,5.69E+00
1268,4.26,-0.175366726,-0.98450318,256.6,810,5.46E+00
1269,4.88,-0.353474844,-0.935444031,260.2,810,4.73E+00
1270,5.39,-0.285688367,-0.958322574,261.6,810,4.20E+00
1271,6.03,-0.273959219,-0.96174131,261.7,810,3.95E+00
1272,5.77,-0.224951054,-0.974370065,261.8,810,6.63E+00
1273,5.08,-0.170209499,-0.985407898,260.5,810,1.01E+01
1274,4.89,0.06104854,-0.998134798,259.1,810,3.65E+00
1275,4.88,0.461748613,-0.887010833,256.5,810,3.53E+00
1276,4.57,0.458649554,-0.888617233,254.6,811,4.88E+00
1277,3.46,0.525471651,-0.850811109,254.2,811,4.15E+00
1278,2.31,0.149535343,-0.988756381,254.6,811,2.95E+00
1279,3.14,0.432085749,-0.901832526,255.3,812,2.02E+00
1280,1.95,0.722967146,-0.690882411,260.3,812,1.99E+00
1281,0.81,0.760405966,0.649448048,263.6,813,1.74E+00
1282,1.11,-0.26387305,0.964557418,264.3,812,8.29E-01
1283,1.46,-0.392337117,0.919821497,265.1,812,-1.66E-01
1284,2.84,-0.460199785,0.887815385,266,812,-7.09E-01
1285,2.31,-0.679441304,0.733729865,266.1,812,-1.12E+00
1286,2.71,-0.436801788,0.899557779,266.6,811,-7.36E-02
1287,3.34,-0.390731128,0.920504853,266.1,811,5.36E-01
1288,2.27,-0.47715876,0.878817113,264.6,810,1.72E+00
1289,4.3,-0.575005252,-0.818149717,263,811,2.12E+00
1290,4.73,-0.526955795,-0.849892693,261.3,811,3.82E+00
1291,4.35,-0.572145873,-0.820151876,261.2,811,4.93E+00
1292,4.31,-0.648119901,-0.761538308,262,811,4.93E+00
1293,4.11,-0.446197813,-0.894934362,261.9,810,4.60E+00
1294,3.91,-0.559192903,-0.829037573,262.9,810,4.09E+00
1295,4.25,-0.292371705,-0.956304756,262.6,810,3.81E+00
1296,4.11,-0.464842046,-0.885393626,263.5,810,2.88E+00
1297,3.79,-0.372987783,-0.927836254,264.4,808,3.07E+00
1298,3.6,-0.024432178,-0.99970149,264,807,2.66E+00
1299,2.01,0.382683432,-0.923879533,264.4,807,3.23E+00
1300,0.28,0.87630668,0.481753674,264.4,807,4.53E+00
1301,0.5,0.977415894,-0.211324796,264.1,806,8.44E+00
1302,1.79,0.99853667,0.054078813,264,805,1.10E+01
1303,1.93,0.968583161,-0.248689887,263.5,805,1.22E+01
1304,2.4,0.94776841,-0.318959309,264,805,8.34E+00
1305,3.88,0.917754626,-0.397147891,263.3,805,5.86E+00
1306,3.01,0.879648573,-0.475624209,263.6,804,4.45E+00
1307,3.32,0.898794046,-0.438371147,263.9,804,5.41E+00
1308,2.61,0.674302388,-0.738455341,264.3,804,5.95E+00
1309,3.5,0.376224263,-0.926528631,264.3,804,5.34E+00
1310,4.51,0.268919821,-0.963162567,264,802,4.93E+00
1311,4.75,0.133986185,-0.9909832,263.5,802,4.79E+00
1312,3.73,-0.11493715,-0.993372766,262.8,802,4.63E+00
1313,7.31,0.139173101,-0.990268069,262.6,801,4.40E+00
1314,9.11,0.1719291,-0.985109326,262.8,800,4.49E+00
1315,7.99,0.094108313,-0.995561965,262.7,801,4.30E+00
1316,7.11,0.005235964,-0.999986292,262.4,801,2.22E+00
1317,8.07,0.159881188,-0.987136265,263.1,801,7.28E-01
1318,6.82,-0.088894297,-0.996041065,262.8,801,-8.65E-01
1319,7.14,-0.068015291,-0.997684279,262.7,801,-6.91E-01
1320,7.17,-0.068015291,-0.997684279,262.8,801,6.83E-01
1321,7.17,-0.109734311,-0.993960955,262.8,801,7.97E+00
1322,6.79,-0.11493715,-0.993372766,262.7,801,1.43E+00
1323,6.94,0.017452406,-0.999847695,261.9,802,-1.35E+01
1324,6.18,0.059306374,-0.998239828,262.3,802,-1.79E+01
1325,5.75,0.083677843,-0.996492859,261.7,803,-1.88E+01
1326,5.5,0.154710386,-0.987959866,261.1,802,-1.41E+00
1327,5.99,0.187381315,-0.982287251,261,803,6.53E+00
1328,6.97,0.313992456,-0.949425478,262.1,804,2.88E+00
1329,6.89,0.22835087,-0.973578903,262.6,805,4.76E-01
1330,6.73,0.102792537,-0.994702817,262.7,805,-2.69E+00
1331,6.62,0.15126082,-0.988493887,262.8,805,-9.74E+00
1332,6.03,-0.015707317,-0.999876632,263,806,-1.16E+01
1333,6.2,-0.235142113,-0.971961001,263.1,806,-7.90E+00
1334,7.25,-0.273959219,-0.96174131,263.3,805,-7.38E+00
1335,8.36,-0.337095258,-0.941470545,263.6,805,3.86E+00
1336,10.4,-0.294040325,-0.955793015,263.9,805,-4.26E+00
1337,3.79,-0.86949493,-0.493941867,262.2,805,-2.38E+01
1338,4.18,-0.709570737,-0.70463421,259.4,805,-2.81E+01
1339,4.35,-0.125333234,-0.992114701,260.3,805,-2.79E+01
1340,4.37,-0.320612991,-0.947210278,260.2,805,-3.20E+01
1341,6.23,0.180519145,-0.983571471,265.5,805,0.00E+00
1342,6.1,-0.094108313,-0.995561965,265.4,805,-6.40E+00
1343,9.12,-0.224951054,-0.974370065,266,806,-1.92E+00
1344,10.37,-0.260504509,-0.965472631,264.7,807,1.94E+00
1345,9.99,-0.309016994,-0.951056516,264.6,807,2.33E+00
1346,11.33,-0.260504509,-0.965472631,264.9,806,-7.24E+00
1347,9.78,-0.280666709,-0.959805292,264.9,807,-2.44E+00
1348,8.57,-0.185666615,-0.982612797,264.7,807,-1.03E+00
1349,8,-0.135715572,-0.99074784,264.7,807,-6.56E+00
1350,6.79,-0.255445758,-0.966823389,264.3,806,-7.74E-01
1351,6.91,-0.37945616,-0.925209718,264.8,807,-5.32E+00
1352,6.92,-0.430511097,-0.902585284,266.4,807,1.46E+01
1353,7.35,-0.345298199,-0.938493023,267.5,808,1.35E+01
1354,5.11,-0.428935133,-0.903335293,268.1,807,6.76E+00
1355,5.27,-0.35836795,-0.933580426,268.5,807,4.70E-01
1356,6.2,-0.450877541,-0.892585818,269.1,808,-4.07E+00
1357,6.23,-0.600420225,-0.799684658,269.7,807,-6.12E+00
1358,6.52,-0.510542918,-0.859852272,269.9,806,-2.06E+00
1359,6.29,-0.444635179,-0.89571176,269.9,806,-6.91E-01
1360,5.96,-0.405141587,-0.914253955,269.8,807,9.99E+00
1361,3.8,-0.665230355,-0.746638182,267.4,807,7.70E+00
1362,3.83,-0.49242356,-0.870355696,264.5,808,1.98E+00
1363,4.02,-0.641449632,-0.767165152,264.2,808,4.18E+00
1364,4.26,-0.783693457,-0.62114778,264.9,808,-8.82E-01
1365,4.24,-0.725374371,-0.688354576,267.1,808,8.45E+00
1366,4.17,-0.63607822,-0.771624583,267.1,809,1.36E+01
1367,4.33,-0.610145164,-0.792289643,268.1,809,1.42E+01
1368,0.39,-0.626603811,-0.779337965,262.8,810,1.26E+01
1369,1.67,-0.877982975,0.478691858,262.5,810,1.32E+01
1370,0.99,0.405141587,-0.914253955,260.8,809,6.59E+00
1371,0.62,-0.733729865,-0.679441304,262.8,810,1.46E+00
1372,1.82,-0.813100761,-0.58212297,260.4,810,2.90E+00
1373,3,-0.398749069,-0.917060074,259.7,810,3.39E+00
1374,3.98,-0.446197813,-0.894934362,262.3,810,9.64E+00
1375,3.22,-0.46638664,-0.884580975,264.1,810,3.48E+00
1376,0.6,-0.684547106,-0.728968627,266.4,810,3.33E+00
1377,0.57,-0.925209718,-0.37945616,267.7,810,2.68E+00
1378,1.35,-0.993571856,0.113203214,268.5,810,4.60E+00
1379,1.76,-0.967267753,-0.253757945,269.5,810,1.19E+01
1380,2.5,-0.841510782,-0.54024032,269.7,810,1.37E+01
1381,1.92,-0.781520472,-0.623879597,269.9,810,1.39E+01
1382,1.59,-0.858959897,-0.512042865,270.1,809,1.42E+01
1383,1.09,-0.878817113,-0.47715876,270,809,1.41E+01
1384,1.36,-0.833885822,0.551936985,269.6,809,1.23E+01
1385,4.18,-0.290702194,-0.956813584,268.1,806,1.16E+01
1386,4.36,-0.272280247,-0.962217994,265.7,806,1.07E+01
1387,4.28,-0.236838146,-0.97154912,265.6,807,1.14E+01
1388,4.23,-0.076719028,-0.997052752,265.2,807,1.14E+01
1389,4.11,0.221548498,-0.975149354,263.2,807,1.16E+01
1390,2.29,0.1719291,-0.985109326,261,807,1.14E+01
1391,3.32,-0.960293686,-0.278991106,262.7,808,1.00E+01
1392,1.92,-0.397147891,-0.917754626,265,808,1.09E+01
1393,4.01,0.570713568,-0.821149209,265.3,807,1.13E+01
1394,3.7,0.49242356,-0.870355696,264.5,807,1.13E+01
1395,2.51,0.175366726,-0.98450318,263.5,807,1.05E+01
1396,2.99,0.163325962,-0.986572162,263.7,807,6.17E+00
1397,3.97,0.201077921,-0.97957525,263.6,807,8.59E+00
1398,3.43,-0.22835087,-0.973578903,262.7,807,9.37E+00
1399,4.11,-0.026176948,-0.999657325,261.9,808,2.82E+00
1400,3.87,0.149535343,-0.988756381,264.2,808,6.29E+00
1401,2.92,0.209618563,-0.977783237,265.7,808,1.35E+01
1402,3.73,0.39394191,-0.919135339,266,808,3.39E+00
1403,2.95,0.397147891,-0.917754626,266.6,808,3.17E+00
1404,4.55,0.444635179,-0.89571176,267.2,809,1.75E+00
1405,5.45,0.496973961,-0.867765453,267.6,809,-7.02E-03
1406,4.07,0.458649554,-0.888617233,267.7,809,-2.78E+00
1407,3.61,0.430511097,-0.902585284,267.4,809,-3.32E+00
1408,3.91,0.348572047,-0.937281989,266.8,810,-8.59E+00
1409,3.65,-0.740804596,-0.671720589,265.1,808,-8.56E+00
1410,4.6,-0.207911691,-0.978147601,263,810,-8.90E+00
1411,4.86,-0.06279052,-0.998026728,263.9,811,-9.34E+00
1412,4.56,-0.102792537,-0.994702817,263.5,811,-1.03E+01
1413,4.61,-0.201077921,-0.97957525,263.6,811,-1.10E+01
1414,4.58,-0.305695305,-0.952129393,263.9,812,-1.12E+01
1415,4.72,-0.368124553,-0.929776486,264,812,-5.74E+00
1416,4.84,-0.400349033,-0.91636273,264.4,813,-4.38E+00
1417,4.48,-0.409923034,-0.912120116,264,812,5.55E+00
1418,4.29,-0.381070376,-0.924546034,264.1,813,3.28E+00
1419,4.01,-0.411514359,-0.911403277,264.3,813,3.73E+00
1420,3.82,-0.299040792,-0.954240329,264.5,814,4.82E+00
1421,4.21,-0.128795597,-0.991671162,263.4,814,4.46E+00
1422,4.38,-0.241921896,-0.970295726,262.7,813,-2.35E+00
1423,4.05,-0.180519145,-0.983571471,262.8,814,-7.44E-01
1424,2.72,-0.510542918,-0.859852272,267,814,1.73E+00
1425,3.1,-0.731353702,-0.68199836,269.3,814,3.03E+00
1426,3.65,-0.776046407,-0.630675807,270.2,814,3.14E+00
1427,4.1,-0.715692734,-0.698415285,270.4,814,1.21E+00
1428,5.39,-0.687087511,-0.726574671,270.9,814,2.66E+00
1429,7.12,-0.665230355,-0.746638182,270.3,814,2.41E+00
1430,6.21,-0.709570737,-0.70463421,270.6,814,5.82E-01
1431,4.76,-0.812083527,-0.583541211,270.6,814,-2.34E+00
1432,2.73,-0.931055816,-0.364876784,270.4,814,-1.95E+00
1433,2.42,-0.629320391,-0.777145961,267.8,811,-1.54E-01
1434,1.15,-0.638767818,-0.769399555,268,812,1.98E-02
1435,3.35,-0.297374874,-0.9547608,268.1,812,6.22E+00
1436,2.62,-0.390731128,-0.920504853,266.5,812,5.96E+00
1437,4.09,-0.713250449,-0.700909264,270.6,812,5.45E+00
1438,3.2,-0.70463421,-0.709570737,268.2,811,5.09E+00
1439,1.28,-0.618408395,-0.785856893,269.4,811,4.45E+00
1440,4.79,-0.414693243,-0.909961271,271.3,810,4.21E+00
1441,2.47,-0.833885822,-0.551936985,267.8,810,7.48E+00
1442,0.29,0.900318771,0.435231099,267.3,810,1.31E+01
1443,5.55,-0.626603811,-0.779337965,271.9,810,3.32E+00
1444,8.73,-0.615661475,-0.788010754,272.1,810,1.41E+01
1445,9.82,-0.566406237,-0.824126189,271.8,809,1.32E+01
1446,9.45,-0.501510737,-0.865151421,271.5,809,1.45E+01
1447,8.87,-0.43993917,-0.898027576,271.9,810,9.40E+00
1448,7.74,-0.433659085,-0.901077021,273.5,811,1.16E+01
1449,7.35,-0.422618262,-0.906307787,274.8,811,1.36E+01
1450,6.9,-0.444635179,-0.89571176,275.1,811,1.45E+01
1451,6.05,-0.516533329,-0.856267085,275.7,810,1.46E+01
1452,5.84,-0.623879597,-0.781520472,275.6,811,1.14E+01
1453,5.38,-0.625242656,-0.780430407,275.7,811,1.28E+01
1454,7.28,-0.553391549,-0.832921241,275.8,809,-1.12E+00
1455,10.88,-0.597625147,-0.801775644,275.7,808,6.55E+00
1456,12.7,-0.674302388,-0.738455341,275.7,809,1.35E+01
1457,1.3,-0.36325123,0.931691228,273.9,807,1.29E+01
1458,3.9,-0.785856893,0.618408395,270.6,808,8.18E+00
1459,3.81,-0.814115518,-0.580702956,270.2,809,1.08E+01
1460,5.37,-0.670426619,-0.741975841,273.5,809,1.33E+01
1461,4.33,-0.41310443,-0.910683661,272.3,809,1.23E+01
1462,4,-0.304033061,-0.952661481,270.1,810,1.03E+01
1463,4.25,-0.255445758,-0.966823389,270.7,811,4.12E+00
1464,6.04,-0.450877541,-0.892585818,273.4,810,2.09E+00
1465,6.59,-0.433659085,-0.901077021,274.3,810,3.61E+00
1466,4.82,-0.401947777,-0.915662593,273.2,810,8.78E+00
1467,4.29,-0.474088209,-0.880477354,270.5,810,1.33E+01
1468,4.24,-0.444635179,-0.89571176,270.1,810,1.27E+01
1469,4.32,-0.54170821,-0.840566603,270.5,810,1.43E+01
1470,4.27,-0.267238376,-0.963630453,269.7,811,8.84E+00
1471,4.88,-0.654740814,-0.755853469,272.4,811,1.36E+00
1472,4.2,-0.828060335,-0.560638995,274.3,811,2.97E+00
1473,4.28,-0.737277337,-0.675590208,275,811,1.10E+01
1474,4.93,-0.740804596,-0.671720589,275.6,811,5.89E+00
1475,3.03,-0.863395551,-0.504527624,276.5,811,-2.01E+00
1476,3.47,-0.739631095,-0.673012514,277,811,-2.08E+01
1477,7.03,-0.601815023,-0.79863551,276.9,810,-1.35E+01
1478,7.55,-0.553391549,-0.832921241,277,809,-1.39E+01
1479,6.77,-0.510542918,-0.859852272,276.8,809,3.55E+00
1480,1.87,-0.444635179,-0.89571176,276.7,810,9.72E+00
1481,3.66,-0.999986292,0.005235964,275.1,810,6.34E+00
1482,4.24,-0.481753674,-0.87630668,272.3,810,-1.95E+00
1483,4.26,-0.525471651,-0.850811109,272.7,809,-1.62E+01
1484,4.25,-0.577857624,-0.81613759,272.2,810,2.07E-01
1485,4.23,-0.457097927,-0.889416373,272.6,809,1.33E+01
1486,4.97,-0.250380004,-0.96814764,274.9,810,1.05E+01
1487,4.44,-0.825113498,-0.564967003,273.4,809,4.31E+00
1488,4.38,-0.49242356,-0.870355696,273,809,-3.22E+00
1489,4.3,-0.579281172,-0.815127796,272.1,808,3.88E+00
1490,4.2,-0.670426619,-0.741975841,271.9,808,3.96E+00
1491,4.35,-0.483282383,-0.875464527,272.4,807,5.85E+00
1492,4.55,-0.529919264,-0.848048096,273.2,806,6.09E+00
1493,4.58,-0.55048074,-0.834847863,273.2,806,9.15E+00
1494,5.02,-0.594822787,-0.803856861,273.8,805,1.17E+01
1495,5.11,-0.675590208,-0.737277337,274.3,805,7.38E+00
1496,5.1,-0.633380873,-0.77384021,275.5,805,3.30E+00
1497,4.73,-0.60737584,-0.794414621,276.3,804,3.80E+00
1498,6.13,-0.66653247,-0.745476,276.7,803,3.61E+00
1499,7.57,-0.562083378,-0.827080574,277.1,803,3.17E+00
1500,7.28,-0.663926213,-0.74779809,277.3,802,3.39E+00
1501,5.55,-0.590605668,-0.806960312,277.5,801,2.52E+00
1502,6.68,-0.627963058,-0.778243149,277,800,4.98E+00
1503,8.27,-0.493941867,-0.86949493,275,800,1.04E+01
1504,8.28,-0.342020143,-0.939692621,274.8,801,9.74E+00
1505,1.66,0.47715876,-0.878817113,272.8,801,9.39E+00
1506,3.21,-0.987688341,0.156434465,270.6,802,1.30E+01
1507,4.16,0.36162457,-0.932323801,267.7,802,1.03E+01
1508,2.28,0.071497444,-0.997440783,266.9,804,1.02E+01
1509,7.23,0.374606593,-0.927183855,264.4,803,1.22E+01
1510,8.84,0.374606593,-0.927183855,263.5,803,1.39E+01
1511,9.11,0.432085749,-0.901832526,262.9,802,3.49E+00
1512,9.97,0.464842046,-0.885393626,262.4,802,4.18E+00
1513,11.14,0.455544907,-0.890212805,261.3,802,-2.91E+00
1514,10.54,0.471011881,-0.882126866,260.7,801,-5.79E+00
1515,10.4,0.510542918,-0.859852272,260.3,801,-1.39E+01
1516,13.47,0.537299608,-0.843391446,260.5,801,-1.91E+01
1517,14.62,0.544639035,-0.838670568,260.2,800,-3.31E+01
1518,15.08,0.567843745,-0.823136369,260,800,0.00E+00
1519,15.27,0.594822787,-0.803856861,259.9,800,0.00E+00
1520,13.12,0.584957675,-0.811063819,260.4,801,0.00E+00
1521,13.13,0.566406237,-0.824126189,261.1,801,0.00E+00
1522,13.79,0.55048074,-0.834847863,261.8,801,-3.35E+01
1523,14.59,0.547563223,-0.836764313,262.5,801,0.00E+00
1524,14.75,0.547563223,-0.836764313,263.1,801,0.00E+00
1525,14.86,0.587785252,-0.809016994,263.4,801,0.00E+00
1526,14.57,0.596224875,-0.802817475,263.5,802,-2.27E+01
1527,13.89,0.577857624,-0.81613759,263.3,802,0.00E+00
1528,13.64,0.593418887,-0.804893797,263.4,802,0.00E+00
1529,12.65,0.569279523,-0.822144041,263.2,804,0.00E+00
1530,11.21,0.593418887,-0.804893797,263.7,805,0.00E+00
1531,6.35,0.518027009,-0.85536426,263.5,806,0.00E+00
1532,7.99,0.54170821,-0.840566603,263.2,806,0.00E+00
1533,6.78,0.600420225,-0.799684658,262.8,806,0.00E+00
1534,6.95,0.566406237,-0.824126189,262.8,807,0.00E+00
1535,7.9,0.67815967,-0.734914595,263.3,806,-1.81E+01
1536,5.98,0.63742399,-0.770513243,263.4,807,-1.10E+01
1537,4.91,0.634730513,-0.772733573,263.3,808,-8.96E+00
1538,8.96,0.74779809,-0.663926213,263.4,807,-2.26E+01
1539,9.87,0.769399555,-0.638767818,263,808,0.00E+00
1540,8.42,0.727772758,-0.685818353,262.4,810,-8.24E+00
1541,7.73,0.777145961,-0.629320391,262.3,810,-1.01E+01
1542,9.02,0.799684658,-0.600420225,262,810,-5.22E+00
1543,8.47,0.778243149,-0.627963058,261.7,811,-3.87E+00
1544,8.01,0.738455341,-0.674302388,261.5,812,-8.68E+00
1545,8.03,0.786935022,-0.617035875,262.4,813,-7.53E+00
1546,7.69,0.830012285,-0.557745109,263.5,814,-8.88E+00
1547,7.98,0.837718717,-0.546101961,264.1,815,-8.72E+00
1548,7.9,0.81613759,-0.577857624,264.7,815,-2.71E+01
1549,7.42,0.801775644,-0.597625147,265.1,816,-1.28E+01
1550,7.4,0.800731371,-0.599023599,265.1,816,-2.49E+01
1551,6.66,0.766044443,-0.64278761,264.9,816,0.00E+00
1552,5.73,0.695912797,-0.718126298,264.5,817,0.00E+00
1553,2.36,0.154710386,-0.987959866,265.2,816,0.00E+00
1554,3.66,-0.667832555,-0.744311546,261.2,817,0.00E+00
1555,3.73,-0.799684658,-0.600420225,261.3,817,0.00E+00
1556,3.74,-0.48480962,-0.874619707,261.5,817,0.00E+00
1557,3.65,-0.294040325,-0.955793015,261.2,816,0.00E+00
1558,3.75,-0.62114778,-0.783693457,261.5,816,0.00E+00
1559,3.83,-0.546101961,-0.837718717,261.7,816,0.00E+00
1560,3.82,-0.495458668,-0.868631514,261.3,817,-5.71E+00
1561,3.73,-0.422618262,-0.906307787,261,816,1.12E+00
1562,3.84,-0.282341457,-0.959313975,261.4,816,-7.74E+00
1563,3.5,-0.475624209,-0.879648573,261,815,-1.06E+01
1564,3.47,-0.523985906,-0.851726934,261,816,-4.97E+00
1565,3.9,0.092370587,-0.995724698,261.7,815,-1.37E+01
1566,4.19,0.322265695,-0.94664926,263.4,815,0.00E+00
1567,4.78,0.395545503,-0.918446381,265.1,815,-1.23E+01
1568,5.13,0.438371147,-0.898794046,267.3,816,-2.11E+01
1569,5.53,0.409923034,-0.912120116,268.2,816,-2.11E+01
1570,5.19,0.433659085,-0.901077021,268.8,815,-7.33E+00
1571,3.91,0.463296035,-0.886203579,269.5,815,-4.06E+00
1572,3.43,0.430511097,-0.902585284,270.1,816,-3.38E+00
1573,3.24,0.369746757,-0.929132572,270.5,816,-4.56E+00
1574,3.2,0.323917418,-0.946085359,270.7,815,-7.26E+00
1575,3.51,0.139173101,-0.990268069,270.6,815,-5.29E+00
1576,3.74,-0.104528463,-0.994521895,270.1,815,-2.94E+00
1577,1.88,-0.670426619,-0.741975841,269.3,814,-1.53E+01
1578,4.1,-0.231747903,-0.972775878,266.1,813,-1.73E+01
1579,4.24,-0.159881188,-0.987136265,267.1,814,-7.92E+00
1580,4.53,-0.243615012,-0.969872015,267.9,813,-2.14E+00
1581,5.14,-0.297374874,-0.9547608,268,812,3.29E-01
1582,5.35,-0.403545296,-0.914959668,268.1,813,2.98E+00
1583,5.11,-0.230049737,-0.973178873,268.3,813,7.23E+00
1584,4.5,-0.250380004,-0.96814764,267.8,813,1.06E+01
1585,4.39,-0.390731128,-0.920504853,267.5,812,7.52E+00
1586,4.39,-0.16848938,-0.985703469,268.4,812,5.88E+00
1587,4.17,-0.260504509,-0.965472631,268.5,812,6.42E+00
1588,3.6,-0.416280792,-0.909236109,268.7,812,9.36E+00
1589,3.77,-0.424199423,-0.905568799,268.1,811,4.78E+00
1590,5.1,-0.071497444,-0.997440783,269.4,810,5.50E+00
1591,5.94,-0.092370587,-0.995724698,270.8,811,7.52E+00
1592,6.18,-0.121869343,-0.992546152,272.5,812,6.30E+00
1593,5.89,-0.121869343,-0.992546152,273.6,811,5.16E+00
1594,5.97,-0.102792537,-0.994702817,274.5,811,5.04E+00
1595,5.21,-0.038387809,-0.999262916,275.1,811,4.72E+00
1596,4.97,0.026176948,-0.999657325,275.3,811,4.62E+00
1597,4.28,0.052335956,-0.998629535,275.5,811,4.34E+00
1598,3.81,0.054078813,-0.99853667,276,810,4.18E+00
1599,3.07,-0.125333234,-0.992114701,275.8,810,3.42E+00
1600,2.91,-0.299040792,-0.954240329,275.3,810,3.53E+00
1601,2.32,-0.999876632,-0.015707317,274.4,807,3.50E+00
1602,4.4,-0.475624209,-0.879648573,272.1,807,4.00E+00
1603,6.14,-0.594822787,-0.803856861,273.6,807,3.49E+00
1604,6,-0.529919264,-0.848048096,273.6,807,5.36E+00
1605,6.06,-0.085416923,-0.996345296,272.8,807,9.90E+00
1606,5.54,0.133986185,-0.9909832,271.6,806,1.07E+01
1607,5.78,0.258819045,-0.965925826,272,807,1.19E+01
1608,4.73,0.3007058,-0.953716951,271.1,807,9.43E+00
1609,4.91,0.195946144,-0.980614659,270.9,806,3.15E+00
1610,5.17,0.257132793,-0.966376079,270.7,806,2.75E+00
1611,4.54,0.231747903,-0.972775878,270.6,807,7.93E+00
1612,4.86,0.069756474,-0.99756405,270.7,807,3.55E+00
1613,5.08,-0.109734311,-0.993960955,270.6,806,4.43E+00
1614,5.93,0.073238197,-0.997314477,270.3,806,-1.86E-01
1615,6.3,0.185666615,-0.982612797,270.8,807,-2.15E+00
1616,7.01,0.348572047,-0.937281989,272.6,807,-4.51E+00
1617,6.3,0.267238376,-0.963630453,273.3,807,-2.34E+00
1618,7.14,0.146083029,-0.989272333,274.1,807,-1.66E+00
1619,7.14,-0.09931975,-0.99505557,274.9,807,-2.05E+00
1620,6.2,0.026176948,-0.999657325,275.3,807,-4.51E-01
1621,6.08,0.135715572,-0.99074784,275.9,807,-3.75E+00
1622,5.12,-0.033155178,-0.999450216,275.7,807,-4.41E+00
1623,4.64,0.078459096,-0.996917334,275.9,807,-5.73E+00
1624,3.42,0.106264071,-0.994337944,275.5,807,-5.41E+00
1625,4.07,-0.253757945,-0.967267753,275.5,805,-5.16E+00
1626,4.53,0.189095443,-0.981958713,274.8,805,2.12E+00
1627,3.89,0.265556117,-0.964095404,273.1,805,1.15E+01
1628,4.62,0.75011107,-0.661311865,272.2,805,1.40E+01
1629,3.86,0.660001668,-0.751264134,271.2,805,1.34E+01
1630,4.26,-0.029666244,-0.99955986,271.3,805,1.27E+01
1631,4.88,-0.001745328,-0.999998477,271.8,804,8.56E+00
1632,4.96,-0.128795597,-0.991671162,271.8,805,1.03E+01
1633,6.09,0.211324796,-0.977415894,271.3,805,1.29E+00
1634,8.58,0.615661475,-0.788010754,269.5,805,-2.36E+00
1635,6.84,0.385906042,-0.922538089,268.5,806,-1.44E+00
1636,6.37,0.211324796,-0.977415894,267.2,806,-3.58E+00
1637,7.74,0.130526192,-0.991444861,266.3,805,-7.50E+00
1638,8.95,0.3007058,-0.953716951,266,805,-1.28E+01
1639,10,0.368124553,-0.929776486,265.8,805,-7.65E+00
1640,9.74,0.425779292,-0.904827052,265.8,806,3.67E+00
1641,10.08,0.35836795,-0.933580426,266.1,807,2.36E+00
1642,9.13,0.40833046,-0.912834177,265.9,807,-2.90E+00
1643,8.55,0.49848774,-0.866896749,266.4,808,-3.21E+01
1644,9.2,0.601815023,-0.79863551,267.3,809,-7.66E+00
1645,9.09,0.68199836,-0.731353702,267.9,809,-2.30E+01
1646,9.67,0.76266833,-0.64678978,268.1,810,0.00E+00
1647,9.51,0.785856893,-0.618408395,268.2,811,-3.66E+01
1648,8.97,0.770513243,-0.63742399,267.9,812,0.00E+00
1649,1.67,0.447759088,-0.894154237,266.6,813,0.00E+00
1650,3.66,-0.885393626,-0.464842046,261.7,813,0.00E+00
1651,2.04,-0.06104854,-0.998134798,260.5,814,0.00E+00
1652,2.32,0.00698126,-0.999975631,259.8,815,0.00E+00
1653,5.97,0.547563223,-0.836764313,262.8,814,0.00E+00
1654,5.99,0.573576436,-0.819152044,262.6,815,0.00E+00
1655,6.34,0.634730513,-0.772733573,262.6,815,0.00E+00
1656,4.53,0.64412363,-0.764921401,261.6,816,0.00E+00
1657,3.99,0.364876784,-0.931055816,260,816,0.00E+00
1658,3.02,0.109734311,-0.993960955,258.7,816,0.00E+00
1659,2.88,-0.034899497,-0.999390827,258.8,816,0.00E+00
1660,3.91,0.430511097,-0.902585284,259.8,817,-1.23E+01
1661,4.12,0.376224263,-0.926528631,260.3,818,-1.20E+01
1662,4.11,0.292371705,-0.956304756,260.6,818,-2.91E+01
1663,3.64,0.458649554,-0.888617233,263.6,819,-8.72E+00
1664,4.11,0.859852272,-0.510542918,267.7,819,-4.05E+00
1665,3.33,0.966823389,-0.255445758,269.7,820,-8.05E+00
1666,2.13,0.985407898,0.170209499,271.1,820,-2.39E+01
1667,2.36,0.893371388,0.449318999,272.3,820,-2.35E+01
1668,2.62,0.823136369,0.567843745,273.3,820,-1.14E+01
1669,2.65,0.743144825,0.669130606,273.8,821,-8.89E+00
1670,2.07,0.739631095,0.673012514,273.9,821,-5.82E+00
1671,1.24,0.884580975,0.46638664,273.9,821,-7.31E+00
1672,0.75,0.921185406,0.38912395,273.8,822,-2.32E+01
1673,1.6,-0.596224875,0.802817475,272,820,-2.25E+01
1674,3.86,-0.33873792,-0.940880769,267.8,820,-2.30E+01
1675,4.21,-0.15126082,-0.988493887,268,821,-2.44E+01
1676,4.2,-0.04884977,-0.998806137,267.6,821,-4.53E+00
1677,4.47,-0.163325962,-0.986572162,268.5,820,-2.31E+00
1678,4.38,-0.278991106,-0.960293686,267.6,820,-2.02E+00
1679,4.34,-0.29570805,-0.955278362,267.3,820,5.13E+00
1680,4.53,-0.353474844,-0.935444031,267.6,820,1.05E+01
1681,4.52,-0.246999013,-0.969015731,267.5,820,1.20E+01
1682,4.4,-0.330514393,-0.943800952,267.3,819,9.53E+00
1683,4.24,-0.320612991,-0.947210278,267.1,819,8.39E+00
1684,3.81,-0.405141587,-0.914253955,267.7,820,1.41E+01
1685,3.64,-0.359996808,-0.932953535,268.3,819,1.40E+01
1686,4.25,-0.366501227,-0.930417568,266.9,819,1.29E+01
1687,3.72,-0.332161132,-0.943222658,267.9,819,1.01E+01
1688,2.39,-0.444635179,-0.89571176,270.9,820,1.10E+01
1689,1.02,-0.953190668,-0.302369891,272.8,820,7.85E+00
1690,0.97,-0.912120116,0.409923034,273.6,819,5.24E+00
1691,1.66,-0.997052752,0.076719028,274.3,819,5.02E+00
1692,1.19,-0.954240329,0.299040792,274.8,820,4.89E+00
1693,1.63,-0.977783237,-0.209618563,275.1,819,6.30E+00
1694,1.74,-0.745476,-0.66653247,275,819,3.89E+00
1695,1.31,-0.670426619,-0.741975841,274.9,818,2.12E+00
1696,0.83,-0.58212297,-0.813100761,274.7,819,2.63E+00
1697,1.84,0.433659085,0.901077021,272.7,819,2.03E+00
1698,1.53,0.113203214,0.993571856,268.7,820,1.91E+00
1699,2.32,-0.273959219,-0.96174131,267.6,820,2.03E+00
1700,3.96,-0.390731128,-0.920504853,267.8,820,1.74E+00
1701,4.1,-0.337095258,-0.941470545,267.9,820,1.53E+00
1702,4.22,-0.280666709,-0.959805292,267.8,820,1.63E+00
1703,4.27,-0.305695305,-0.952129393,267.7,820,1.92E+00
1704,4.25,-0.280666709,-0.959805292,267.6,820,1.46E+00
1705,4.35,-0.3007058,-0.953716951,267.6,820,1.02E+00
1706,4.47,-0.328866647,-0.94437637,267.6,819,9.12E-01
1707,4.45,-0.290702194,-0.956813584,267.5,819,3.92E-02
1708,4.33,-0.28736052,-0.957822495,267.2,820,-1.23E+00
1709,4.6,-0.395545503,-0.918446381,267.4,820,5.02E+00
1710,4.69,-0.455544907,-0.890212805,267.6,820,1.09E+01
1711,4.55,-0.537299608,-0.843391446,269.3,820,1.28E+01
1712,4.08,-0.58212297,-0.813100761,272.2,820,1.12E+01
1713,4.18,-0.584957675,-0.811063819,274,820,7.40E+00
1714,3.36,-0.6142852,-0.789084085,275.6,819,7.83E+00
1715,3.28,-0.687087511,-0.726574671,276.5,819,1.11E+01
1716,3.13,-0.745476,-0.66653247,277,819,8.91E+00
1717,2.9,-0.740804596,-0.671720589,277.3,819,6.74E+00
1718,2.73,-0.725374371,-0.688354576,277.3,818,9.90E+00
1719,2.4,-0.71447268,-0.699663341,277.2,818,1.02E+01
1720,2.53,-0.667832555,-0.744311546,276.8,818,6.53E+00
1721,3.78,-0.557745109,-0.830012285,274.9,817,9.52E+00
1722,4.96,-0.433659085,-0.901077021,271.7,816,1.02E+01
1723,5.07,-0.422618262,-0.906307787,271.8,816,7.58E+00
1724,5.14,-0.438371147,-0.898794046,272.1,816,5.89E+00
1725,5.17,-0.458649554,-0.888617233,272.2,816,4.66E+00
1726,5.35,-0.53139858,-0.847121921,272.4,815,4.38E+00
1727,5.44,-0.516533329,-0.856267085,272.6,815,4.02E+00
1728,5.43,-0.503019947,-0.864274802,272.8,815,2.72E+00
1729,5.54,-0.49242356,-0.870355696,273,814,2.82E+00
1730,5.57,-0.46638664,-0.884580975,273.3,814,3.00E+00
1731,5.56,-0.409923034,-0.912120116,273.2,814,6.06E+00
1732,5.45,-0.369746757,-0.929132572,273,814,1.17E+01
1733,5.5,-0.322265695,-0.94664926,273.3,813,1.31E+01
1734,5.35,-0.325568154,-0.945518576,273.3,813,1.30E+01
1735,4.92,-0.33545157,-0.942057453,274.9,813,1.40E+01
1736,3.52,-0.356737999,-0.934204474,277.8,813,1.33E+01
1737,2.29,-0.350207381,-0.936672189,279.8,813,5.88E+00
1738,1.95,-0.299040792,-0.954240329,281.2,812,3.28E+00
1739,2.66,-0.202787295,-0.979222811,282.1,812,4.08E+00
1740,3.05,-0.282341457,-0.959313975,282.5,812,3.69E+00
1741,2.51,-0.444635179,-0.89571176,282.8,811,3.48E+00
1742,2.32,-0.661311865,-0.75011107,283,811,2.97E+00
1743,2.28,-0.925209718,-0.37945616,283,810,2.82E+00
1744,1.99,-0.981627183,-0.190808995,282.4,810,8.07E+00
1745,1.97,-0.948876012,0.315649037,280.3,808,8.28E+00
1746,0.45,0.15126082,0.988493887,276.9,808,7.49E+00
1747,2.81,0.273959219,-0.96174131,276,808,8.99E+00
1748,3.12,0.034899497,-0.999390827,275.8,807,8.47E+00
1749,1.59,0.53139858,-0.847121921,275.6,807,7.01E+00
1750,3.15,0.149535343,-0.988756381,274.9,806,5.99E+00
1751,3.15,0.06279052,-0.998026728,275,806,4.86E+00
1752,3.29,-0.33873792,-0.940880769,275.8,806,2.88E+00
1753,1.44,0.116670737,-0.99317065,276.7,805,2.55E-01
1754,1.74,0.052335956,-0.998629535,275.8,805,1.27E+00
1755,4.28,-0.567843745,-0.823136369,276.3,804,1.99E+00
1756,6.49,-0.843391446,-0.537299608,279.5,805,1.62E+00
1757,5.47,-0.788010754,-0.615661475,277.5,804,1.16E+00
1758,3.97,-0.382683432,-0.923879533,275.4,803,6.47E-01
1759,4.35,-0.745476,-0.66653247,277.9,803,-6.00E-01
1760,3.27,-0.964557418,0.26387305,280.3,804,-8.14E-01
1761,3.76,-0.952129393,-0.305695305,281.7,803,-1.84E+00
1762,4.91,-0.941470545,-0.337095258,282.1,803,-2.97E+00
1763,4.78,-0.732542899,-0.680720869,281.7,803,-3.56E+00
1764,3.44,-0.924546034,-0.381070376,281.7,803,-3.00E-01
1765,4.32,-0.856267085,-0.516533329,281.8,803,-3.19E+00
1766,4.02,-0.904827052,-0.425779292,281.5,803,7.69E+00
1767,2.82,-0.994521895,0.104528463,279.2,803,1.34E+01
1768,1.18,-0.886203579,-0.463296035,278.1,803,1.04E+01
1769,0.74,-0.547563223,0.836764313,277.6,804,8.10E+00
1770,2.93,-0.02094242,0.999780683,275.3,803,7.72E+00
1771,2.88,-0.05059294,0.998719357,274.6,803,5.63E+00
1772,2.43,0.095845753,0.995396198,273.4,804,2.48E+00
1773,2.07,-0.088894297,0.996041065,272.9,803,-1.53E+00
1774,1.98,0.238533458,0.97113428,272.4,802,4.07E+00
1775,2.62,-0.120136839,0.992757342,271.8,802,-1.51E+00
1776,2.62,0.173648178,0.984807753,270.5,803,1.06E+00
1777,1.72,0.705871571,0.708339838,269.6,802,5.31E+00
1778,1.43,0.969015731,0.246999013,269.5,802,4.42E+00
1779,1.4,0.929132572,0.369746757,269.6,802,2.38E+00
1780,2.5,0.957822495,0.28736052,269.6,802,-5.69E+00
1781,4.5,0.89648643,0.443071191,269,801,-1.36E+01
1782,3.16,0.387515586,0.921863152,267.3,801,-2.72E+01
1783,0.96,-0.125333234,0.992114701,265.8,802,-3.17E+01
1784,0.57,-0.788010754,0.615661475,266.4,803,-2.92E+01
1785,0.83,-0.802817475,-0.596224875,268.8,802,-3.54E+01
1786,0.28,-0.744311546,-0.667832555,270.7,802,-2.97E+01
1787,0.82,-0.346935652,0.937888935,271.4,803,-2.47E+01
1788,1.14,-0.94664926,0.322265695,271.3,803,-2.58E+01
1789,3.48,-0.102792537,-0.994702817,272.5,803,0.00E+00
1790,2.93,-0.104528463,-0.994521895,271.8,804,-2.96E+01
1791,3.48,0.012217001,-0.99992537,271.8,804,-2.24E+01
1792,2.08,0.277314653,-0.960779154,271.9,805,-1.87E+01
1793,1.16,0.36325123,-0.931691228,271.1,805,-1.30E+01
1794,1.66,-0.87630668,0.481753674,268,805,-9.13E+00
1795,2.39,-0.978867389,0.204496052,266.9,806,-2.53E+00
1796,1.91,-0.951056516,-0.309016994,268.9,806,-3.60E+00
1797,3.31,-0.192521967,-0.981292664,269.3,807,2.59E+00
1798,4.58,0.081938509,-0.996637387,268.3,807,9.42E+00
1799,4.72,0.170209499,-0.985407898,268.8,807,9.29E+00
1800,4.51,0.095845753,-0.995396198,268.6,808,1.01E+01
1801,5.07,0.33873792,-0.940880769,269.3,808,7.73E+00
1802,4.74,0.139173101,-0.990268069,268.4,808,6.52E+00
1803,4.64,0.219846204,-0.975534544,268.5,808,6.62E+00
1804,4.49,-0.029666244,-0.99955986,267.8,808,1.19E+01
1805,4.16,0.036643709,-0.999328394,266.4,808,1.27E+01
1806,3.94,-0.159881188,-0.987136265,265.2,808,1.16E+01
1807,3.14,-0.231747903,-0.972775878,268.9,808,2.73E+00
1808,2.24,-0.597625147,-0.801775644,274,809,-8.92E-01
1809,3.62,-0.745476,-0.66653247,275.2,809,-3.08E+00
1810,4.42,-0.768283524,-0.640109699,275.4,808,3.85E-01
1811,4.04,-0.942641491,-0.333806859,276,808,-3.10E+00
1812,3.97,-0.97236992,-0.233445364,275.9,808,-1.44E+00
1813,3.99,-0.966823389,-0.255445758,276.5,808,2.17E+00
1814,4.16,-0.989776231,-0.142628934,276.4,807,1.33E+01
1815,3.2,-0.996041065,-0.088894297,276.2,806,1.32E+01
1816,2.08,-0.959313975,-0.282341457,275.9,806,1.06E+01
1817,2.45,-0.683273774,-0.730162277,274.8,807,9.50E+00
1818,3.71,-0.421035813,-0.907044014,270.6,807,7.19E+00
1819,4.15,-0.560638995,-0.828060335,271.3,807,6.21E+00
1820,4.07,-0.441505853,-0.89725837,271,807,5.00E+00
1821,4.13,-0.284015345,-0.958819735,270.9,807,4.42E+00
1822,4.26,-0.583541211,-0.812083527,272.7,807,2.90E+00
1823,4.98,-0.669130606,-0.743144825,273.4,807,1.03E+00
1824,5.05,-0.53139858,-0.847121921,273.3,807,-4.88E-01
1825,4.51,-0.452434709,-0.89179753,273.6,807,1.08E+00
1826,4.39,-0.116670737,-0.99317065,272.4,806,2.73E+00
1827,4.39,-0.255445758,-0.966823389,272.7,806,1.84E+00
1828,4.16,-0.43993917,-0.898027576,273.2,806,1.62E+00
1829,3.87,-0.278991106,-0.960293686,273.1,805,1.24E+01
1830,3.76,-0.113203214,-0.993571856,273.4,805,1.32E+01
1831,1.3,-0.758134336,-0.652098404,274.1,805,1.40E+01
1832,0.99,0.414693243,-0.909961271,276.3,805,6.61E+00
1833,1.38,0.038387809,-0.999262916,276.5,804,1.10E+01
1834,1.84,0.758134336,0.652098404,276.8,804,1.29E+01
1835,2.46,0.255445758,0.966823389,276.1,804,6.95E+00
1836,2.58,0.519519112,0.85445883,275.1,804,8.98E+00
1837,3.88,0.996041065,-0.088894297,275,804,5.67E+00
1838,4.39,0.975534544,-0.219846204,274,803,4.64E+00
1839,4.53,0.980271175,-0.19765734,273.4,803,4.12E+00
1840,4.14,0.99317065,-0.116670737,273,804,3.81E+00
1841,2.11,0.958322574,0.285688367,270.6,806,3.58E+00
1842,2.59,0.990509463,-0.137444546,269.4,806,2.90E+00
1843,2.42,0.818149717,-0.575005252,268.5,807,1.36E+00
1844,3.86,0.79863551,-0.601815023,267.6,807,7.84E-01
1845,4.39,0.792289643,-0.610145164,267.8,807,2.42E+00
1846,2.18,0.877146164,-0.480223497,267.4,807,1.65E+00
1847,0.4,-0.653420604,-0.756995056,266.3,807,-2.02E+00
1848,4.15,0.801775644,-0.597625147,265.9,808,-1.41E+00
1849,2.98,0.777145961,-0.629320391,265.5,808,8.06E-01
1850,2.89,0.942057453,-0.33545157,265.7,808,2.04E+00
1851,2.15,-0.771624583,0.63607822,265.3,809,4.42E+00
1852,2.25,-0.976672278,0.214735327,262.3,809,9.71E+00
1853,3.28,-0.75470958,-0.656059029,262.7,809,8.76E+00
1854,2.55,-0.525471651,-0.850811109,262.2,809,1.74E+00
1855,0.97,-0.120136839,-0.992757342,266,810,-4.37E+00
1856,3.74,0.759271307,-0.650774217,267.9,810,-5.75E+00
1857,4.74,0.769399555,-0.638767818,268.9,811,-6.21E+00
1858,5.19,0.744311546,-0.667832555,269.9,811,-6.60E+00
1859,3.81,0.788010754,-0.615661475,270.4,811,-9.44E+00
1860,4.52,0.713250449,-0.700909264,270.6,811,-9.76E+00
1861,4.86,0.699663341,-0.71447268,270.8,811,-1.06E+01
1862,3.99,0.744311546,-0.667832555,270.9,811,-1.59E+01
1863,3.93,0.698415285,-0.715692734,271,811,-1.85E+01
1864,3.62,0.660001668,-0.751264134,270.7,811,-2.39E+01
1865,1.77,0.158158067,-0.987413807,269.5,811,-2.03E+01
1866,3.43,-0.092370587,-0.995724698,266.6,811,-2.08E+01
1867,4.7,0.377840787,-0.925870585,266.5,811,-2.27E+01
1868,4.22,0.299040792,-0.954240329,265.9,811,-2.19E+01
1869,4.42,0.297374874,-0.9547608,265.4,811,-1.68E+01
1870,4.14,0.140901232,-0.990023658,264.7,811,-1.77E+01
1871,4.06,-0.130526192,-0.991444861,263.9,811,-1.48E+01
1872,4.06,-0.158158067,-0.987413807,263.9,811,-1.34E+01
1873,4.58,0.107999356,-0.994150964,266.5,811,-6.42E+00
1874,4.78,0.209618563,-0.977783237,267.2,810,5.64E+00
1875,6.09,0.068015291,-0.997684279,268,810,5.67E+00
1876,5.67,-0.019197442,-0.999815712,268,810,6.12E+00
1877,5.45,0.00698126,-0.999975631,267.8,810,7.37E+00
1878,5.11,0.071497444,-0.997440783,267.2,810,6.70E+00
1879,5.07,0.127064609,-0.991894443,268.2,810,9.37E+00
1880,6.09,0.209618563,-0.977783237,269.2,810,1.34E+01
1881,7.34,0.156434465,-0.987688341,269.9,810,5.40E+00
1882,7.95,0.252069358,-0.96770917,270.2,810,4.00E+00
1883,7.97,0.290702194,-0.956813584,270.6,810,2.80E+00
1884,7.85,0.377840787,-0.925870585,271,810,1.37E+00
1885,7.23,0.452434709,-0.89179753,271.3,810,2.23E-01
1886,6.17,0.43993917,-0.898027576,271.5,810,-5.44E+00
1887,5.03,0.353474844,-0.935444031,271.4,810,-7.78E+00
1888,4.69,0.290702194,-0.956813584,271.1,811,-7.60E+00
1889,1.69,-0.156434465,-0.987688341,271,810,-9.93E+00
1890,3.37,-0.941470545,-0.337095258,266,811,-8.83E+00
1891,4,-0.728968627,-0.684547106,266,811,-5.52E+00
1892,4.05,0.001745328,-0.999998477,265.9,811,-7.04E+00
1893,4.03,-0.06104854,-0.998134798,265.7,811,-6.72E+00
1894,4.21,0.272280247,-0.962217994,266.7,811,-7.06E+00
1895,4.25,0.41310443,-0.910683661,267,811,-1.86E+01
1896,3.96,0.318959309,-0.94776841,265.7,812,0.00E+00
1897,4.22,-0.41310443,-0.910683661,267.2,812,-6.39E+00
1898,3.96,-0.599023599,-0.800731371,265.4,812,4.86E+00
1899,3.96,-0.725374371,-0.688354576,265.4,812,8.73E+00
1900,4.12,-0.656059029,-0.75470958,266,812,1.28E+01
1901,4.68,-0.432085749,-0.901832526,267.2,812,1.38E+01
1902,4.49,-0.369746757,-0.929132572,267,812,1.41E+01
1903,3.99,-0.297374874,-0.9547608,269.1,812,1.35E+01
1904,3.2,-0.078459096,-0.996917334,271.7,813,1.22E+01
1905,3.84,-0.248689887,-0.968583161,272.7,813,3.07E+00
1906,3.86,-0.496973961,-0.867765453,273,813,1.84E+00
1907,3.67,-0.501510737,-0.865151421,273.6,813,2.45E+00
1908,3.37,-0.554844427,-0.831954122,274.3,814,4.89E+00
1909,2.83,-0.608761429,-0.79335334,274.9,813,1.28E+01
1910,2.29,-0.648119901,-0.761538308,275.2,813,1.12E+01
1911,1.86,-0.748955721,-0.662620048,275.4,813,2.68E+00
1912,1.81,-0.996917334,0.078459096,275.6,813,1.71E+00
1913,0.71,-0.660001668,0.751264134,275.1,812,1.68E+00
1914,0.85,0.02094242,0.999780683,271.1,813,3.34E+00
1915,1.91,-0.231747903,-0.972775878,269,813,7.73E+00
1916,3.96,-0.262189179,-0.965016494,269.7,813,9.85E+00
1917,4.26,-0.395545503,-0.918446381,270.4,813,6.89E+00
1918,4.32,-0.522498565,-0.852640164,271.4,813,-1.37E-01
1919,4.51,-0.507538363,-0.86162916,272,814,-1.61E+00
1920,4.53,-0.563526049,-0.826098294,272.3,815,-2.10E+00
1921,4.42,-0.544639035,-0.838670568,271.6,814,-6.01E-01
1922,4.38,-0.49242356,-0.870355696,271.4,814,2.56E+00
1923,4.46,-0.464842046,-0.885393626,271.6,814,4.32E+00
1924,4.41,-0.469471563,-0.882947593,271.5,815,4.47E+00
1925,4.42,-0.444635179,-0.89571176,271.5,815,3.55E+00
1926,4.13,-0.472550765,-0.881303452,272.5,814,3.20E+00
1927,3.19,-0.556295616,-0.830984469,274.4,815,1.59E+00
1928,2.89,-0.733729865,-0.679441304,276.6,815,2.03E+00
1929,2.82,-0.848971688,-0.528438335,278.6,815,4.80E+00
1930,3.32,-0.858064906,-0.513541252,279.2,815,7.03E+00
1931,2.73,-0.919821497,-0.392337117,280.4,814,7.27E+00
1932,2.53,-0.975149354,-0.221548498,281.1,815,7.26E+00
1933,4.17,-0.818149717,-0.575005252,280.3,815,9.17E+00
1934,2.8,-0.99121554,-0.13225639,279.5,814,6.99E+00
1935,3.54,-0.999975631,-0.00698126,280.2,814,4.31E+00
1936,1.54,-0.996194698,0.087155743,278.9,814,6.47E+00
1937,2.25,-0.163325962,0.986572162,276.1,813,6.83E+00
1938,2.28,0.421035813,0.907044014,274.5,814,5.76E+00
1939,1.88,0.951056516,0.309016994,274.1,814,4.28E+00
1940,2.84,0.207911691,0.978147601,274.2,813,4.10E+00
1941,1.98,0.726574671,0.687087511,273.8,813,3.48E+00
1942,2.81,-0.801775644,0.597625147,274.3,812,3.50E+00
1943,0.97,-0.384295323,-0.923210217,274.3,811,2.44E+00
1944,2.17,-0.862513669,-0.506033764,274.4,810,2.37E+00
1945,1.15,-0.929776486,-0.368124553,274.8,809,1.35E+00
1946,3.55,-0.907777479,-0.419452082,275.4,808,-6.19E-02
1947,8.64,-0.818149717,-0.575005252,278.7,807,-3.32E+00
1948,9.11,-0.764921401,-0.64412363,278.6,806,-7.11E+00
1949,9.12,-0.667832555,-0.744311546,278.2,806,-8.78E+00
1950,8.37,-0.6059884,-0.795473481,277.7,806,-7.66E+00
1951,9.73,-0.458649554,-0.888617233,278.5,805,-9.19E+00
1952,9.37,-0.474088209,-0.880477354,278.7,805,-1.30E+01
1953,10.01,-0.31067643,-0.950515732,279.2,805,-1.31E+01
1954,8.45,-0.307356618,-0.951594404,279.6,804,3.34E+00
1955,2.5,0.640109699,-0.768283524,278.5,806,9.83E+00
1956,3.26,0.481753674,-0.87630668,278.3,807,1.11E+01
1957,6.28,0.516533329,-0.856267085,277.8,807,1.42E+01
1958,4.95,0.663926213,-0.74779809,276.6,807,1.37E+01
1959,7.22,0.667832555,-0.744311546,275.3,808,2.31E-01
1960,7.09,0.657375246,-0.753563392,273.6,809,1.25E+01
1961,6.28,0.746638182,-0.665230355,275.5,807,7.58E+00
1962,4.94,0.770513243,-0.63742399,274.5,808,-3.07E+00
1963,4.64,0.687087511,-0.726574671,273.4,809,-1.23E+01
1964,1.78,0.435231099,-0.900318771,272.3,810,-1.32E+01
1965,1.81,0.345298199,-0.938493023,271.5,810,-2.30E+01
1966,2.88,-0.919135339,-0.39394191,271.2,811,0.00E+00
1967,4.7,0.435231099,-0.900318771,271.3,811,-3.30E+01
1968,5.53,0.449318999,-0.893371388,272,811,-2.11E+01
1969,4.22,0.255445758,-0.966823389,271.5,811,-1.38E+01
1970,3.6,0.19765734,-0.980271175,271,812,-1.43E+01
1971,4.16,-0.083677843,-0.996492859,271.4,812,-4.31E+00
1972,3.97,-0.250380004,-0.96814764,271.4,813,-2.73E+00
1973,3.95,-0.09931975,-0.99505557,271.7,812,-4.65E-01
1974,3.81,-0.397147891,-0.917754626,271.4,812,-8.49E+00
1975,2.67,-0.688354576,-0.725374371,274.2,812,-2.20E+01
1976,1.79,-0.90408255,-0.427357863,276.7,812,-1.87E+01
1977,2.08,-0.999742609,0.022687334,278.8,812,-3.01E+01
1978,4.13,-0.926528631,-0.376224263,279.9,811,-9.05E+00
1979,4.61,-0.91636273,-0.400349033,280,811,-2.93E-01
1980,4.95,-0.958819735,-0.284015345,280.4,811,3.57E+00
1981,5.23,-0.992757342,-0.120136839,280.7,810,1.42E+01
1982,5.53,-0.999262916,-0.038387809,280.1,810,8.53E+00
1983,6.45,-0.999986292,-0.005235964,280,809,5.72E+00
1984,6.64,-0.996194698,0.087155743,280.2,809,5.28E+00
1985,4.84,-0.983254908,0.182235525,279.5,807,4.06E+00
1986,2.47,-0.982935349,-0.183951351,274.8,806,2.62E+00
1987,6.91,-0.982935349,0.183951351,277.6,806,2.11E+00
1988,5.89,-0.999815712,0.019197442,276.8,806,7.32E-01
1989,5.72,-0.965016494,0.262189179,276.8,806,-1.48E+00
1990,9.6,-0.985703469,0.16848938,277.4,806,-3.15E+00
1991,3.78,-0.818149717,-0.575005252,274.1,806,-6.94E+00
1992,3.19,0.49848774,-0.866896749,272.1,806,-8.81E+00
1993,3.27,0.199367934,-0.979924705,272.1,806,-1.18E+01
1994,2.29,0.752414909,-0.65868946,272.3,805,-1.21E+01
1995,3.46,0.937281989,-0.348572047,271.7,806,-1.83E+01
1996,3.34,0.894934362,-0.446197813,270.9,806,-1.99E+01
1997,3.76,0.965016494,-0.262189179,270.9,806,-2.86E+01
1998,3.98,0.965472631,-0.260504509,270,806,-1.41E+00
1999,3.69,0.997440783,-0.071497444,270.3,807,-5.17E+00
2000,2.32,0.996637387,0.081938509,270.7,807,7.26E+00
2001,2.09,0.925209718,0.37945616,271.8,808,4.35E+00
2002,2.46,0.984807753,0.173648178,272.7,807,7.77E+00
2003,2.39,0.942641491,0.333806859,273.1,807,1.34E+01
2004,2.78,0.91636273,0.400349033,273.1,808,2.09E+00
2005,2.77,0.890212805,0.455544907,272.9,808,1.70E+00
2006,3.05,0.783693457,0.62114778,272.6,808,3.09E+00
2007,3.09,0.716910608,0.697165103,272.3,808,4.38E+00
2008,3.03,0.597625147,0.801775644,272.1,809,9.93E-01
2009,4.2,0.328866647,0.94437637,272.2,808,-2.67E+00
2010,3.42,0.005235964,0.999986292,271.7,809,-2.64E+00
2011,3.12,0.419452082,0.907777479,271,809,-1.56E+00
2012,3.4,0.480223497,0.877146164,270.6,809,-1.71E+00
2013,4.28,0.446197813,0.894934362,270.3,808,-1.94E+00
2014,2.99,0.387515586,0.921863152,270.3,808,-2.04E+00
2015,4.32,0.0975829,0.9952274,269.8,808,-2.38E+00
2016,5.01,0.400349033,0.91636273,268.5,808,-3.07E+00
2017,2.91,0.504527624,0.863395551,268,808,-2.30E+00
2018,3.14,0.610145164,0.792289643,268,807,-3.16E+00
2019,2.85,0.579281172,0.815127796,268.2,807,-5.55E+00
2020,2.9,0.49242356,0.870355696,268.2,807,-4.87E+00
2021,2.31,0.472550765,0.881303452,268.1,806,-3.33E+00
2022,1.98,0.715692734,0.698415285,268,806,-3.65E+00
2023,2.81,0.817144898,0.576432316,268.3,807,-4.16E+00
2024,2.97,0.900318771,0.435231099,268.6,808,-5.74E+00
2025,3.05,0.90408255,0.427357863,269,808,-6.90E+00
2026,3.24,0.936672189,0.350207381,269.6,808,-8.73E+00
2027,3.78,0.937281989,0.348572047,270,809,-1.00E+01
2028,4.47,0.96814764,0.250380004,270.3,809,-1.13E+01
2029,5.09,0.964095404,0.265556117,270.2,810,-1.32E+01
2030,5.36,0.97113428,0.238533458,270,810,-1.30E+01
2031,5.13,0.965925826,0.258819045,269.5,811,-1.32E+01
2032,4.78,0.99955986,0.029666244,269.1,812,-6.73E+00
2033,3.57,0.937281989,-0.348572047,269.1,811,-3.18E+00
2034,1.26,-0.63607822,-0.771624583,263.8,812,-3.13E+00
2035,3.72,-0.894154237,-0.447759088,262.1,813,-3.94E+00
2036,3.36,-0.163325962,-0.986572162,261.6,813,-1.72E+00
2037,3.95,-0.209618563,-0.977783237,261.9,814,3.92E-02
2038,4.26,-0.081938509,-0.996637387,262.6,814,-7.57E-01
2039,4.55,0.219846204,-0.975534544,265.2,815,-3.08E+00
2040,4.28,0.015707317,-0.999876632,264.3,815,-3.64E-01
2041,4.19,-0.446197813,-0.894934362,262.5,815,-5.89E+00
2042,4.53,0.116670737,-0.99317065,265,814,-6.05E+00
2043,5.11,0.213030386,-0.977045574,266,815,-1.12E+00
2044,4.65,0.054078813,-0.99853667,265.6,815,1.48E+00
2045,4.66,-0.092370587,-0.995724698,265.3,815,1.25E+01
2046,4.4,-0.178802215,-0.983885038,265.3,815,1.17E+01
2047,6.11,0.094108313,-0.995561965,268.5,814,1.37E+01
2048,6.93,0.06279052,-0.998026728,269.4,815,5.67E+00
2049,6.72,0.001745328,-0.999998477,270.4,815,1.34E+01
2050,6.6,-0.121869343,-0.992546152,271,815,1.12E+01
2051,5.92,-0.187381315,-0.982287251,271.7,815,1.38E+01
2052,5.85,-0.165047606,-0.986285602,272.3,815,5.12E+00
2053,6.22,-0.253757945,-0.967267753,272.7,814,4.12E+00
2054,6.78,-0.366501227,-0.930417568,272.9,813,-5.28E+00
2055,7.66,-0.275637356,-0.961261696,273.2,813,-1.02E+01
2056,7.25,-0.43993917,-0.898027576,272.8,813,-5.85E+00
2057,5.93,-0.189095443,-0.981958713,274,809,9.78E-01
2058,5.91,-0.116670737,-0.99317065,272.7,809,1.58E+00
2059,5.6,-0.033155178,-0.999450216,272.2,810,1.32E+00
2060,4.83,-0.055821505,-0.998440764,271.2,810,2.39E+00
2061,4.07,-0.34037955,-0.940288127,269.1,809,4.01E+00
2062,4.2,-0.537299608,-0.843391446,268.3,810,3.25E+00
2063,4.42,0.255445758,-0.966823389,271.9,809,3.47E+00
2064,2.93,-0.13225639,-0.99121554,268.4,809,-2.75E+00
2065,3.51,-0.019197442,-0.999815712,266.9,808,-1.63E+00
2066,4.91,0.435231099,-0.900318771,271,807,5.56E+00
2067,8.85,0.47715876,-0.878817113,271.8,807,-2.49E+00
2068,7.4,0.472550765,-0.881303452,271.8,808,-1.44E+00
2069,5.25,0.327217899,-0.944948912,269.7,808,-3.66E+01
2070,4.72,0.273959219,-0.96174131,268.7,808,-5.38E+00
2071,4.85,0.233445364,-0.97236992,270.1,808,-8.49E+00
2072,5.25,0.48480962,-0.874619707,270.9,809,-5.45E+00
2073,4.17,0.667832555,-0.744311546,271.3,810,-7.19E+00
2074,5.26,0.726574671,-0.687087511,271.3,810,7.20E+00
2075,3.81,0.821149209,-0.570713568,271.5,810,6.77E-02
2076,4.3,0.758134336,-0.652098404,271.4,811,-6.54E+00
2077,4.83,0.783693457,-0.62114778,271.2,811,3.65E-01
2078,5.01,0.733729865,-0.679441304,271,811,-4.17E+00
2079,4.61,0.790155012,-0.612907054,270.7,811,-3.66E+01
2080,2.92,0.629320391,-0.777145961,270.6,811,0.00E+00
2081,1.49,0.843391446,-0.537299608,272.3,811,-3.66E+01
2082,1.08,0.922538089,-0.385906042,269.6,810,-1.08E+01
2083,2.66,-0.612907054,-0.790155012,268.9,811,-1.07E+01
2084,3.38,-0.248689887,-0.968583161,269.4,811,-9.23E+00
2085,2.31,-0.471011881,-0.882126866,268.9,811,-1.07E+01
2086,2.53,-0.532876276,-0.846193166,268.8,810,-3.66E+01
2087,1.82,-0.460199785,-0.887815385,268.3,810,-1.94E+01
2088,0.96,-0.966376079,-0.257132793,268.7,810,0.00E+00
2089,1.39,-0.830012285,0.557745109,267,810,0.00E+00
2090,0.35,-0.964557418,0.26387305,263.7,809,3.43E+00
2091,0.67,-0.535826795,0.844327926,267.8,809,2.14E+00
2092,3.13,0.657375246,-0.753563392,269,809,1.96E+00
2093,2.67,0.593418887,-0.804893797,263.1,809,4.45E+00
2094,4.03,0.416280792,-0.909236109,263.2,809,-2.19E+00
2095,3.81,0.272280247,-0.962217994,268.2,810,-8.75E+00
2096,3.28,0.213030386,-0.977045574,269.5,811,-1.18E+00
2097,4.68,0.397147891,-0.917754626,270,811,1.27E+00
2098,6.52,0.409923034,-0.912120116,270.2,810,1.25E+01
2099,6.68,0.60737584,-0.794414621,270.5,810,7.80E+00
2100,5.9,0.790155012,-0.612907054,270.8,811,8.71E-01
2101,4.62,0.903335293,-0.428935133,270.5,812,-6.94E+00
2102,4.52,0.997185134,-0.074978727,269.9,812,-2.60E+00
2103,4.47,0.945518576,-0.325568154,269.6,813,-2.30E+00
2104,3.92,0.848971688,-0.528438335,269,814,-6.83E+00
2105,1.76,0.935444031,-0.353474844,270.9,814,-1.66E+01
2106,2.22,0.525471651,-0.850811109,266,813,0.00E+00
2107,3.2,0.107999356,-0.994150964,265.7,814,0.00E+00
2108,3.69,0.211324796,-0.977415894,267.5,814,0.00E+00
2109,3.89,0.366501227,-0.930417568,266.3,814,0.00E+00
2110,4.2,0.17708474,-0.984195608,266.4,814,0.00E+00
2111,4.82,0.206204185,-0.978508985,266.9,815,-2.81E+01
2112,4.72,0.353474844,-0.935444031,266.9,815,5.48E+00
2113,4.64,0.322265695,-0.94664926,266.5,815,9.70E+00
2114,4.58,0.121869343,-0.992546152,266.8,814,1.30E+01
2115,4.86,0.01396218,-0.999902524,266.8,815,9.72E+00
2116,4.28,-0.219846204,-0.975534544,266.1,815,2.51E+00
2117,4.59,-0.260504509,-0.965472631,266.2,814,8.75E+00
2118,5.24,-0.368124553,-0.929776486,267.4,813,8.14E+00
2119,5.84,-0.369746757,-0.929132572,270.1,814,3.06E+00
2120,5.03,-0.436801788,-0.899557779,271.1,814,3.89E+00
2121,5.74,-0.518027009,-0.85536426,272.2,813,8.05E+00
2122,6.79,-0.463296035,-0.886203579,272.9,811,1.41E+01
2123,6.89,-0.493941867,-0.86949493,274.2,811,1.40E+01
2124,6.85,-0.532876276,-0.846193166,274.7,810,1.30E+01
2125,5.76,-0.457097927,-0.889416373,275.3,810,1.44E+01
2126,6.24,-0.267238376,-0.963630453,276,808,1.21E+01
2127,6.29,-0.211324796,-0.977415894,276,808,1.22E+01
2128,6.62,-0.183951351,-0.982935349,275.9,808,1.19E+01
2129,5.4,-0.255445758,-0.966823389,277.2,805,1.01E+01
2130,3.88,-0.684547106,-0.728968627,274.5,806,1.19E+01
2131,6.16,-0.480223497,-0.877146164,275.7,805,1.17E+01
2132,5.39,0.653420604,-0.756995056,274.2,806,3.89E+00
2133,6.41,0.777145961,-0.629320391,271.5,806,-1.08E+00
2134,9.08,0.722967146,-0.690882411,271.3,806,-3.98E+00
2135,8.17,0.641449632,-0.767165152,270.4,807,-8.15E+00
2136,7.63,0.626603811,-0.779337965,269.4,808,-6.04E+00
2137,6.01,0.728968627,-0.684547106,267.8,808,1.69E+00
2138,7.45,0.726574671,-0.687087511,265.5,809,1.29E+01
2139,6.47,0.734914595,-0.67815967,263.6,809,1.39E+01
2140,0.62,0.751264134,0.660001668,261.9,810,-2.09E-01
2141,2.8,-0.449318999,0.893371388,261.4,812,-7.97E+00
2142,2.19,-0.262189179,0.965016494,261.2,813,-1.77E+00
2143,2.52,0.600420225,-0.799684658,261.1,813,6.42E+00
2144,2.98,0.868631514,-0.495458668,261.5,814,-1.73E+01
2145,2.52,0.950515732,-0.31067643,263,814,3.14E+00
2146,2.38,0.983885038,-0.178802215,264.3,815,7.27E+00
2147,2.08,0.999945169,-0.010471784,265.4,815,-1.79E+00
2148,1.6,0.996492859,0.083677843,266.4,815,0.00E+00
2149,1.75,0.967267753,0.253757945,267.1,815,0.00E+00
2150,1.35,0.99970149,-0.024432178,267.5,815,0.00E+00
2151,0.73,0.438371147,-0.898794046,267.9,815,-1.04E+01
2152,0.76,0.120136839,-0.992757342,267.7,816,-6.12E+00
2153,2.02,-0.333806859,0.942641491,265.4,814,-2.67E+00
2154,2.64,-0.207911691,0.978147601,264.5,816,2.24E+00
2155,1.85,-0.125333234,0.992114701,263.5,815,2.84E+00
2156,1.63,-0.09931975,0.99505557,262.8,815,2.63E+00
2157,1.16,-0.49848774,0.866896749,262.2,814,2.56E+00
2158,0.9,0.33873792,0.940880769,261.8,814,3.74E+00
2159,0.97,0.744311546,0.667832555,260.8,814,4.71E+00
2160,1.39,0.689619544,0.724171861,260.1,814,4.70E+00
2161,0.86,0.802817475,0.596224875,260.3,814,5.69E+00
2162,0.63,-0.187381315,-0.982287251,260.3,813,2.75E+00
2163,2.75,-0.345298199,-0.938493023,260,813,-1.11E+00
2164,3.17,-0.54317445,-0.839619865,262.8,813,-4.31E+00
2165,3.61,-0.634730513,-0.772733573,263.2,812,-4.25E+00
2166,3.38,-0.7193398,-0.69465837,263.6,811,-5.87E+00
2167,4.31,-0.710799474,-0.703394703,264.6,812,-8.91E+00
2168,4.69,-0.733729865,-0.679441304,266.2,812,-9.18E+00
2169,5,-0.710799474,-0.703394703,267.7,811,-9.01E+00
2170,4.95,-0.653420604,-0.756995056,269.1,810,-8.38E+00
2171,4.45,-0.583541211,-0.812083527,270.5,810,-8.52E+00
2172,4.12,-0.463296035,-0.886203579,271.8,810,-8.77E+00
2173,4.14,-0.446197813,-0.894934362,272.3,809,-8.03E+00
2174,3.5,-0.305695305,-0.952129393,272.9,808,-7.32E+00
2175,2.09,-0.201077921,-0.97957525,273.7,807,-8.82E+00
2176,1.15,-0.64278761,-0.766044443,274.3,807,-8.44E+00
2177,3.07,-0.874619707,-0.48480962,273.8,805,-6.06E+00
2178,3.27,-0.786935022,-0.617035875,270.3,805,1.40E-01
2179,4.2,-0.748955721,-0.662620048,270.3,803,4.05E+00
2180,3.71,-0.780430407,-0.625242656,269.5,802,8.71E+00
2181,3.86,-0.732542899,-0.680720869,269.7,801,9.21E+00
2182,5.14,-0.758134336,-0.652098404,271.8,800,4.61E+00
2183,7.23,-0.60737584,-0.794414621,273.6,799,-1.82E+00
2184,8.02,-0.376224263,-0.926528631,274.6,799,-4.85E+00
2185,9.03,-0.187381315,-0.982287251,274.8,798,-5.48E+00
2186,9.2,-0.005235964,-0.999986292,273.8,797,-6.17E+00
2187,9.4,0.130526192,-0.991444861,273.8,797,-8.08E+00
2188,8.57,0.258819045,-0.965925826,273.7,796,3.01E+00
2189,3.39,-0.421035813,0.907044014,268.6,796,1.18E+01
2190,2.57,-0.998440764,-0.055821505,268.8,797,1.05E+01
2191,0.86,-0.604599115,-0.796529918,272.5,798,2.11E+00
2192,0.4,-0.812083527,0.583541211,274.3,798,1.32E+01
2193,0.77,-0.231747903,-0.972775878,275.6,797,-7.85E-01
2194,2.28,-0.441505853,-0.89725837,276,797,9.82E-01
2195,2.79,-0.411514359,-0.911403277,276.2,797,-2.69E+00
2196,4.53,-0.61152704,-0.791223533,275.8,797,1.86E+00
2197,3.96,-0.337095258,-0.941470545,276.6,796,1.25E+01
2198,4.64,-0.041875654,-0.99912283,277,796,1.18E+01
2199,3.14,0.472550765,-0.881303452,276.1,797,1.11E+01
2200,5.09,0.791223533,-0.61152704,273.9,798,1.14E+01
2201,4.24,0.076719028,0.997052752,267.1,797,1.11E+01
2202,3.37,0.106264071,0.994337944,266.8,798,1.06E+01
2203,4.08,-0.054078813,0.99853667,265.8,798,7.61E+00
2204,4.55,-0.216439614,0.976296007,265.2,797,6.38E+00
2205,3.7,0.11493715,0.993372766,264.3,798,-4.90E+00
2206,3.47,0.483282383,0.875464527,264.1,800,-4.21E+00
2207,4.32,0.725374371,0.688354576,262.2,801,4.88E-02
2208,5.16,0.995561965,0.094108313,260.7,803,3.78E+00
2209,4.23,0.99317065,-0.116670737,259.8,803,3.66E+00
2210,4.9,0.909236109,-0.416280792,258.9,804,-1.85E-01
2211,5.52,0.79335334,-0.608761429,258.3,805,-4.91E-01
2212,7.61,0.809016994,-0.587785252,258.4,806,-7.96E-01
2213,6.05,0.823136369,-0.567843745,257.8,807,1.71E+00
2214,3.69,0.739631095,-0.673012514,257.1,808,5.92E+00
2215,3.84,0.77384021,-0.633380873,258.5,809,-2.06E+00
2216,4.45,0.725374371,-0.688354576,259.7,810,2.55E+00
2217,4.14,0.69465837,-0.7193398,260.6,810,5.14E+00
2218,4.35,0.653420604,-0.756995056,261.6,811,-1.90E+00
2219,4.55,0.493941867,-0.86949493,262.3,811,-1.22E+01
2220,4.58,0.471011881,-0.882126866,262.7,812,-2.92E+01
2221,4.68,0.474088209,-0.880477354,263.1,812,0.00E+00
2222,4.71,0.441505853,-0.89725837,263.4,812,-2.90E+01
2223,4.95,0.441505853,-0.89725837,263.7,812,-3.41E+01
2224,5.83,0.449318999,-0.893371388,263.9,812,0.00E+00
2225,4.39,0.36162457,-0.932323801,265.3,812,-1.35E+01
2226,4.12,-0.194234351,-0.980955155,263.1,812,-6.37E+00
2227,4.88,-0.173648178,-0.984807753,262.2,812,-8.38E+00
2228,4.44,-0.161603821,-0.986855716,262.6,812,-1.00E+01
2229,4.43,-0.064532308,-0.997915618,263.1,812,-8.78E+00
2230,4.43,-1.83772E-16,-1,263.1,812,-8.55E+00
2231,4.64,-0.240228042,-0.970716482,263.5,812,-1.07E+01
2232,4.9,-0.33545157,-0.942057453,264.5,812,0.00E+00
2233,4.62,-0.507538363,-0.86162916,264.2,812,-5.24E+00
2234,4.58,-0.562083378,-0.827080574,264.8,811,9.03E+00
2235,4.88,-0.562083378,-0.827080574,265.1,811,8.70E+00
2236,4.59,-0.421035813,-0.907044014,265.9,810,1.28E+01
2237,4.77,-0.481753674,-0.87630668,266.8,810,1.42E+01
2238,4.4,-0.327217899,-0.944948912,267.6,809,1.36E+01
2239,4.52,-0.135715572,-0.99074784,269.7,809,1.19E+01
2240,4.85,-0.064532308,-0.997915618,270.9,810,1.15E+01
2241,5.8,-0.034899497,-0.999390827,271.8,810,8.67E+00
2242,5.93,0.041875654,-0.99912283,272.4,809,1.10E+01
2243,6.63,0.09931975,-0.99505557,273,809,1.21E+01
2244,6.25,0.199367934,-0.979924705,273.1,810,1.46E+01
2245,5.95,0.289031797,-0.957319498,272.9,810,1.37E+01
2246,4.85,0.401947777,-0.915662593,272.9,810,-2.73E+00
2247,5.25,0.544639035,-0.838670568,273,810,-1.35E+00
2248,4.99,0.579281172,-0.815127796,272.7,810,1.61E+00
2249,3.27,0.731353702,-0.68199836,274.3,810,1.37E+00
2250,0.41,-0.67687597,0.736097087,271.5,811,6.26E-01
2251,0.69,0.726574671,0.687087511,268.9,811,1.36E+00
2252,0.34,0.583541211,-0.812083527,269,811,2.67E+00
2253,0.41,0.923879533,0.382683432,268.1,810,2.01E+00
2254,2.47,-0.226651307,-0.973975967,270.3,810,8.63E-01
2255,4.35,-0.230049737,-0.973178873,271.6,810,-6.11E-01
2256,3.9,-0.495458668,-0.868631514,270.9,810,-2.54E+00
2257,5.47,-0.512042865,-0.858959897,270.9,810,-1.58E+00
2258,5.86,-0.128795597,-0.991671162,271.4,809,2.92E+00
2259,4.73,0.223250116,-0.974761194,271.2,810,9.00E-01
2260,6.31,0.307356618,-0.951594404,271.5,809,3.19E+00
2261,5.55,0.36162457,-0.932323801,271.1,809,9.40E+00
2262,3.24,0.199367934,-0.979924705,269,809,7.59E+00
2263,2.3,0.519519112,-0.85445883,272.5,810,3.47E+00
2264,2.28,0.70463421,-0.709570737,273.2,810,-1.84E-01
2265,2.01,0.795473481,-0.6059884,273.5,811,-1.23E+00
2266,2.48,0.799684658,-0.600420225,273.7,811,-1.32E-01
2267,2.3,0.965472631,-0.260504509,273.2,811,-8.23E-02
2268,1.87,0.846193166,-0.532876276,273,812,7.52E+00
2269,3.48,0.988493887,-0.15126082,271.8,812,1.60E+00
2270,3.17,0.992114701,-0.125333234,271,811,2.26E+00
2271,2.7,0.997440783,0.071497444,270.5,811,3.19E+00
2272,2.45,0.984195608,0.17708474,269.4,812,2.83E+00
2273,2.43,0.154710386,0.987959866,271.2,811,2.09E+00
2274,2.95,-0.010471784,0.999945169,269.8,812,1.60E+00
2275,2.04,-0.178802215,0.983885038,268.2,811,1.57E-01
2276,1.94,0.292371705,0.956304756,267.2,811,-7.51E-01
2277,2,0.496973961,0.867765453,266.1,811,3.72E-01
2278,1.94,0.657375246,0.753563392,265.4,811,-3.56E+00
2279,2,0.769399555,0.638767818,265.2,811,-1.37E+01
2280,2.28,0.823136369,0.567843745,264.8,811,-1.44E+01
2281,2.74,0.950515732,0.31067643,263.5,811,-1.01E+01
2282,2.87,0.990509463,0.137444546,262.5,811,-1.38E+01
2283,2.83,0.96944535,0.245307386,262.1,811,-1.77E+01
2284,3.27,0.909961271,0.414693243,261.4,812,-1.23E+01
2285,3.34,0.85536426,0.518027009,260.6,812,-1.48E+01
2286,2.84,0.813100761,0.58212297,260.3,812,-1.59E+01
2287,2.27,0.834847863,0.55048074,260.2,813,-1.56E+01
2288,2.2,0.328866647,0.94437637,260.2,813,-1.32E+01
2289,1.45,0.140901232,0.990023658,260.7,814,-1.39E+01
2290,1.76,0.411514359,0.911403277,261.9,814,-1.15E+01
2291,2.08,0.469471563,0.882947593,262.9,813,-1.02E+01
2292,2.13,0.233445364,0.97236992,263.4,814,-9.20E+00
2293,1.6,-0.140901232,0.990023658,264.6,813,-1.04E+01
2294,2.45,0.0975829,0.9952274,264.4,813,-1.10E+01
2295,3.19,0.113203214,0.993571856,262.8,813,-1.57E+01
2296,2.38,0.034899497,0.999390827,262.4,814,-1.59E+01
2297,2.73,-0.165047606,0.986285602,262.7,813,-1.63E+01
2298,2.74,-0.104528463,0.994521895,261.9,812,-1.48E+01
2299,2.18,-0.464842046,0.885393626,260.9,812,-1.01E+01
2300,1.66,-0.101056297,0.994880709,259.5,812,-7.13E+00
2301,1.03,0.690882411,0.722967146,257.8,812,-6.58E+00
2302,1.73,0.038387809,-0.999262916,257.9,812,-5.91E+00
2303,3.09,-0.496973961,-0.867765453,260.7,812,-6.52E+00
2304,4,-0.641449632,-0.767165152,261.9,812,-7.72E+00
2305,4.96,-0.599023599,-0.800731371,261.4,811,-7.81E+00
2306,5.32,-0.551936985,-0.833885822,261.4,810,-7.26E+00
2307,4.93,-0.493941867,-0.86949493,261.4,810,-7.05E+00
2308,4.78,-0.487859659,-0.872922077,261.5,810,-8.44E+00
2309,4.86,-0.450877541,-0.892585818,261.9,809,-8.60E+00
2310,4.96,-0.446197813,-0.894934362,263.1,809,-9.13E+00
2311,4.9,-0.510542918,-0.859852272,265.9,809,-1.15E+01
2312,4.33,-0.537299608,-0.843391446,267.8,809,-7.68E+00
2313,2.61,-0.597625147,-0.801775644,269.8,809,-6.24E+00
2314,2.2,-0.782608157,-0.622514637,271.4,808,-6.50E+00
2315,2.14,-0.774944489,-0.632029303,272.5,808,-4.34E+00
2316,2.23,-0.733729865,-0.679441304,273.7,808,-7.92E+00
2317,2.66,-0.734914595,-0.67815967,274.3,807,-1.07E+01
2318,2.31,-0.886203579,-0.463296035,274.5,806,-1.28E+01
2319,2.35,-0.946085359,-0.323917418,275,806,-5.86E+00
2320,3.24,-0.891006524,-0.4539905,274.7,805,2.05E+00
2321,2.21,-0.818149717,-0.575005252,273.2,804,-1.10E+00
2322,2.16,-0.236838146,-0.97154912,270.1,803,-2.69E+00
2323,3.31,-0.5,-0.866025404,270.1,802,-3.29E+00
2324,3.68,-0.041875654,-0.99912283,270.1,801,-4.88E+00
2325,3.01,-0.428935133,-0.903335293,269.4,800,-8.13E+00
2326,0.95,0.317304656,0.948323655,268.6,798,-9.23E+00
2327,1.07,0.912834177,-0.40833046,269.1,796,-1.01E+01
2328,9.69,-0.703394703,-0.710799474,276.7,795,-1.07E+01
2329,9.52,-0.436801788,-0.899557779,276.6,795,-1.35E+01
2330,9.35,0.322265695,-0.94664926,275.1,795,-1.54E+01
2331,11.71,0.348572047,-0.937281989,272.8,796,-1.78E+01
2332,11.49,0.54024032,-0.841510782,272.4,796,-1.92E+01
2333,10.51,0.537299608,-0.843391446,271.4,798,-2.11E+01
2334,9.39,0.55048074,-0.834847863,271,799,-2.29E+01
2335,10.09,0.592013179,-0.805928282,271.2,800,-2.10E+01
2336,11.27,0.584957675,-0.811063819,271.7,801,8.28E+00
2337,8.68,0.526955795,-0.849892693,272.4,802,-7.99E-01
2338,8.23,0.519519112,-0.85445883,273.1,802,3.75E+00
2339,7.03,0.421035813,-0.907044014,273.7,803,-2.37E-01
2340,5.03,0.182235525,-0.983254908,274.1,804,-1.33E+01
2341,5.51,0.166768747,-0.985996037,274.3,805,-1.04E+01
2342,6.08,0.17708474,-0.984195608,274.4,805,0.00E+00
2343,5.91,0.111468932,-0.993767919,274.5,805,0.00E+00
2344,5.91,0.047106451,-0.998889875,274.4,806,0.00E+00
2345,3.44,0.268919821,-0.963162567,274.5,805,0.00E+00
2346,4.32,0.452434709,-0.89179753,273.2,806,0.00E+00
2347,3.56,0.294040325,-0.955793015,271.7,806,0.00E+00
2348,4.35,0.149535343,-0.988756381,270.3,807,0.00E+00
2349,4.22,0.027921639,-0.999610115,269.1,807,-9.83E+00
2350,4.95,0.268919821,-0.963162567,269.6,808,0.00E+00
2351,5.06,0.187381315,-0.982287251,269.2,808,0.00E+00
2352,3.63,0.123601477,-0.992331938,265.6,809,2.21E+00
2353,4.14,0.294040325,-0.955793015,267.7,809,1.39E+00
2354,2.59,-0.99317065,-0.116670737,264.9,810,1.19E+00
2355,2.62,-0.99121554,-0.13225639,265.1,810,1.48E+00
2356,2.61,-0.862513669,-0.506033764,264.7,811,3.51E+00
2357,2.98,-0.923210217,-0.384295323,264.3,811,1.22E+01
2358,2.66,-0.841510782,-0.54024032,265.4,812,1.46E+01
2359,2.8,0.457097927,-0.889416373,268.6,813,1.01E+01
2360,4.3,0.513541252,-0.858064906,269.6,814,3.71E+00
2361,3.92,0.54024032,-0.841510782,270.9,814,3.16E+00
2362,4.09,0.460199785,-0.887815385,272,815,6.52E+00
2363,4.43,0.35836795,-0.933580426,272.7,815,1.25E+01
2364,4.43,0.322265695,-0.94664926,273.4,816,6.30E+00
2365,4.54,0.376224263,-0.926528631,274.2,816,2.83E+00
2366,4.78,0.41310443,-0.910683661,274.6,816,-1.08E+01
2367,5.79,0.309016994,-0.951056516,275.1,816,-3.22E+01
2368,4.05,0.333806859,-0.942641491,274.8,817,0.00E+00
2369,3.89,0.472550765,-0.881303452,275.5,817,0.00E+00
2370,2.34,-0.302369891,-0.953190668,272.2,817,-3.66E+01
2371,3.95,-0.008726535,-0.999961923,271.3,817,-9.02E+00
2372,3.96,-0.189095443,-0.981958713,270.9,817,-9.60E+00
2373,4.25,-0.199367934,-0.979924705,271.1,817,-6.23E+00
2374,4.55,-0.142628934,-0.989776231,271.7,817,-9.27E+00
2375,4.32,-0.161603821,-0.986855716,271.4,818,0.00E+00
2376,4.38,-0.192521967,-0.981292664,271.7,818,-3.66E+01
2377,3.72,-0.374606593,-0.927183855,271.3,818,-3.60E+01
2378,3.52,-0.277314653,-0.960779154,271.6,817,5.03E+00
2379,3.59,-0.37945616,-0.925209718,271.4,817,6.48E+00
2380,3.93,-0.478691858,-0.877982975,271.2,817,-3.87E-02
2381,4.05,-0.54170821,-0.840566603,271.3,816,9.53E-02
2382,4.07,-0.351841648,-0.936059536,272.4,816,-3.42E+00
2383,5.57,0.137444546,-0.990509463,275.2,816,5.86E+00
2384,6.18,0.154710386,-0.987959866,276.3,816,7.40E+00
2385,6.31,0.182235525,-0.983254908,277.4,816,7.47E+00
2386,5.69,0.052335956,-0.998629535,278,816,7.19E+00
2387,4.69,-0.069756474,-0.99756405,278.8,816,8.64E+00
2388,5.42,-0.194234351,-0.980955155,279.6,816,8.27E+00
2389,5.33,-0.092370587,-0.995724698,280.3,816,4.35E+00
2390,4.92,-0.06279052,-0.998026728,280.7,814,2.88E+00
2391,3.78,-0.106264071,-0.994337944,280.6,814,-4.03E+00
2392,1.94,-0.679441304,-0.733729865,280.5,814,1.86E+00
2393,3.2,-0.33873792,-0.940880769,278,812,3.31E+00
2394,3.55,-0.860742027,-0.509041416,275.9,813,1.52E+00
2395,4.09,-0.67815967,-0.734914595,275.1,812,2.93E+00
2396,4.38,-0.634730513,-0.772733573,274.6,812,-5.03E+00
2397,4.45,-0.707106781,-0.707106781,275.4,811,-7.33E+00
2398,4.33,-0.359996808,-0.932953535,275.4,811,-4.42E+00
2399,3.72,-0.219846204,-0.975534544,276.3,811,1.85E+00
2400,3.54,-0.38912395,-0.921185406,274.7,810,1.60E+00
2401,2.91,-0.832921241,-0.553391549,275.3,809,9.06E+00
2402,3.82,-0.992757342,-0.120136839,275.6,809,8.37E+00
2403,4.02,-0.345298199,-0.938493023,276.7,809,7.27E+00
2404,4.06,-0.109734311,-0.993960955,276.2,808,6.34E+00
2405,5.62,-0.045362988,-0.99897057,277.8,806,-9.06E-01
2406,2.31,-0.96944535,0.245307386,274.6,807,3.18E+00
2407,1.38,-0.43993917,-0.898027576,277,807,1.37E+00
2408,3.97,-0.161603821,-0.986855716,278.7,807,1.21E+01
2409,3.13,-0.577857624,-0.81613759,280.1,806,9.38E+00
2410,4.89,-0.146083029,-0.989272333,280.8,805,1.16E+01
2411,6.28,-0.120136839,-0.992757342,281.4,805,1.42E+01
2412,5.76,-0.118403968,-0.992965508,282,806,1.39E+01
2413,3.96,0.235142113,-0.971961001,282.4,806,1.32E+01
2414,4.52,0.850811109,-0.525471651,281.6,806,9.96E+00
2415,4.5,0.687087511,-0.726574671,280,807,-3.68E+00
2416,4.49,0.674302388,-0.738455341,279.3,807,-7.48E+00
2417,1.09,0.364876784,0.931055816,281.2,806,-8.17E+00
2418,0.9,0.419452082,0.907777479,278.2,808,-2.00E+00
2419,2.47,0.182235525,-0.983254908,276.1,807,-5.50E-01
2420,1.42,-0.409923034,-0.912120116,276,806,-1.36E+00
2421,1.47,-0.133986185,-0.9909832,274.9,806,-3.01E+00
2422,2.39,-0.999657325,-0.026176948,275.2,806,-5.16E+00
2423,3.09,0.342020143,-0.939692621,273.4,806,0.00E+00
2424,2.86,0.64412363,-0.764921401,273.8,806,-3.66E+01
2425,0.56,-0.98450318,-0.175366726,274.8,805,0.00E+00
2426,1.19,-0.940288127,0.34037955,275.7,805,-7.34E+00
2427,1.62,-0.137444546,-0.990509463,275.1,804,1.64E+00
2428,3.51,-0.809016994,-0.587785252,272.8,805,3.48E+00
2429,1.4,0.38912395,-0.921185406,275,803,7.97E+00
2430,0.28,0.69465837,0.7193398,274.8,803,6.98E+00
2431,3.02,-0.156434465,0.987688341,275.1,802,4.76E+00
2432,3.3,-0.441505853,0.89725837,275.5,802,7.28E-01
2433,5.38,-0.65868946,0.752414909,276.4,801,-7.46E+00
2434,5.55,-0.576432316,0.817144898,277.4,800,-8.48E+00
2435,5.83,-0.657375246,0.753563392,278.5,799,-6.78E+00
2436,5.63,-0.662620048,0.748955721,279.1,799,-9.44E+00
2437,5.16,-0.549022818,0.835807361,279.4,799,-4.76E+00
2438,5.84,-0.567843745,0.823136369,280.5,798,-1.20E+01
2439,6.2,-0.63742399,0.770513243,281.7,797,-1.26E+01
2440,4.75,-0.398749069,0.917060074,282.1,797,-1.31E+01
2441,5.82,-0.547563223,0.836764313,278.7,798,-1.50E+01
2442,5.43,-0.083677843,0.996492859,276.6,798,-1.93E+01
2443,4.05,-0.041875654,0.99912283,275.7,798,-1.87E+01
2444,2.89,0.842452397,0.538770785,275.6,800,-1.03E+01
2445,3.96,-0.001745328,0.999998477,274.7,798,-1.03E+01
2446,2.98,0.608761429,0.79335334,274.3,798,-1.02E+01
2447,1.56,-0.152985836,-0.988228381,273.2,799,-8.56E+00
2448,2.25,0.99970149,-0.024432178,273.1,799,-9.61E+00
2449,1.76,0.652098404,0.758134336,272.5,799,-1.13E+01
2450,2.45,0.930417568,0.366501227,271.6,799,-1.48E+01
2451,2.07,0.820151876,0.572145873,270.9,798,-1.78E+01
2452,3.08,0.641449632,0.767165152,270.4,799,-6.82E+00
2453,4.2,0.698415285,0.715692734,268.9,800,-7.33E+00
2454,4.43,0.629320391,0.777145961,268.2,800,-8.21E-01
2455,4.94,0.650774217,0.759271307,267.8,801,5.60E-01
2456,6.42,0.740804596,0.671720589,267.5,803,-5.74E-01
2457,6.67,0.79863551,0.601815023,267.2,804,-8.03E-01
2458,7.92,0.915662593,0.401947777,267.1,804,-8.65E-01
2459,8.93,0.950515732,0.31067643,266.3,806,-1.31E+00
2460,9.41,0.948876012,0.315649037,266.2,807,-2.76E+00
2461,9.95,0.969015731,0.246999013,266.5,807,-1.76E+00
2462,9.79,0.992331938,0.123601477,266.2,808,-4.37E+00
2463,8.43,0.963162567,0.268919821,266.1,810,-6.20E+00
2464,8.31,0.983885038,0.178802215,265.5,811,-6.91E+00
2465,5.12,0.980614659,0.195946144,266,813,-5.52E+00
2466,3.72,0.946085359,0.323917418,265.6,813,-5.00E+00
2467,3.72,0.970716482,0.240228042,265.1,815,-8.30E+00
2468,3.12,0.992546152,0.121869343,263.2,816,-1.39E+01
2469,4.4,0.993571856,-0.113203214,264.4,816,-2.53E+01
2470,4.42,0.99121554,-0.13225639,264.7,816,0.00E+00
2471,4.06,0.999390827,-0.034899497,264.8,816,0.00E+00
2472,2.28,0.983571471,0.180519145,260.2,816,0.00E+00
2473,0.84,-0.58212297,-0.813100761,261.3,816,0.00E+00
2474,2.41,-0.663926213,-0.74779809,260.3,816,-6.48E+00
2475,1.59,-0.584957675,-0.811063819,259.4,816,5.63E+00
2476,2.02,-0.96814764,-0.250380004,259.8,817,6.67E+00
2477,2.65,-0.825113498,-0.564967003,259.9,817,-2.99E+00
2478,2.52,-0.758134336,-0.652098404,261.8,817,0.00E+00
2479,3.02,0.989776231,-0.142628934,265.8,818,0.00E+00
2480,3.25,0.988493887,-0.15126082,267.4,818,-1.37E+01
2481,3.25,0.999902524,-0.01396218,268.9,819,-2.41E+00
2482,3.33,0.999262916,0.038387809,269.9,818,-7.32E+00
2483,3.47,0.991444861,-0.130526192,270.9,818,-4.93E+00
2484,4.05,0.946085359,-0.323917418,271.9,819,-3.52E+00
2485,4.31,0.907777479,-0.419452082,272.6,819,2.20E+00
2486,4.65,0.915662593,-0.401947777,273,818,2.42E+00
2487,4.23,0.952129393,-0.305695305,273.2,818,6.32E+00
2488,3.68,0.942641491,-0.333806859,273.2,818,7.73E+00
2489,2.74,0.99756405,-0.069756474,273.6,816,7.18E+00
2490,2.25,0.450877541,0.892585818,272.1,816,7.03E+00
2491,1.54,0.0975829,0.9952274,266.8,816,5.17E+00
2492,1.19,0.332161132,-0.943222658,265.2,816,3.65E+00
2493,4.09,0.572145873,-0.820151876,268.1,816,1.52E+00
2494,4.26,0.612907054,-0.790155012,268.6,816,1.74E-01
2495,4.3,0.487859659,-0.872922077,268.7,816,-2.57E+00
2496,4.38,0.474088209,-0.880477354,268.9,816,-5.63E+00
2497,4.67,0.490903754,-0.871213811,269.5,816,-1.01E+01
2498,4.43,0.54170821,-0.840566603,269.2,816,-7.28E+00
2499,4.26,0.481753674,-0.87630668,268.9,815,1.19E+00
2500,4.32,0.563526049,-0.826098294,269,815,4.03E+00
2501,4.31,0.65868946,-0.752414909,268.9,816,1.17E+01
2502,3.58,0.728968627,-0.684547106,270.6,815,1.37E+01
2503,2.47,0.999657325,-0.026176948,273.6,816,1.35E+01
2504,2.56,0.805928282,0.592013179,274.4,817,1.32E+01
2505,1.78,0.557745109,0.830012285,274.9,817,1.30E+01
2506,1.14,0.390731128,0.920504853,275.6,816,1.32E+01
2507,1.1,0.33873792,0.940880769,276.5,817,1.30E+01
2508,1.47,0.120136839,0.992757342,277.5,816,1.20E+01
2509,1.24,-0.564967003,0.825113498,278.2,816,1.20E+01
2510,1.49,-0.369746757,0.929132572,278.9,815,1.04E+01
2511,2.85,-0.146083029,0.989272333,278.1,815,6.70E+00
2512,2.68,-0.351841648,0.936059536,277.7,815,6.67E+00
2513,3.03,-0.315649037,0.948876012,274.8,814,5.82E+00
2514,1.49,-0.441505853,0.89725837,272.9,814,5.19E+00
2515,1,-0.219846204,-0.975534544,269.9,814,4.58E+00
2516,3.1,-0.518027009,-0.85536426,270.4,814,3.97E+00
2517,2.17,-0.15126082,-0.988493887,271,813,3.54E+00
2518,3.44,-0.015707317,-0.999876632,270.3,814,3.06E+00
2519,4.34,-0.553391549,-0.832921241,271.6,813,3.00E+00
2520,4.12,-0.627963058,-0.778243149,271.6,814,2.50E+00
2521,4.44,-0.553391549,-0.832921241,272.4,812,1.53E+00
2522,6.54,-0.727772758,-0.685818353,274.5,812,5.07E-01
2523,6,-0.713250449,-0.700909264,274.2,812,-7.24E-01
2524,5.32,-0.715692734,-0.698415285,273.2,812,-1.24E+00
2525,5.25,-0.733729865,-0.679441304,273.7,811,-1.25E+00
2526,4.86,-0.802817475,-0.596224875,275.3,810,-1.11E+00
2527,4.64,-0.774944489,-0.632029303,278.3,810,-9.44E-01
2528,4.1,-0.721760228,-0.692143174,280.8,810,-2.02E+00
2529,4.65,-0.77384021,-0.633380873,282.5,810,-3.48E+00
2530,4.69,-0.857167301,-0.515038075,283.7,810,7.70E-02
2531,3.86,-0.968583161,-0.248689887,285.1,809,-7.94E+00
2532,3.99,-0.998889875,-0.047106451,285.8,809,-7.19E+00
2533,3.88,-0.993767919,0.111468932,286.1,809,-7.01E+00
2534,3.84,-0.97113428,0.238533458,285.6,808,-6.19E+00
2535,3.8,-0.934825676,0.355106962,284.9,808,-6.12E+00
2536,3.78,-0.885393626,0.464842046,283.4,808,-6.31E+00
2537,0.5,-0.351841648,0.936059536,280.5,806,-7.71E+00
2538,2.94,0.874619707,-0.48480962,277.7,806,-9.77E+00
2539,5.85,-0.907044014,-0.421035813,277.5,806,-1.22E+01
2540,6.25,-0.928485827,-0.371367836,278,806,-1.36E+01
2541,6.66,-0.921863152,-0.387515586,278.3,805,-1.51E+01
2542,6.2,-0.831954122,-0.554844427,277.4,805,-1.77E+01
2543,6.28,-0.872069272,-0.489382452,277.9,805,-1.74E+01
2544,5.55,-0.759271307,-0.650774217,277.6,805,-1.81E+01
2545,6.05,-0.864274802,-0.503019947,278.5,803,-1.99E+01
2546,6.56,-0.837718717,-0.546101961,278.3,803,-2.10E+01
2547,5.77,-0.662620048,-0.748955721,277.4,803,-2.42E+01
2548,6.54,-0.671720589,-0.740804596,277.7,803,3.97E+00
2549,5.6,-0.60737584,-0.794414621,276.7,802,7.62E+00
2550,5.15,-0.490903754,-0.871213811,277.1,802,5.99E+00
2551,5.37,-0.49848774,-0.866896749,279.7,801,6.71E+00
2552,6.15,-0.622514637,-0.782608157,280.9,801,1.37E+01
2553,4.72,-0.782608157,-0.622514637,281.3,801,1.48E+01
2554,3.29,-0.845261833,-0.534352349,281.4,801,1.37E+01
2555,2.94,-0.892585818,-0.450877541,281.4,801,2.82E+00
2556,1.96,-0.955793015,0.294040325,281.2,801,5.31E+00
2557,5.32,0.940288127,-0.34037955,275.3,802,1.23E+01
2558,5.01,0.849892693,-0.526955795,274.1,803,8.02E+00
2559,7.58,0.874619707,-0.48480962,273.7,804,9.97E+00
2560,9.08,0.91636273,-0.400349033,272.8,805,1.41E+00
2561,6.55,0.995561965,-0.094108313,274.2,805,9.94E+00
2562,7.88,0.936672189,-0.350207381,272.9,806,2.11E+00
2563,8.11,0.96174131,-0.273959219,271.4,808,1.38E+00
2564,7.29,0.948876012,-0.315649037,270.7,809,-2.95E+00
2565,5.61,0.937888935,-0.346935652,270.3,809,-2.63E+00
2566,4.22,0.89571176,-0.444635179,270.3,810,-3.49E+00
2567,3.28,0.730162277,-0.683273774,270.1,810,-3.05E+00
2568,3.72,0.64678978,-0.76266833,270.2,811,1.07E+00
2569,5.24,0.61152704,-0.791223533,271,811,1.30E+00
2570,6.7,0.58212297,-0.813100761,271.3,811,-1.03E+01
2571,5.79,0.70463421,-0.709570737,271.3,811,-1.43E+01
2572,5.47,0.759271307,-0.650774217,271,812,-8.69E+00
2573,4.57,0.822144041,-0.569279523,271,813,-5.40E+00
2574,7.11,0.903335293,-0.428935133,271.7,813,-5.79E+00
2575,6.73,0.835807361,-0.549022818,272.3,814,-5.87E+00
2576,7.68,0.868631514,-0.495458668,273.2,815,-6.71E+00
2577,8.05,0.875464527,-0.483282383,273.8,816,0.00E+00
2578,7.52,0.860742027,-0.509041416,274.6,816,-9.36E+00
2579,6.77,0.849892693,-0.526955795,275.5,817,2.71E+00
2580,6.91,0.830984469,-0.556295616,276.2,818,1.29E+00
2581,6.51,0.853550797,-0.521009632,276.7,818,-4.03E+00
2582,5.92,0.879648573,-0.475624209,277,818,0.00E+00
2583,4.93,0.922538089,-0.385906042,277.1,818,0.00E+00
2584,4.49,0.948876012,-0.315649037,277,819,0.00E+00
2585,3.25,0.97113428,-0.238533458,276.7,819,0.00E+00
2586,2.13,0.981292664,0.192521967,275.3,819,-3.66E+01
2587,1.47,0.626603811,-0.779337965,272.5,820,-8.69E+00
2588,0.84,-0.623879597,0.781520472,272.6,820,-8.66E+00
2589,0.38,-0.856267085,-0.516533329,271.7,821,-7.97E+00
2590,1.27,0.769399555,-0.638767818,271.1,820,-7.83E+00
2591,0.35,0.768283524,-0.640109699,271.4,821,-7.72E+00
2592,1.84,-0.949972052,-0.312334919,270.7,821,-4.12E+00
2593,2.76,-0.504527624,-0.863395551,269.9,821,0.00E+00
2594,3.22,-0.250380004,-0.96814764,270.8,821,-2.68E+00
2595,2.07,-0.54317445,-0.839619865,270.9,821,8.36E+00
2596,3.56,-0.359996808,-0.932953535,271.3,822,1.11E+01
2597,2.94,-0.289031797,-0.957319498,271.3,821,1.15E+01
2598,1.78,-0.481753674,-0.87630668,272.7,821,1.03E+01
2599,2,-0.822144041,-0.569279523,274.2,822,6.32E+00
2600,2.07,-0.866896749,0.49848774,276.6,822,6.52E+00
2601,3.14,-0.796529918,0.604599115,277.2,821,8.07E+00
2602,4.28,-0.846193166,0.532876276,277.5,821,7.11E+00
2603,4.76,-0.796529918,0.604599115,277.9,821,6.93E+00
2604,5.41,-0.79863551,0.601815023,278.2,821,4.22E+00
2605,5.85,-0.756995056,0.653420604,278.8,820,-4.95E+00
2606,6,-0.679441304,0.733729865,278.2,819,-6.48E+00
2607,6.47,-0.733729865,0.679441304,279.6,819,-4.18E+00
2608,6.4,-0.715692734,0.698415285,279.1,819,-4.63E+00
2609,5.31,-0.564967003,0.825113498,278.7,817,-4.85E+00
2610,3.47,-0.36162457,0.932323801,277,817,-5.10E+00
2611,4.03,-0.223250116,0.974761194,275.2,818,-5.80E+00
2612,2.94,-0.158158067,0.987413807,272.3,818,-6.19E+00
2613,1.35,0.121869343,0.992546152,272.4,818,-6.09E+00
2614,1.96,0.592013179,0.805928282,271.9,818,-5.28E+00
2615,2.6,0.756995056,0.653420604,271,817,-9.75E+00
2616,0.84,0.687087511,0.726574671,272.2,818,0.00E+00
2617,2.48,0.838670568,0.544639035,272.8,817,0.00E+00
2618,1.09,0.9547608,0.297374874,273.6,817,0.00E+00
2619,2.38,0.975149354,0.221548498,273.2,817,0.00E+00
2620,2.23,0.811063819,0.584957675,272.4,817,-2.16E+01
2621,0.82,0.994521895,0.104528463,272.4,816,-2.27E+01
2622,5.02,-0.9952274,0.0975829,273.7,816,-2.38E+01
2623,2.55,-0.973178873,0.230049737,274.6,815,-2.27E+01
2624,3.52,-0.848971688,-0.528438335,275.4,816,-2.55E+01
2625,5.53,-0.929132572,-0.369746757,276.5,815,-2.93E+01
2626,7.55,-0.977415894,-0.211324796,276.6,815,-3.11E+01
2627,6.54,-0.990023658,0.140901232,276.1,816,0.00E+00
2628,6.85,-0.772733573,0.634730513,276.1,816,0.00E+00
2629,6.43,-0.705871571,0.708339838,276.1,816,0.00E+00
2630,6.18,-0.690882411,0.722967146,275.3,815,0.00E+00
2631,5.56,-0.54317445,0.839619865,275.3,815,0.00E+00
2632,4.87,-0.692143174,0.721760228,275.1,815,0.00E+00
2633,4.34,-0.699663341,0.71447268,275.1,815,0.00E+00
2634,2.78,-0.779337965,0.626603811,273.9,816,0.00E+00
2635,1.62,0.107999356,0.994150964,272.9,816,0.00E+00
2636,1.6,-0.309016994,0.951056516,272.6,817,0.00E+00
2637,1.7,0.364876784,0.931055816,271.6,816,0.00E+00
2638,1.14,-0.401947777,0.915662593,272.5,817,0.00E+00
2639,0.89,0.330514393,0.943800952,272.2,817,-2.28E+01
2640,1.91,0.159881188,0.987136265,269.8,817,0.00E+00
2641,1.13,0.027921639,-0.999610115,269.2,817,0.00E+00
2642,2.28,-0.41310443,-0.910683661,269.2,816,0.00E+00
2643,2.47,-0.284015345,-0.958819735,269.2,817,0.00E+00
2644,3.06,-0.400349033,-0.91636273,269.9,817,0.00E+00
2645,3.25,-0.305695305,-0.952129393,270,817,0.00E+00
2646,3.87,-0.687087511,-0.726574671,272.2,817,0.00E+00
2647,3.78,-0.557745109,-0.830012285,274.1,817,0.00E+00
2648,1.87,-0.803856861,-0.594822787,275.6,818,0.00E+00
2649,0.75,-0.988493887,0.15126082,276.9,817,0.00E+00
2650,1.95,-0.421035813,0.907044014,277.8,817,0.00E+00
2651,2.27,-0.657375246,0.753563392,278.9,817,0.00E+00
2652,2.68,-0.943222658,0.332161132,279.7,818,-7.80E+00
2653,2.62,-0.98450318,-0.175366726,280,818,-8.85E+00
2654,2.54,-0.821149209,-0.570713568,280.4,817,0.00E+00
2655,2.3,-0.728968627,-0.684547106,280.6,817,-4.23E+00
2656,2.78,-0.695912797,-0.718126298,280.7,817,-7.10E+00
2657,3.62,-0.909236109,-0.416280792,280,815,-4.78E+00
2658,2.43,-0.926528631,-0.376224263,278.4,816,-4.02E-01
2659,2.99,-0.564967003,-0.825113498,274.3,816,5.05E+00
2660,3.46,-0.709570737,-0.70463421,274.1,816,3.59E+00
2661,4.92,-0.562083378,-0.827080574,274.9,817,1.84E+00
2662,5.34,-0.632029303,-0.774944489,274.6,817,-1.32E+00
2663,5.43,-0.670426619,-0.741975841,274.6,817,-1.72E+00
2664,5.33,-0.590605668,-0.806960312,274.5,816,0.00E+00
2665,5.24,-0.469471563,-0.882947593,274.7,817,0.00E+00
2666,4.96,-0.36325123,-0.931691228,274.8,817,0.00E+00
2667,4.35,-0.235142113,-0.971961001,275,817,-5.44E+00
2668,4.51,0.130526192,-0.991444861,276.8,817,1.98E-02
2669,4.18,0.09063258,-0.995884399,276.1,817,5.93E+00
2670,2.94,0.1719291,-0.985109326,277,817,3.49E+00
2671,4.51,0.740804596,-0.671720589,278.1,817,1.42E+00
2672,2.36,0.899557779,-0.436801788,279.2,818,3.85E+00
2673,1.46,0.996492859,-0.083677843,280.9,818,1.33E+01
2674,1.25,0.660001668,0.751264134,282.5,818,1.35E+01
2675,0.64,0.304033061,0.952661481,283.9,818,6.76E+00
2676,2.76,-0.89725837,-0.441505853,284.7,818,2.96E+00
2677,3.11,-0.917060074,0.398749069,285.1,818,5.58E+00
2678,3.62,-0.080198924,0.996778878,283.2,818,3.60E+00
2679,3.19,-0.447759088,0.894154237,283.3,817,3.20E+00
2680,2.71,-0.253757945,0.967267753,283.6,818,3.24E+00
2681,1.82,0.847121921,0.53139858,283.3,816,2.41E+00
2682,2.09,-0.549022818,0.835807361,282.8,816,1.73E+00
2683,1.7,-0.804893797,0.593418887,279.9,816,1.83E+00
2684,1.25,-0.223250116,-0.974761194,278.9,816,3.68E+00
2685,1.16,-0.068015291,-0.997684279,277.4,816,4.15E+00
2686,2.42,0.206204185,-0.978508985,276.5,815,3.80E+00
2687,3.95,-0.28736052,-0.957822495,276.8,816,4.07E+00
2688,4.48,-0.575005252,-0.818149717,277,816,3.62E+00
2689,4.69,-0.557745109,-0.830012285,277.1,815,2.14E+00
2690,4.55,-0.463296035,-0.886203579,277.2,815,2.61E+00
2691,4.58,-0.353474844,-0.935444031,277,815,4.09E+00
2692,4.33,-0.190808995,-0.981627183,276.6,815,3.32E+00
2693,4.34,-0.275637356,-0.961261696,276.9,814,2.28E+00
2694,2.82,-0.40833046,-0.912834177,278.9,814,1.24E+00
2695,1.37,0.074978727,0.997185134,282.3,814,5.80E+00
2696,3.16,-0.796529918,0.604599115,283.4,814,7.49E+00
2697,4.07,-0.794414621,0.60737584,284.7,814,4.55E+00
2698,3.77,-0.94664926,0.322265695,285.4,813,2.40E+00
2699,2.97,-0.96770917,0.252069358,286.6,813,5.49E+00
2700,3.98,-0.987688341,0.156434465,286.8,814,7.68E+00
2701,4.5,-0.971961001,-0.235142113,286.1,813,1.56E+00
2702,4.26,-0.999961923,-0.008726535,283.6,813,-4.39E+00
2703,1.73,-0.801775644,0.597625147,283.6,813,-7.75E+00
2704,2,0.957822495,0.28736052,283.5,813,-7.57E+00
2705,3.53,-0.814115518,-0.580702956,280.4,815,-7.10E+00
2706,3.66,0.812083527,-0.583541211,278.6,815,-3.81E+00
2707,2.21,0.570713568,-0.821149209,278.1,815,3.60E+00
2708,2.49,0.744311546,-0.667832555,277.3,815,3.31E+00
2709,1.77,0.999902524,0.01396218,276.9,815,6.69E+00
2710,3.73,0.992546152,-0.121869343,275.1,816,9.08E-01
2711,5.41,0.985109326,-0.1719291,273.7,816,4.13E+00
2712,5.96,0.952661481,-0.304033061,272.2,817,5.15E+00
2713,6.66,0.967267753,-0.253757945,271.5,817,3.69E+00
2714,6.6,0.987959866,-0.154710386,270.9,817,2.34E+00
2715,6.87,0.999815712,-0.019197442,270.3,818,4.45E-01
2716,6.74,0.993767919,0.111468932,269.8,819,-2.80E+00
2717,6.42,0.986855716,0.161603821,269.4,820,-2.40E+00
2718,7.02,0.994702817,0.102792537,269.6,820,-2.04E+00
2719,7.38,0.984807753,0.173648178,270.2,820,-4.32E-01
2720,7.42,0.989015863,0.147809411,271,821,-1.12E+00
2721,7.53,0.988228381,0.152985836,271.2,821,-1.27E+00
2722,6.97,0.987959866,0.154710386,271.7,821,-4.18E+00
2723,6.95,0.991894443,0.127064609,272.2,822,-3.37E+00
2724,6.91,0.983571471,0.180519145,272.7,822,-3.54E+00
2725,6.52,0.98450318,0.175366726,272.9,822,-4.99E+00
2726,5.9,0.984195608,0.17708474,272.6,822,-5.98E+00
2727,5.35,0.981292664,0.192521967,272.3,822,-5.21E+00
2728,4.84,0.988228381,0.152985836,271.5,822,-5.09E+00
2729,3.49,0.936672189,0.350207381,274.8,822,-3.32E+00
2730,2.76,0.953190668,0.302369891,274.4,822,-1.94E+00
2731,2.64,0.7193398,-0.69465837,271.2,823,-2.76E+00
2732,3.14,0.653420604,-0.756995056,270.8,823,-3.31E+00
2733,3.19,0.654740814,-0.755853469,270.4,823,-5.62E+00
2734,3.21,0.587785252,-0.809016994,270.3,823,-3.44E+00
2735,2.97,0.355106962,-0.934825676,270.1,823,-8.45E+00
2736,3.49,-0.019197442,-0.999815712,270.3,823,-1.08E+01
2737,3.66,-0.156434465,-0.987688341,270,822,-1.38E+01
2738,3.99,-0.00698126,-0.999975631,270.6,822,-8.62E+00
2739,4.07,-0.207911691,-0.978147601,270.5,822,2.93E+00
2740,4.14,-0.137444546,-0.990509463,270.5,821,5.78E+00
2741,4.04,-0.235142113,-0.971961001,270.5,821,1.12E+01
2742,3.98,-0.29570805,-0.955278362,273.5,820,1.30E+01
2743,4.23,-0.26387305,-0.964557418,276,820,1.04E+01
2744,4.64,-0.213030386,-0.977045574,277.7,821,4.94E+00
2745,3.88,-0.149535343,-0.988756381,279.8,820,3.05E+00
2746,3.6,-0.036643709,-0.999328394,281.8,819,2.36E+00
2747,3.45,0.022687334,-0.999742609,283.5,819,6.44E+00
2748,3.14,-0.038387809,-0.999262916,284.7,819,6.36E+00
2749,3.88,-0.140901232,-0.990023658,285.6,818,7.98E+00
2750,3.92,-0.133986185,-0.9909832,285.8,817,4.30E+00
2751,4.22,0.071497444,-0.997440783,286.3,817,4.80E+00
2752,4.2,-0.034899497,-0.999390827,286.2,816,4.75E+00
2753,3.84,-0.612907054,-0.790155012,287.9,812,6.66E+00
2754,2,-0.998629535,0.052335956,285.8,811,8.61E+00
2755,5.02,0.939692621,-0.342020143,281.9,813,9.65E+00
2756,4.65,0.872922077,-0.487859659,280.6,812,9.83E+00
2757,5.8,0.906307787,-0.422618262,280.4,812,9.37E+00
2758,5.35,0.91636273,-0.400349033,279.5,812,8.35E+00
2759,5.16,0.957319498,-0.289031797,278.8,812,6.36E+00
2760,5.67,0.947210278,-0.320612991,278.1,813,1.02E+01
2761,5.73,0.987136265,-0.159881188,276.3,814,-6.24E-01
2762,5.85,0.998806137,0.04884977,275.4,814,7.18E+00
2763,5.7,0.99897057,0.045362988,274.9,815,1.27E+00
2764,4.14,0.985703469,0.16848938,274.3,816,3.28E+00
2765,5,0.992114701,0.125333234,273.7,817,-4.96E-01
2766,3.18,0.992114701,0.125333234,274,817,-8.06E+00
2767,3.86,0.989776231,0.142628934,274.9,818,-7.99E+00
2768,5.08,0.994880709,0.101056297,276.5,819,-1.21E+01
2769,5.25,0.993960955,0.109734311,277.6,819,-1.24E+01
2770,4.39,0.999961923,-0.008726535,278.5,819,-1.34E+01
2771,3.97,0.995724698,-0.092370587,279.5,819,-2.58E+01
2772,3.78,0.977045574,-0.213030386,280.6,819,-3.31E+01
2773,3.73,0.913545458,-0.406736643,281.7,819,0.00E+00
2774,3.72,0.772733573,-0.634730513,282.4,818,-3.67E+01
2775,3.75,0.661311865,-0.75011107,283,818,-8.29E+00
2776,3.88,0.580702956,-0.814115518,283.2,819,-5.57E+00
2777,3.6,0.53139858,-0.847121921,283.8,817,-3.99E+00
2778,3.43,0.455544907,-0.890212805,283,818,-4.05E+00
2779,3.21,-0.381070376,-0.924546034,279.5,818,-1.78E+00
2780,3.37,0.02094242,-0.999780683,278.2,818,-7.64E-01
2781,3.26,-0.005235964,-0.999986292,277,817,-6.83E-01
2782,3.97,0.116670737,-0.99317065,277.5,817,-1.09E+00
2783,5.2,0.33545157,-0.942057453,278.7,817,-4.05E+00
2784,5.43,0.5,-0.866025404,278.9,817,-3.59E+00
2785,5.23,0.464842046,-0.885393626,278.5,817,-2.94E+01
2786,5.34,0.480223497,-0.877146164,278.4,817,-2.28E+00
2787,5.16,0.395545503,-0.918446381,278,816,1.30E+00
2788,4.85,0.355106962,-0.934825676,277.6,817,-1.38E+00
2789,4.75,0.333806859,-0.942641491,277.2,817,2.08E+00
2790,3.88,0.377840787,-0.925870585,280.1,817,7.01E+00
2791,3.36,0.707106781,-0.707106781,282.9,817,3.81E+00
2792,3.15,0.936059536,-0.351841648,284.1,818,7.65E-01
2793,2.61,0.939094252,-0.343659695,285.2,818,8.29E-01
2794,2.33,0.952661481,-0.304033061,286.5,817,1.29E+00
2795,2.89,0.992757342,-0.120136839,287.5,817,2.96E-02
2796,3.27,0.985109326,-0.1719291,288.2,817,-2.89E+00
2797,2.83,0.986572162,-0.163325962,288.7,817,6.98E-01
2798,2.71,0.999194395,-0.040131793,289.1,816,-5.92E+00
2799,2.56,0.996194698,0.087155743,289.4,816,-3.65E+01
2800,3.37,0.285688367,0.958322574,289.1,816,-3.63E+00
2801,3.32,0.346935652,0.937888935,286,815,-3.70E-01
2802,3.41,0.226651307,0.973975967,284.3,816,3.20E+00
2803,3.04,0.194234351,0.980955155,279.7,816,5.59E+00
2804,1.91,-0.250380004,0.96814764,278.2,816,6.76E+00
2805,1.34,-0.584957675,0.811063819,277.3,816,7.51E+00
2806,1.09,-0.753563392,0.657375246,276.3,816,7.93E+00
2807,1.06,0.99317065,0.116670737,275.7,816,6.98E+00
2808,1.01,0.580702956,-0.814115518,275.3,816,3.14E+00
2809,0.92,0.255445758,-0.966823389,275.4,816,1.50E+00
2810,1.98,0.403545296,-0.914959668,275.2,815,-7.09E+00
2811,2.65,0.406736643,-0.913545458,275.2,815,-7.18E+00
2812,2.63,0.640109699,-0.768283524,274.9,815,-1.13E+01
2813,3.49,-0.37945616,-0.925209718,275.1,814,-7.24E+00
2814,5.2,-0.882126866,-0.471011881,280.1,814,-1.56E+01
2815,5.41,-0.917060074,-0.398749069,281.9,814,-1.15E+01
2816,5.21,-0.97113428,-0.238533458,283.9,814,-6.98E+00
2817,4.65,-0.994150964,-0.107999356,285.3,813,-5.99E+00
2818,3.96,-0.995396198,0.095845753,286.7,813,-4.89E+00
2819,5.05,-0.943800952,0.330514393,286.9,813,-5.08E+00
2820,5.37,-0.936059536,0.351841648,286.8,813,-6.17E+00
2821,5.32,-0.957822495,0.28736052,287.5,813,-8.13E+00
2822,5.23,-0.936672189,0.350207381,288.2,812,-9.81E+00
2823,5.3,-0.909236109,0.416280792,288.5,811,-1.49E+01
2824,5.52,-0.934204474,0.356737999,288.5,812,-1.67E+01
2825,5.23,-0.984195608,0.17708474,287.7,810,-8.72E+00
2826,1.9,-0.027921639,0.999610115,286.5,810,-8.14E+00
2827,2.62,0.501510737,0.865151421,282.3,810,-5.39E+00
2828,2.59,-0.34037955,-0.940288127,280.7,810,-3.84E+00
2829,5.62,-0.929776486,-0.368124553,283,809,-4.66E+00
2830,6.45,-0.941470545,-0.337095258,283.1,809,-5.90E+00
2831,7.99,-0.923210217,-0.384295323,283.3,808,-7.13E+00
2832,8.6,-0.911403277,-0.411514359,283.3,809,-1.35E+01
2833,7.33,-0.894154237,-0.447759088,282.6,808,-1.67E+01
2834,5.76,-0.858064906,-0.513541252,282,807,-1.72E+01
2835,4.75,-0.669130606,-0.743144825,281.3,807,-1.73E+01
2836,6.13,-0.74779809,-0.663926213,281.7,807,-2.06E+01
2837,4.84,-0.69465837,-0.7193398,280.3,807,-2.19E+01
2838,4.12,-0.521009632,-0.853550797,283.6,806,-2.09E+01
2839,4.05,-0.584957675,-0.811063819,286.1,807,-2.47E+01
2840,2.83,-0.61152704,-0.791223533,289.7,807,3.08E+00
2841,3.09,-0.671720589,-0.740804596,291.3,806,7.92E+00
2842,2.71,-0.865151421,-0.501510737,290.7,807,-3.84E-01
2843,3.87,-0.727772758,-0.685818353,290.8,806,6.69E+00
2844,3.65,-0.785856893,-0.618408395,291.6,806,0.00E+00
2845,3.79,-0.480223497,-0.877146164,292,806,-3.28E+01
2846,3.99,-0.564967003,-0.825113498,292.6,805,-2.98E+01
2847,3.94,-0.935444031,-0.353474844,292.8,804,-5.80E+00
2848,7.63,-0.892585818,-0.450877541,290.4,805,7.33E+00
2849,3.03,-0.692143174,0.721760228,286.6,804,1.07E+01
2850,3.64,-0.970716482,0.240228042,285.8,804,5.93E+00
2851,3.92,0.043619387,-0.999048222,283.2,805,4.14E+00
2852,3.54,-0.703394703,-0.710799474,282.3,805,7.70E+00
2853,5.18,0.683273774,-0.730162277,282.2,805,5.36E+00
2854,4.11,0.107999356,-0.994150964,281.1,805,3.69E+00
2855,4.33,-0.351841648,-0.936059536,283,805,2.33E+00
2856,4.18,-0.522498565,-0.852640164,282.1,805,-5.39E+00
2857,4.24,-0.612907054,-0.790155012,281.6,805,-2.45E+01
2858,4.24,-0.61152704,-0.791223533,281,805,8.81E+00
2859,3.98,-0.650774217,-0.759271307,280.2,804,9.42E+00
2860,3.69,-0.478691858,-0.877982975,280.8,804,8.48E+00
2861,2.08,-0.1719291,-0.985109326,278.8,804,3.06E+00
2862,2.57,0.015707317,-0.999876632,281,804,3.61E+00
2863,0.85,0.951594404,-0.307356618,283.3,804,1.94E+00
2864,3.63,0.974370065,0.224951054,283.5,804,8.15E-01
2865,2.48,0.880477354,0.474088209,284.2,804,9.71E-01
2866,3.18,0.572145873,0.820151876,285.4,805,1.92E+00
2867,3.11,0.377840787,0.925870585,286,804,9.59E-01
2868,3.85,0.54170821,0.840566603,285.6,804,5.19E+00
2869,4.49,0.833885822,0.551936985,284.7,804,6.10E-01
2870,5.16,0.864274802,0.503019947,283.6,804,-2.46E-01
2871,5.53,0.670426619,0.741975841,284,803,1.20E+01
2872,4.76,0.632029303,0.774944489,283.6,804,7.02E+00
2873,1.76,0.537299608,0.843391446,280.2,806,2.21E+00
2874,3.29,0.223250116,0.974761194,279.6,806,-7.51E-01
2875,1.86,0.859852272,0.510542918,278.2,806,-1.96E+00
2876,1.27,-0.922538089,-0.385906042,278.9,807,-2.49E+00
2877,2.21,-0.214735327,0.976672278,277.9,806,-1.50E+00
2878,2.61,-0.299040792,0.954240329,278,806,-2.19E+00
2879,1.62,-0.406736643,0.913545458,277.9,806,4.53E+00
2880,1.89,-0.231747903,0.972775878,277.8,806,5.24E+00
2881,2.02,-0.317304656,0.948323655,277.7,806,-3.89E-01
2882,1.4,-0.4539905,0.891006524,277,806,5.99E-01
2883,2.37,0.457097927,0.889416373,275.6,806,5.55E+00
2884,2,-0.835807361,-0.549022818,274.4,806,4.38E-01
2885,3.3,-0.833885822,-0.551936985,276.8,806,3.94E+00
2886,5.38,-0.731353702,-0.68199836,277.1,806,9.96E+00
2887,3.89,-0.740804596,-0.671720589,277.2,806,1.05E+01
2888,3.05,-0.629320391,-0.777145961,278.3,807,1.11E+01
2889,4.15,-0.716910608,-0.697165103,281.1,807,4.54E+00
2890,4.74,-0.632029303,-0.774944489,282.4,806,7.52E+00
2891,5.11,-0.650774217,-0.759271307,283.3,807,5.59E+00
2892,4.98,-0.515038075,-0.857167301,284.4,806,5.53E+00
2893,4.02,-0.400349033,-0.91636273,284.9,806,5.55E+00
2894,3.28,-0.532876276,-0.846193166,285.3,806,1.74E+00
2895,2.89,-0.1719291,-0.985109326,285.7,806,1.00E+00
2896,1.96,-0.272280247,-0.962217994,285.8,806,1.06E+01
2897,3.21,-0.549022818,-0.835807361,282.4,807,8.15E+00
2898,3.38,-0.946085359,-0.323917418,281,807,9.56E+00
2899,1.11,-0.573576436,-0.819152044,279,807,1.02E+01
2900,3.39,-0.774944489,-0.632029303,277.3,808,9.14E+00
2901,3.69,-0.523985906,-0.851726934,276.9,808,3.28E+00
2902,3.58,-0.322265695,-0.94664926,276.1,809,1.26E+00
2903,3.75,-0.608761429,-0.79335334,275.9,809,2.07E+00
2904,4.2,-0.61152704,-0.791223533,275.9,810,9.24E-01
2905,4.08,-0.419452082,-0.907777479,275.9,810,-1.27E+00
2906,4.21,-0.400349033,-0.91636273,276.4,809,-1.41E+00
2907,4.34,-0.421035813,-0.907044014,276.3,809,-2.64E+00
2908,4.16,-0.305695305,-0.952129393,276.1,810,4.02E+00
2909,4.01,-0.270600446,-0.962691746,276,810,6.65E+00
2910,2.36,-0.376224263,-0.926528631,279.6,810,1.07E+01
2911,2.21,-0.604599115,-0.796529918,282.6,810,8.02E+00
2912,2.05,0.289031797,0.957319498,282.8,810,3.63E+00
2913,2.94,0.304033061,0.952661481,283.7,811,2.61E+00
2914,2.88,-0.60737584,0.794414621,283,811,-9.29E-01
2915,1.68,0.495458668,0.868631514,283,811,4.97E+00
2916,1.86,-0.241921896,0.970295726,282.1,811,5.19E+00
2917,3.83,-0.475624209,0.879648573,280.8,811,1.02E+01
2918,4.26,0.450877541,0.892585818,280.9,810,8.27E+00
2919,4.97,0.930417568,0.366501227,279.8,810,1.17E+01
2920,4.05,0.992114701,0.125333234,279.9,810,1.03E+01
2921,3.23,0.953716951,0.3007058,281.7,811,6.86E+00
2922,2.08,0.705871571,0.708339838,281.2,811,5.89E+00
2923,1.37,-0.302369891,0.953190668,278.2,811,5.09E+00
2924,1.79,-0.09063258,-0.995884399,277.4,812,3.30E+00
2925,1.65,-0.385906042,-0.922538089,276.9,812,1.46E+00
2926,2.72,0.409923034,-0.912120116,276.7,812,-6.14E-01
2927,3.3,0.675590208,-0.737277337,276.3,812,-3.17E+00
2928,2.45,0.880477354,-0.474088209,276.3,812,-4.45E+00
2929,2.56,0.864274802,-0.503019947,275.5,812,-5.16E+00
2930,1.53,0.887010833,-0.461748613,275.4,812,-1.41E+00
2931,1.63,0.526955795,-0.849892693,275.6,812,-2.31E+00
2932,2.61,0.882947593,-0.469471563,275.1,812,3.89E+00
2933,3.17,0.874619707,-0.48480962,274.9,812,9.17E+00
2934,1.52,0.86162916,-0.507538363,278.1,812,6.46E+00
2935,1.84,0.956813584,0.290702194,280,812,9.39E+00
2936,2.64,0.826098294,0.563526049,281.6,813,6.52E+00
2937,3.26,0.730162277,0.683273774,282.6,813,1.21E+01
2938,3.49,0.772733573,0.634730513,283.1,813,1.42E+01
2939,4.48,0.999986292,-0.005235964,283.5,813,1.33E+01
2940,5.28,0.999902524,-0.01396218,284.6,813,1.17E+01
2941,5.34,0.998026728,-0.06279052,285.2,813,9.30E+00
2942,5.53,0.999262916,-0.038387809,285,813,1.01E+01
2943,5.32,0.999986292,-0.005235964,285,813,9.19E+00
2944,5.89,0.865151421,-0.501510737,284,814,1.18E+01
2945,5.41,0.960779154,-0.277314653,285.2,815,1.02E+01
2946,4.43,0.994337944,-0.106264071,284.6,814,6.43E+00
2947,2.74,0.662620048,-0.748955721,281.3,816,3.84E+00
2948,3.73,0.567843745,-0.823136369,280.8,816,1.08E+00
2949,3.9,0.583541211,-0.812083527,280.3,816,8.29E-01
2950,4.07,0.601815023,-0.79863551,279.9,817,-1.18E+00
2951,4.25,0.560638995,-0.828060335,279.7,817,-2.78E+00
2952,4.29,0.566406237,-0.824126189,279.4,818,-2.94E+00
2953,4.11,0.480223497,-0.877146164,278.5,818,-3.10E+00
2954,3.95,0.387515586,-0.921863152,278,818,-1.31E+00
2955,4.2,0.128795597,-0.991671162,278.2,818,1.36E+01
2956,4.57,0.166768747,-0.985996037,278.8,819,1.14E+01
2957,5.07,-0.036643709,-0.999328394,279,819,7.52E+00
2958,5.61,0.121869343,-0.992546152,282.5,819,4.54E+00
2959,5.96,0.081938509,-0.996637387,284.5,820,4.02E+00
2960,5.99,0.04884977,-0.998806137,285.4,821,3.78E+00
2961,5.47,0.029666244,-0.99955986,286.6,821,2.62E+00
2962,5.35,0.202787295,-0.979222811,287.5,820,1.73E+00
2963,5.68,0.250380004,-0.96814764,287.8,820,-6.71E-01
2964,5.95,0.289031797,-0.957319498,288.5,820,-1.67E+00
2965,6.32,0.441505853,-0.89725837,289,820,-1.54E+00
2966,5.79,0.516533329,-0.856267085,289.3,820,-4.08E+00
2967,5.66,0.446197813,-0.894934362,289,820,-5.22E+00
2968,4.85,0.37945616,-0.925209718,288,820,1.79E+00
2969,4.01,0.94776841,-0.318959309,286.5,819,4.34E+00
2970,0.77,-0.270600446,-0.962691746,286.9,818,4.35E+00
2971,2.48,-0.789084085,-0.6142852,285,819,4.79E+00
2972,3.23,0.13225639,-0.99121554,283.5,818,3.15E+00
2973,3.18,0.381070376,-0.924546034,282.9,819,2.73E+00
2974,2.8,0.095845753,-0.995396198,284,818,1.57E+00
2975,3.3,0.163325962,-0.986572162,283.4,819,-7.57E-01
2976,3.95,-0.05059294,-0.998719357,282.2,819,5.75E+00
2977,4.32,-0.00698126,-0.999975631,282.4,819,1.67E+00
2978,4.54,0.055821505,-0.998440764,282.3,819,-2.72E+00
2979,4.53,-0.304033061,-0.952661481,281.3,819,-7.89E+00
2980,4.38,-0.173648178,-0.984807753,280.8,819,-5.26E+00
2981,4.36,-0.087155743,-0.996194698,281,819,7.66E+00
2982,4.6,0.325568154,-0.945518576,284.8,818,1.27E+01
2983,4.35,0.299040792,-0.954240329,286.7,819,1.35E+01
2984,5.06,0.461748613,-0.887010833,288.2,819,7.59E+00
2985,5.08,0.667832555,-0.744311546,289,819,3.95E+00
2986,4.82,0.745476,-0.66653247,289.2,819,1.03E+00
2987,4.55,0.652098404,-0.758134336,288.5,820,4.34E+00
2988,4.6,0.654740814,-0.755853469,288.8,820,3.40E+00
2989,4.3,0.522498565,-0.852640164,288.1,820,3.07E+00
2990,4.84,0.478691858,-0.877982975,290,819,2.08E+00
2991,4.95,0.452434709,-0.89179753,290.4,819,8.63E-01
2992,4.71,0.433659085,-0.901077021,290.4,819,2.55E-01
2993,8.67,-0.390731128,-0.920504853,285,819,-5.48E-01
2994,4.98,-0.250380004,-0.96814764,284.8,819,1.60E+00
2995,2.13,-0.111468932,-0.993767919,283,819,1.82E+00
2996,3.78,0.17708474,-0.984195608,283.5,820,6.42E+00
2997,3.38,0.47715876,-0.878817113,283.2,819,2.55E-01
2998,3.51,0.49242356,-0.870355696,282.6,820,1.29E+00
2999,3.43,0.400349033,-0.91636273,281.7,819,1.63E+00
3000,3.38,0.258819045,-0.965925826,281.3,820,-3.91E+00
3001,2.74,0.4539905,-0.891006524,282.1,820,-8.88E+00
3002,1.91,0.509041416,-0.860742027,281.1,820,4.97E+00
3003,3.44,-0.250380004,-0.96814764,281.2,820,7.30E+00
3004,3.58,-0.221548498,-0.975149354,281.8,821,6.70E+00
3005,3.18,-0.137444546,-0.990509463,282.3,820,1.12E+01
3006,2.89,-0.206204185,-0.978508985,283.5,821,1.25E+01
3007,1.81,-0.06104854,-0.998134798,286.1,821,1.06E+01
3008,1.85,-0.235142113,-0.971961001,287,822,8.30E+00
3009,3.65,-0.17708474,-0.984195608,285.5,822,4.93E+00
3010,0.57,-0.809016994,-0.587785252,285,822,4.45E+00
3011,3.35,-0.180519145,0.983571471,284,822,3.73E+00
3012,1.85,-0.080198924,0.996778878,285.4,822,4.21E+00
3013,1.1,-0.877146164,0.480223497,287.4,821,5.21E+00
3014,1.33,-0.529919264,-0.848048096,289.8,820,4.38E+00
3015,1.09,-0.443071191,-0.89648643,290.2,820,3.79E+00
3016,1.64,-0.41310443,0.910683661,290.2,820,2.94E+00
3017,3.37,-0.700909264,0.713250449,287,820,2.12E+00
3018,2.8,-0.770513243,0.63742399,287.1,820,1.57E+00
3019,0.54,-0.521009632,0.853550797,285.4,819,1.80E+00
3020,1.89,0.684547106,-0.728968627,285.1,819,2.97E+00
3021,1.96,0.133986185,-0.9909832,284.6,819,3.75E+00
3022,3.11,-0.277314653,-0.960779154,283.8,819,3.41E+00
3023,3.85,-0.888617233,-0.458649554,284.3,818,3.03E+00
3024,4.37,-0.823136369,-0.567843745,284.1,818,2.56E+00
3025,4.48,-0.767165152,-0.641449632,283.8,817,1.43E+00
3026,3.82,-0.590605668,-0.806960312,282.3,817,1.20E+00
3027,6.93,-0.832921241,-0.553391549,284.9,816,8.29E-01
3028,6.78,-0.841510782,-0.54024032,284.7,816,-1.09E+00
3029,6.21,-0.944948912,-0.327217899,285.9,815,-4.00E+00
3030,6.39,-0.804893797,-0.593418887,286.9,815,2.11E+00
3031,4.19,-0.730162277,-0.683273774,290,815,-4.63E+00
3032,3.84,-0.75470958,-0.656059029,290.7,815,9.53E-02
3033,4.26,-0.663926213,-0.74779809,292.5,814,2.27E+00
3034,5.41,-0.512042865,-0.858959897,295.1,814,1.35E+00
3035,6.19,-0.427357863,-0.90408255,296.2,814,-1.54E+01
3036,6.08,-0.414693243,-0.909961271,296.6,814,6.07E+00
3037,4.91,-0.405141587,-0.914253955,297,813,-5.88E+00
3038,3.16,-0.449318999,-0.893371388,296.3,812,-1.36E+00
3039,5.36,-0.139173101,-0.990268069,291.6,814,-2.84E+00
3040,3.94,0.419452082,-0.907777479,294.4,812,-7.24E-01
3041,4.99,0.939094252,0.343659695,290.9,813,1.08E+01
3042,5.1,0.996637387,0.081938509,289.6,814,1.04E+01
3043,2.47,0.401947777,-0.915662593,285.9,813,1.11E+01
3044,4.21,0.674302388,-0.738455341,285.4,814,1.11E+01
3045,3.14,0.374606593,-0.927183855,284.4,813,1.11E+01
3046,3.6,0.104528463,-0.994521895,284,813,8.16E+00
3047,4.07,0.376224263,-0.926528631,284.1,814,-2.36E-01
3048,4.63,0.490903754,-0.871213811,283.4,814,1.13E+01
3049,4.07,0.284015345,-0.958819735,282.4,814,8.16E+00
3050,4.57,0.305695305,-0.952129393,282.4,813,-5.90E+00
3051,4.64,0.206204185,-0.978508985,282.1,813,3.35E+00
3052,4.38,0.02094242,-0.999780683,280.8,813,5.16E+00
3053,4.83,0.19765734,-0.980271175,282.1,813,8.04E+00
3054,5.45,0.209618563,-0.977783237,284.1,813,-7.07E-01
3055,5.53,0.342020143,-0.939692621,285.8,813,-4.87E+00
3056,5.52,0.443071191,-0.89648643,286.8,814,2.05E+00
3057,5.76,0.490903754,-0.871213811,287.4,814,-8.42E+00
3058,6.28,0.382683432,-0.923879533,287.6,814,-1.54E+01
3059,5.96,0.529919264,-0.848048096,288.1,814,-7.05E+00
3060,5.87,0.589196357,-0.807989884,288.4,814,-8.80E+00
3061,6.49,0.603207988,-0.797583929,288.6,813,-1.24E+01
3062,6.48,0.584957675,-0.811063819,288.8,813,-2.43E+01
3063,6.38,0.619779032,-0.784776371,288.7,813,-2.48E+01
3064,5.12,0.697165103,-0.716910608,287.2,813,-7.46E+00
3065,5.05,0.692143174,-0.721760228,288.4,814,-1.37E+00
3066,4.48,0.693401828,-0.720551112,287.4,814,-7.37E+00
3067,1.92,0.083677843,-0.996492859,284.5,814,-2.02E+00
3068,3.01,0.425779292,-0.904827052,283.1,814,-1.43E+00
3069,3.04,0.147809411,-0.989015863,282.1,815,-4.56E-01
3070,3.29,-0.202787295,-0.979222811,281.8,815,-2.27E+00
3071,3.61,-0.235142113,-0.971961001,282.1,814,-5.68E+00
3072,3.93,-0.175366726,-0.98450318,282.4,814,-7.59E+00
3073,4.11,-0.094108313,-0.995561965,282.7,814,-3.66E+01
3074,3.91,-0.216439614,-0.976296007,282.4,813,-5.32E+00
3075,3.96,-0.519519112,-0.85445883,281.9,814,3.17E+00
3076,4.31,-0.055821505,-0.998440764,282.2,813,3.38E+00
3077,2.87,-0.374606593,-0.927183855,281.4,814,4.81E+00
3078,3.63,0.546101961,-0.837718717,284.5,813,1.16E+01
3079,4.11,0.535826795,-0.844327926,286.2,813,1.08E+01
3080,4.46,0.522498565,-0.852640164,287.4,814,5.70E+00
3081,5.03,0.47715876,-0.878817113,288.5,814,4.23E+00
3082,6.02,0.480223497,-0.877146164,289,814,1.74E-01
3083,6.04,0.510542918,-0.859852272,289.7,814,-9.97E-01
3084,5.9,0.566406237,-0.824126189,290.1,814,2.73E+00
3085,5.59,0.683273774,-0.730162277,290.4,814,-6.78E+00
3086,5.49,0.79335334,-0.608761429,290.6,813,-9.80E+00
3087,4.98,0.796529918,-0.604599115,290.6,813,-1.53E+01
3088,4.15,0.788010754,-0.615661475,290.4,813,-6.04E+00
3089,3.19,0.999450216,0.033155178,289.7,814,-3.25E-02
3090,2.96,0.820151876,0.572145873,288.4,814,2.73E+00
3091,2.59,0.219846204,0.975534544,286,814,9.71E-01
3092,2.59,0.16848938,0.985703469,283.9,814,-2.40E-01
3093,2.22,-0.512042865,0.858959897,282.6,814,1.81E+00
3094,2.74,-0.416280792,0.909236109,281.9,814,2.44E+00
3095,2.94,-0.537299608,0.843391446,282.7,814,1.14E+00
3096,2.47,-0.068015291,0.997684279,281.2,814,-1.19E+00
3097,2.04,0.515038075,0.857167301,279.9,813,-1.54E+01
3098,1.93,-0.054078813,0.99853667,281.1,813,-7.14E+00
3099,2.31,0.6142852,0.789084085,278.8,813,3.57E+00
3100,2.19,0.697165103,0.716910608,278.4,813,4.81E+00
3101,2.56,0.554844427,0.831954122,279.3,813,6.13E+00
3102,2.9,-0.231747903,0.972775878,281.4,813,1.06E+00
3103,3.45,-0.572145873,0.820151876,282,812,8.54E-01
3104,3.24,-0.828060335,0.560638995,284.9,812,3.15E-01
3105,3.71,-0.978147601,0.207911691,288.4,811,1.31E-01
3106,3.79,-0.927183855,0.374606593,289.9,811,-1.19E-01
3107,5.13,-0.894934362,0.446197813,289.4,810,-1.20E+00
3108,5.11,-0.988756381,0.149535343,289.1,811,-1.55E+00
3109,4.26,-0.999975631,0.00698126,288.7,811,-2.13E+00
3110,5.82,-0.625242656,-0.780430407,288.8,811,-3.19E+00
3111,2.8,-0.031410759,-0.99950656,286.5,811,-4.32E+00
3112,0.95,-0.033155178,0.999450216,286.4,811,-4.89E+00
3113,4.91,0.359996808,0.932953535,281.9,811,-5.89E+00
3114,4.47,0.337095258,0.941470545,279.8,810,-6.58E+00
3115,2.67,0.083677843,0.996492859,278.9,811,-5.59E+00
3116,0.54,-0.744311546,-0.667832555,278.3,811,-4.18E+00
3117,1.86,-0.907777479,0.419452082,278.3,811,-6.10E+00
3118,0.28,0.489382452,0.872069272,278.6,809,-5.79E+00
3119,2.57,-0.307356618,0.951594404,278.4,809,-4.72E+00
3120,0.98,-0.446197813,-0.894934362,278.4,809,-4.85E+00
3121,0.93,0.0662739,0.997801468,278.6,809,-4.71E+00
3122,0.28,0.994337944,0.106264071,279,808,-8.71E+00
3123,0.28,0.521009632,0.853550797,279.5,807,-5.29E+00
3124,0.73,0.123601477,0.992331938,279.5,807,-4.69E+00
3125,2.1,-0.480223497,0.877146164,278.7,807,-5.58E+00
3126,1.4,-0.825113498,0.564967003,279.3,807,-6.08E+00
3127,1.86,-0.364876784,0.931055816,280.8,807,-7.21E+00
3128,1.98,-0.318959309,0.94776841,282.7,807,-9.18E+00
3129,2.35,0.01396218,0.999902524,285.3,807,-1.11E+01
3130,3.48,-0.312334919,0.949972052,286.8,807,-1.06E+01
3131,4.06,-0.036643709,0.999328394,286.2,807,-9.25E+00
3132,3.96,0.233445364,0.97236992,284.7,808,-8.17E+00
3133,4.23,-0.318959309,0.94776841,285,808,-8.45E+00
3134,3.79,-0.083677843,0.996492859,285,807,-8.52E+00
3135,5,0.107999356,0.994150964,283.6,807,-8.94E+00
3136,3.12,-0.074978727,0.997185134,281.2,809,-4.38E+00
3137,4.01,-0.074978727,0.997185134,279.3,810,-8.96E-01
3138,3.57,-0.113203214,0.993571856,278.7,810,-8.99E-02
3139,2.05,0.461748613,0.887010833,278.4,810,-6.19E-02
3140,5.81,-0.417867074,0.908508178,277.9,809,-2.07E-01
3141,2.55,-0.957319498,-0.289031797,277.7,811,-1.13E+00
3142,2.16,-0.546101961,0.837718717,278,811,-1.83E+00
3143,2.52,0.348572047,0.937281989,277.9,811,-1.13E+00
3144,2.5,-0.988756381,0.149535343,278.2,812,-9.49E-01
3145,2.14,-0.374606593,0.927183855,278.4,811,-1.58E+00
3146,3.56,-0.130526192,0.991444861,278,812,-2.98E+00
3147,2.94,0.087155743,0.996194698,277.7,811,-2.43E+00
3148,2.3,-0.06104854,0.998134798,277.8,811,-2.70E+00
3149,1.88,-0.199367934,0.979924705,277.8,811,-3.44E+00
3150,2.87,-0.567843745,0.823136369,278.4,811,-3.80E+00
3151,2.95,-0.320612991,0.947210278,278.9,812,-4.58E+00
3152,3.04,-0.163325962,0.986572162,279,812,-4.38E+00
3153,2.75,0.033155178,0.999450216,279,812,-5.45E+00
3154,3.18,-0.265556117,0.964095404,279.9,812,-6.19E+00
3155,3.17,-0.36162457,0.932323801,280.3,812,-7.42E+00
3156,3.44,-0.22835087,0.973578903,280.3,812,-8.51E+00
3157,3.44,-0.09931975,0.99505557,280.6,812,-9.45E+00
3158,3.57,0.02094242,0.999780683,280.2,811,-9.24E+00
3159,3.44,0.06279052,0.998026728,279.7,811,-9.34E+00
3160,2.49,-0.292371705,0.956304756,279.6,812,-9.63E+00
3161,4.31,-0.40833046,0.912834177,283.6,814,-1.09E+01
3162,2.95,-0.230049737,0.973178873,282.4,814,-1.26E+01
3163,3.26,-0.411514359,0.911403277,281.9,815,-1.41E+01
3164,2.92,-0.446197813,0.894934362,281.2,815,-1.48E+01
3165,3.27,-0.490903754,0.871213811,281.1,815,-1.54E+01
3166,3.16,-0.38912395,0.921185406,281,814,-1.86E+01
3167,2.51,-0.509041416,0.860742027,280.9,814,-2.42E+01
3168,0.84,-0.712026046,0.702153053,281,814,-2.11E+01
3169,1.07,0.076719028,0.997052752,280.9,814,-2.91E+01
3170,1.09,0.121869343,0.992546152,280.8,814,-3.46E+01
3171,1.41,-0.680720869,-0.732542899,281.1,814,0.00E+00
3172,3.74,-0.515038075,-0.857167301,280.8,814,-2.18E+01
3173,0.94,-0.886203579,-0.463296035,280.1,814,-1.12E+01
3174,1.96,-0.943222658,-0.332161132,282.4,814,-3.56E+00
3175,1.28,-0.887815385,0.460199785,285.1,814,-4.81E+00
3176,2.11,-0.504527624,0.863395551,287.5,814,-5.60E+00
3177,2.92,-0.248689887,0.968583161,287.5,814,-2.42E+00
3178,1.86,0.054078813,0.99853667,287.4,813,-2.91E+00
3179,0.76,0.233445364,0.97236992,287.2,813,-6.23E+00
3180,3.57,-0.86949493,-0.493941867,288.4,813,0.00E+00
3181,2.71,-0.99970149,0.024432178,289.6,813,0.00E+00
3182,3.28,-0.99756405,-0.069756474,287.7,812,0.00E+00
3183,4.52,-0.903335293,0.428935133,290.4,811,0.00E+00
3184,4.78,-0.847121921,0.53139858,289.5,812,-4.56E+00
3185,1.8,0.521009632,0.853550797,284.4,813,9.04E-01
3186,2.29,0.662620048,0.748955721,283.6,814,-2.74E+01
3187,1.46,-0.135715572,0.99074784,283.1,814,0.00E+00
3188,0.69,0.817144898,0.576432316,283.1,814,-2.28E+01
3189,0.84,0.843391446,0.537299608,282.9,815,-8.73E+00
3190,1.84,-0.85536426,-0.518027009,282.1,814,0.00E+00
3191,3.13,-0.330514393,-0.943800952,282.5,814,0.00E+00
3192,3.72,-0.22835087,-0.973578903,281.4,814,-1.05E+01
3193,3.6,-0.17708474,-0.984195608,280.7,814,-7.81E+00
3194,3.37,-0.06279052,-0.998026728,280.1,814,-1.28E+01
3195,3.32,-0.054078813,-0.99853667,279.7,814,-7.72E+00
3196,2.51,0.345298199,-0.938493023,281.5,815,9.18E+00
3197,2.46,0.68199836,-0.731353702,282,815,2.03E+00
3198,1.12,0.695912797,-0.718126298,283.4,815,1.29E+00
3199,1.72,0.128795597,0.991671162,284.9,815,7.65E+00
3200,2.76,-0.069756474,0.99756405,285.1,815,1.23E+01
3201,3.15,0.226651307,0.973975967,285.9,815,4.89E+00
3202,4.87,-0.700909264,0.713250449,284.4,816,1.52E+00
3203,1.7,0.990509463,-0.137444546,286.5,815,1.48E+00
3204,2.43,0.461748613,0.887010833,288.1,815,3.65E+00
3205,3.44,0.994521895,0.104528463,288.7,815,2.53E+00
3206,3.92,0.526955795,0.849892693,289,815,1.79E+00
3207,3.27,-0.79335334,0.608761429,285,815,1.65E+00
3208,3.57,-0.095845753,0.995396198,284.1,815,1.54E+00
3209,0.69,-0.999780683,0.02094242,282.9,815,2.78E+00
3210,1.33,-0.727772758,-0.685818353,283.9,815,4.30E+00
3211,2.18,-0.512042865,-0.858959897,282.7,815,5.26E+00
3212,3.04,0.318959309,-0.94776841,281.2,816,4.28E+00
3213,2.58,-0.207911691,-0.978147601,280.1,816,3.91E+00
3214,1.83,-0.368124553,-0.929776486,279.7,817,9.24E-01
3215,3.17,0.045362988,-0.99897057,279.7,817,6.21E-01
3216,3.35,0.250380004,-0.96814764,279.6,817,1.99E-01
3217,3.64,0.452434709,-0.89179753,279.7,817,-2.33E-01
3218,3.66,0.4539905,-0.891006524,279.2,816,1.91E-01
3219,2.88,0.446197813,-0.894934362,278.5,817,2.34E+00
3220,1.96,0.130526192,-0.991444861,278.6,817,8.33E+00
3221,3.14,-0.5,-0.866025404,278.9,817,1.24E+01
3222,1.82,-0.417867074,-0.908508178,282.6,817,1.38E+01
3223,2.55,-0.649448048,-0.760405966,284.8,817,6.79E+00
3224,1.78,-0.472550765,-0.881303452,286.3,818,2.36E+00
3225,1.42,-0.626603811,-0.779337965,287.6,818,3.36E+00
3226,1.34,-0.830012285,-0.557745109,288.8,818,1.40E+01
3227,1.5,-0.820151876,-0.572145873,289.7,817,1.38E+01
3228,1.32,-0.96814764,-0.250380004,290.6,817,6.23E+00
3229,4.22,0.839619865,0.54317445,290,817,8.79E+00
3230,1.7,0.163325962,0.986572162,290.3,816,3.06E+00
3231,1.99,-0.917754626,0.397147891,290.7,816,5.06E+00
3232,3.32,0.563526049,0.826098294,290,817,7.71E+00
3233,0.94,-0.841510782,-0.54024032,289,814,6.90E+00
3234,0.6,-0.48633538,0.873772223,289,815,8.11E+00
3235,2.79,-0.865151421,0.501510737,286.5,815,8.28E+00
3236,2.27,-0.985407898,-0.170209499,284.2,815,7.40E+00
3237,3.13,-0.218143241,-0.975916762,283.8,815,5.67E+00
3238,3.38,-0.622514637,-0.782608157,283.4,815,2.83E+00
3239,3.57,-0.577857624,-0.81613759,283.3,816,2.02E+00
3240,3.62,-0.67815967,-0.734914595,283,815,2.78E+00
3241,4.02,-0.641449632,-0.767165152,283.2,815,3.70E+00
3242,4.01,-0.566406237,-0.824126189,282.9,815,8.84E-01
3243,4.12,-0.572145873,-0.820151876,282.7,815,2.82E+00
3244,4.11,-0.438371147,-0.898794046,282.5,815,1.18E+01
3245,3.83,-0.36162457,-0.932323801,283.3,815,1.29E+01
3246,2.84,-0.398749069,-0.917060074,287.5,815,1.30E+01
3247,1.77,-0.526955795,-0.849892693,289.6,815,1.35E+01
3248,0.67,-0.822144041,0.569279523,290.5,815,1.35E+01
3249,1.02,-0.556295616,0.830984469,291.5,815,1.46E+01
3250,1.28,-0.698415285,0.715692734,292.4,815,1.37E+01
3251,1.75,-0.608761429,0.79335334,293.3,814,7.82E+00
3252,2.68,-0.48480962,0.874619707,294,814,5.76E+00
3253,2.93,-0.521009632,0.853550797,294.4,814,7.72E+00
3254,3,0.116670737,0.99317065,294,814,8.90E+00
3255,3.17,-0.355106962,0.934825676,294.5,813,9.91E+00
3256,2.46,-0.556295616,0.830984469,294.6,813,8.18E+00
3257,0.5,-0.031410759,-0.99950656,289,814,7.45E+00
3258,3.89,0.092370587,0.995724698,286.6,814,8.21E+00
3259,1.09,-0.878817113,-0.47715876,285.5,814,8.34E+00
3260,2.89,-0.101056297,-0.994880709,285.3,814,8.30E+00
3261,1.91,0.165047606,-0.986285602,285.3,814,7.85E+00
3262,3.56,-0.161603821,-0.986855716,285.6,813,4.89E+00
3263,3.53,-0.622514637,-0.782608157,285.6,813,4.98E+00
3264,3.67,-0.692143174,-0.721760228,285.6,813,-1.76E-01
3265,3.9,-0.843391446,-0.537299608,286.4,812,2.48E+00
3266,4.75,-0.853550797,-0.521009632,286.7,812,1.91E+00
3267,5.12,-0.862513669,-0.506033764,286.7,812,3.02E+00
3268,5.58,-0.884580975,-0.46638664,286.9,812,1.51E+00
3269,5.12,-0.829037573,-0.559192903,286.6,811,1.77E+00
3270,4.52,-0.805928282,-0.592013179,289.6,811,1.50E+00
3271,4.27,-0.820151876,-0.572145873,292.2,811,3.00E+00
3272,4.06,-0.842452397,-0.538770785,294.5,811,-9.68E-01
3273,3.83,-0.898027576,-0.43993917,296,811,-1.09E+01
3274,4.62,-0.932953535,-0.359996808,296.5,810,-9.34E+00
3275,5.24,-0.975534544,-0.219846204,296.5,810,7.99E+00
3276,5.43,-0.988228381,-0.152985836,297.3,810,4.43E+00
3277,5.83,-0.924546034,-0.381070376,297.2,810,5.20E+00
3278,4.32,-0.981292664,-0.192521967,297.3,809,1.07E+01
3279,3.93,-0.521009632,0.853550797,293.6,808,1.23E+01
3280,6.46,-0.987413807,0.158158067,289.4,808,1.08E+01
3281,11.64,-0.022687334,-0.999742609,286.4,809,5.70E+00
3282,3.89,0.926528631,0.376224263,286.1,809,-3.24E+00
3283,1.14,-0.026176948,-0.999657325,285.7,809,-1.82E-02
3284,2.82,-0.366501227,-0.930417568,285,810,8.63E+00
3285,2.98,-0.262189179,-0.965016494,284.2,810,2.64E+00
3286,3.46,-0.416280792,-0.909236109,285.2,810,3.44E+00
3287,2.72,-0.074978727,-0.997185134,284.6,810,-1.08E+00
3288,0.67,0.424199423,-0.905568799,284.6,810,2.65E+00
3289,0.69,0.955278362,0.29570805,283.2,810,4.72E+00
3290,0.45,0.195946144,-0.980614659,283.1,809,2.70E+00
3291,1.12,-0.999194395,-0.040131793,281.9,808,-5.82E-01
3292,1.62,0.982612797,-0.185666615,280.8,808,-3.25E-02
3293,3.16,0.743144825,-0.669130606,283.2,808,-1.01E+00
3294,1.19,0.792289643,0.610145164,283.7,809,-1.73E+00
3295,2.63,0.140901232,-0.990023658,287,808,-1.50E+00
3296,2.33,0.55048074,0.834847863,289.6,809,-1.91E+00
3297,4.1,0.843391446,0.537299608,290.3,809,-1.67E+00
3298,3.71,0.656059029,0.75470958,290.7,810,8.84E-01
3299,6.89,0.653420604,0.756995056,290.1,809,9.52E-01
3300,3.66,-0.430511097,0.902585284,288.5,811,1.46E+00
3301,5.29,0.312334919,0.949972052,288.7,810,-3.74E+00
3302,4.84,-0.154710386,0.987959866,288.1,809,-3.87E+00
3303,3.96,-0.973178873,-0.230049737,289.7,809,-3.34E+00
3304,7.85,-0.978508985,0.206204185,290.8,808,-2.36E+00
3305,2.28,0.187381315,0.982287251,283.2,813,-2.77E+00
3306,4.81,0.856267085,0.516533329,282.6,813,-2.95E+00
3307,2.98,0.518027009,0.85536426,282.1,815,-2.60E+00
3308,2.86,0.924546034,-0.381070376,281.7,816,-2.97E+00
3309,4.96,0.127064609,-0.991894443,280.3,816,-3.62E+00
3310,4.33,0.313992456,-0.949425478,280.7,815,-4.67E+00
3311,4.41,0.305695305,0.952129393,279.3,815,-3.26E+00
3312,3.67,0.3007058,0.953716951,278.5,815,-1.32E+00
3313,3.17,0.733729865,0.679441304,278,815,-2.13E+00
3314,2.94,0.623879597,0.781520472,277.5,815,-2.49E+00
3315,3.25,0.68199836,0.731353702,277.1,816,-2.76E+00
3316,3.43,0.746638182,0.665230355,276.6,816,-7.03E-01
3317,3.76,0.769399555,0.638767818,276.1,816,-7.38E-01
3318,4,0.74779809,0.663926213,276.1,816,-1.39E+00
3319,4.43,0.830012285,0.557745109,275.7,816,-3.16E+00
3320,4.7,0.739631095,0.673012514,275.6,817,-3.11E+00
3321,3.95,0.496973961,0.867765453,275.5,818,-5.33E+00
3322,4.89,0.55048074,0.834847863,276.2,818,-5.44E+00
3323,5.31,0.368124553,0.929776486,276.4,818,-6.19E+00
3324,5.05,0.509041416,0.860742027,277.5,818,-6.29E+00
3325,5.15,0.401947777,0.915662593,279,818,-3.59E+00
3326,5.97,0.501510737,0.865151421,279.9,818,-2.37E+00
3327,5.64,0.401947777,0.915662593,281.2,818,-2.12E+00
3328,5.44,0.369746757,0.929132572,281.4,818,-2.94E+00
3329,4.9,0.28736052,0.957822495,280.1,819,-5.43E+00
3330,4.02,0.284015345,0.958819735,279.7,819,-9.84E+00
3331,2.36,0.63607822,0.771624583,278,820,-1.61E+01
3332,2.63,0.02094242,0.999780683,277.7,820,-8.60E+00
3333,1.78,-0.284015345,0.958819735,277.3,819,-2.54E+01
3334,1.33,-0.173648178,0.984807753,276,819,-2.04E+01
3335,0.28,0.772733573,0.634730513,275.8,819,-5.34E+00
3336,0.83,-0.999194395,0.040131793,275.2,820,-1.22E+01
3337,0.31,-0.657375246,0.753563392,274.8,820,-3.62E+01
3338,1.47,-0.81004164,0.586372357,274,819,6.84E+00
3339,1.02,-0.790155012,0.612907054,273.6,819,1.36E+01
3340,0.69,0.956304756,-0.292371705,273.9,819,1.09E+01
3341,0.92,0.467929814,-0.88376563,274.5,819,1.41E+01
3342,1.58,-0.885393626,0.464842046,276.5,819,1.47E+01
3343,1.68,-0.866896749,0.49848774,278,819,1.26E+01
3344,2.04,-0.640109699,0.768283524,280.7,820,1.09E+01
3345,3.14,-0.538770785,0.842452397,282.7,819,8.79E+00
3346,3.71,-0.600420225,0.799684658,283.9,819,5.93E+00
3347,4.04,-0.662620048,0.748955721,285.3,819,5.82E+00
3348,4.3,-0.77384021,0.633380873,285.9,819,1.04E+01
3349,3.86,-0.720551112,0.693401828,286.4,818,1.36E+01
3350,4.09,-0.739631095,0.673012514,286.8,817,1.09E+01
3351,3.75,-0.716910608,0.697165103,286.8,817,6.71E+00
3352,3.92,-0.689619544,0.724171861,286.6,817,4.19E+00
3353,4.24,-0.733729865,0.679441304,285.1,816,3.06E+00
3354,4.84,-0.743144825,0.669130606,283.7,817,1.83E+00
3355,3.56,-0.6059884,0.795473481,282.4,817,-3.87E-02
3356,1.67,-0.62114778,0.783693457,280.4,816,-5.59E-01
3357,0.34,0.166768747,0.985996037,279.3,816,-1.16E+00
3358,2.45,0.142628934,-0.989776231,278.3,816,-3.03E+00
3359,1.84,-0.312334919,-0.949972052,278,816,-4.80E+00
3360,1.72,0.246999013,-0.969015731,277.9,816,-6.79E+00
3361,0.72,-0.39394191,-0.919135339,277.8,816,-1.20E+01
3362,1.99,0.272280247,-0.962217994,277.2,815,-2.10E+01
3363,3.88,-0.47715876,-0.878817113,278.1,814,-2.88E+01
3364,4.56,-0.619779032,-0.784776371,278.9,814,1.82E-01
3365,4.95,-0.698415285,-0.715692734,279.9,814,5.90E+00
3366,5.51,-0.782608157,-0.622514637,282.9,814,-2.24E+00
3367,5.02,-0.801775644,-0.597625147,285,814,-2.52E+01
3368,3.26,-0.839619865,-0.54317445,286.9,814,-5.08E+00
3369,2.02,-0.913545458,-0.406736643,289.4,814,1.73E+00
3370,2.69,-0.831954122,-0.554844427,290.8,814,3.21E+00
3371,2.24,-0.887010833,-0.461748613,292.1,814,1.95E+00
3372,2.74,-0.829037573,-0.559192903,293.2,814,1.84E+00
3373,3.44,-0.660001668,-0.751264134,293.8,813,-1.69E+01
3374,2.93,-0.369746757,-0.929132572,294.5,813,-1.39E+01
3375,3.02,-0.245307386,-0.96944535,294.8,813,-1.73E+00
3376,2.48,-0.302369891,-0.953190668,294.8,813,4.54E+00
3377,3.35,-0.214735327,0.976672278,292.4,812,6.67E+00
3378,4.3,-0.553391549,-0.832921241,291.7,813,6.83E+00
3379,2.33,0.34037955,-0.940288127,288.7,814,5.73E+00
3380,0.83,0.640109699,0.768283524,287,814,5.63E+00
3381,2.63,-0.989525789,-0.144356201,286,813,5.58E+00
3382,1.74,-0.010471784,-0.999945169,285.9,813,5.19E+00
3383,1.45,0.22835087,-0.973578903,284.9,814,4.37E+00
3384,2.15,0.125333234,-0.992114701,284.3,814,-8.79E-01
3385,3.16,0.0975829,-0.9952274,284,813,-8.58E+00
3386,3.52,-0.501510737,-0.865151421,284.5,814,-4.10E+00
3387,3.98,-0.444635179,-0.89571176,284.3,814,1.33E+00
3388,4.08,-0.449318999,-0.893371388,284.5,814,6.59E+00
3389,3.82,-0.518027009,-0.85536426,285.7,814,4.53E+00
3390,1.94,-0.956813584,-0.290702194,289.1,814,9.26E+00
3391,1.86,-0.982287251,0.187381315,291.3,814,1.28E+01
3392,1.56,-0.970716482,0.240228042,293,814,1.29E+01
3393,2.67,-0.91636273,-0.400349033,295.2,814,1.06E+01
3394,3.45,-0.805928282,-0.592013179,295.6,814,5.11E+00
3395,3.44,-0.785856893,-0.618408395,296.2,814,4.33E+00
3396,4.26,-0.806960312,-0.590605668,296.6,814,1.01E+01
3397,4.16,-0.944948912,-0.327217899,296.7,814,4.57E+00
3398,3.82,-0.951056516,-0.309016994,296.9,813,8.20E-01
3399,4,-0.994150964,-0.107999356,296.9,813,-1.76E+00
3400,3.94,-0.970295726,0.241921896,297,813,-1.36E+00
3401,3.83,0.147809411,0.989015863,290.9,813,-1.80E+00
3402,4.14,0.192521967,0.981292664,290.8,813,1.20E+00
3403,2.43,0.270600446,0.962691746,288.8,814,3.55E+00
3404,2.58,-0.064532308,0.997915618,288.3,814,2.39E+00
3405,1.08,-0.999742609,-0.022687334,286,814,3.58E-01
3406,1.31,-0.345298199,-0.938493023,286.7,815,-2.45E+00
3407,1.76,-0.107999356,0.994150964,286.5,814,-1.22E+00
3408,3.96,-0.818149717,0.575005252,286.1,813,-2.46E+01
3409,1.33,0.997440783,0.071497444,286,813,-2.67E+01
3410,0.83,0.868631514,-0.495458668,284.8,812,-3.23E+01
3411,1.74,-0.54317445,-0.839619865,284,812,-4.47E+00
3412,3.41,-0.790155012,-0.612907054,284.5,812,-3.96E+00
3413,2.16,-0.782608157,-0.622514637,284.5,812,2.58E+00
3414,2.66,-0.862513669,-0.506033764,287.9,812,-3.09E+00
3415,3.52,-0.769399555,-0.638767818,288.5,813,-1.49E+00
3416,3.58,-0.61152704,-0.791223533,289.7,813,1.00E+00
3417,5,-0.478691858,-0.877982975,291.8,813,4.31E+00
3418,5.67,-0.597625147,-0.801775644,293.4,813,7.26E+00
3419,4.82,-0.688354576,-0.725374371,294.3,813,1.46E+01
3420,4.6,-0.633380873,-0.77384021,294.9,814,1.11E+01
3421,4.32,-0.727772758,-0.685818353,295.3,813,9.57E+00
3422,4.16,-0.866896749,-0.49848774,295.8,813,6.34E+00
3423,4.35,-0.933580426,-0.35836795,296.8,812,5.12E+00
3424,5.66,-0.942057453,-0.33545157,295.9,813,3.87E+00
3425,2.05,-0.01396218,-0.999902524,287.9,813,1.00E+01
3426,2.48,-0.941470545,-0.337095258,289.9,813,9.54E+00
3427,2.17,-0.894934362,0.446197813,288.3,813,9.67E+00
3428,2.91,-0.033155178,-0.999450216,286.7,813,9.58E+00
3429,3.33,-0.325568154,-0.945518576,285.7,813,6.51E+00
3430,3.97,-0.756995056,-0.653420604,285.8,813,-2.63E+00
3431,4.04,-0.707106781,-0.707106781,285.6,814,-1.15E+00
3432,3.79,-0.623879597,-0.781520472,284.6,814,2.28E+00
3433,5.16,-0.814115518,-0.580702956,285.1,813,2.49E+00
3434,5.25,-0.7193398,-0.69465837,284.6,813,5.30E+00
3435,5.7,-0.493941867,-0.86949493,284.5,813,3.66E+00
3436,6.56,-0.403545296,-0.914959668,284.6,813,1.07E+01
3437,4.45,-0.554844427,-0.831954122,284.3,813,7.72E+00
3438,2.99,-0.575005252,-0.818149717,286.8,814,8.13E+00
3439,4.76,-0.37945616,-0.925209718,288.7,814,4.66E+00
3440,6,-0.458649554,-0.888617233,290.6,815,-7.24E-01
3441,5.83,-0.359996808,-0.932953535,291.7,815,1.34E+01
3442,5.8,-0.435231099,-0.900318771,292.2,814,-4.77E+00
3443,5.75,-0.395545503,-0.918446381,292.5,815,-6.23E+00
3444,5.67,-0.421035813,-0.907044014,293.1,815,2.62E+00
3445,5.29,-0.400349033,-0.91636273,293.9,815,-2.90E-01
3446,5.8,-0.467929814,-0.88376563,293.9,814,2.48E+00
3447,5.59,-0.219846204,-0.975534544,295.8,814,7.46E+00
3448,4.09,-0.183951351,-0.982935349,296,814,9.29E+00
3449,3.68,-0.601815023,-0.79863551,294.8,814,8.41E+00
3450,3.34,-0.472550765,-0.881303452,294.1,814,9.07E+00
3451,2.79,-0.353474844,-0.935444031,290.8,813,9.09E+00
3452,3.33,-0.436801788,-0.899557779,289.4,813,8.75E+00
3453,3.86,-0.258819045,-0.965925826,288.8,813,8.71E+00
3454,4.26,0.085416923,-0.996345296,289.2,813,9.74E+00
3455,3.57,0.553391549,-0.832921241,289.1,814,1.02E+01
3456,3.85,0.834847863,-0.55048074,288,814,1.14E+01
3457,3.52,0.799684658,-0.600420225,287.1,814,-1.60E+01
3458,3.62,0.771624583,-0.63607822,286,814,4.32E+00
3459,4.13,0.673012514,-0.739631095,286.1,814,9.64E+00
3460,3.74,0.537299608,-0.843391446,285.7,815,1.11E+01
3461,2.69,0.104528463,-0.994521895,286.1,815,-6.87E-01
3462,3.59,0.471011881,-0.882126866,289.6,814,-4.22E+00
3463,4.61,0.64678978,-0.76266833,291.1,815,-9.99E+00
3464,5.34,0.556295616,-0.830984469,292.2,815,-1.39E+01
3465,5.36,0.458649554,-0.888617233,293,815,-7.90E+00
3466,4.93,0.519519112,-0.85445883,293.8,815,3.31E+00
3467,4.81,0.549022818,-0.835807361,294.6,815,4.05E+00
3468,4.04,0.563526049,-0.826098294,295.3,815,1.12E+01
3469,4.05,0.457097927,-0.889416373,295.8,815,-3.58E+00
3470,3.56,0.450877541,-0.892585818,296,814,-5.22E+00
3471,3.41,0.504527624,-0.863395551,296.2,814,-6.36E+00
3472,2.88,0.424199423,-0.905568799,296.2,814,-1.58E+00
3473,1.93,0.33873792,0.940880769,289.2,814,1.24E+00
3474,0.91,0.996917334,0.078459096,290,814,3.14E+00
3475,2.34,-0.868631514,-0.495458668,289,813,4.30E+00
3476,2.89,-0.209618563,-0.977783237,287.4,814,5.46E+00
3477,3.34,-0.0662739,-0.997801468,287.4,814,5.59E+00
3478,3.56,0.008726535,-0.999961923,287.3,814,5.61E+00
3479,3.68,0.076719028,-0.997052752,287.1,814,5.13E+00
3480,3.29,0.01396218,-0.999902524,286.6,814,-1.13E+00
3481,2.6,-0.576432316,-0.817144898,286.1,814,-9.33E+00
3482,3.06,-0.211324796,-0.977415894,285.6,813,5.88E-01
3483,2.3,-0.017452406,-0.999847695,285.4,813,4.99E+00
3484,3.38,0.165047606,-0.986285602,285.1,813,5.95E+00
3485,3.32,-0.214735327,-0.976672278,286.4,813,4.24E+00
3486,1.42,-0.802817475,-0.596224875,290.4,812,4.48E+00
3487,1.19,-0.991671162,-0.128795597,293.3,812,7.22E+00
3488,4,-0.972775878,-0.231747903,296.4,812,9.02E+00
3489,4.48,-0.880477354,-0.474088209,298,812,7.64E+00
3490,4.4,-0.783693457,-0.62114778,299.6,812,5.17E+00
3491,4.28,-0.593418887,-0.804893797,300.4,811,5.85E+00
3492,4.08,-0.594822787,-0.803856861,300.7,812,1.81E+00
3493,4.18,-0.703394703,-0.710799474,300.8,811,6.21E-01
3494,3.53,-0.801775644,-0.597625147,300.9,811,-5.34E-02
3495,3.05,-0.859852272,-0.510542918,301.2,810,6.98E-01
3496,3.15,-0.977415894,0.211324796,301.2,810,1.04E+01
3497,3.05,-0.980271175,0.19765734,300.2,810,9.76E+00
3498,2.8,-0.432085749,0.901832526,299.5,810,8.88E+00
3499,2.77,-0.925209718,0.37945616,294.8,810,7.51E+00
3500,3.58,-0.963162567,-0.268919821,293.7,810,7.03E+00
3501,2.91,-0.939692621,-0.342020143,292.9,809,8.11E+00
3502,5.16,-0.911403277,-0.411514359,293.9,811,8.29E+00
3503,7.16,0.993571856,-0.113203214,288,812,6.85E+00
3504,4.19,0.739631095,-0.673012514,288.5,810,5.65E+00
3505,3.31,0.054078813,-0.99853667,286.5,810,-9.48E+00
3506,2.47,0.564967003,-0.825113498,288.2,810,4.43E+00
3507,3.95,-0.101056297,-0.994880709,289.7,810,6.86E+00
3508,4,-0.194234351,-0.980955155,289.3,810,2.60E+00
3509,4.72,0.687087511,-0.726574671,288.9,810,-1.07E+01
3510,4.52,0.872922077,-0.487859659,290.5,811,8.59E-01
3511,3.21,0.925209718,-0.37945616,290.8,811,4.84E+00
3512,2.18,0.901832526,-0.432085749,293.6,812,1.43E+01
3513,1.46,0.660001668,0.751264134,295.8,812,1.20E+01
3514,1.01,-0.54317445,0.839619865,297.7,812,3.88E+00
3515,1.47,-0.998026728,0.06279052,299.1,812,7.24E+00
3516,1.78,-0.187381315,0.982287251,299.5,812,7.22E+00
3517,5.1,0.692143174,-0.721760228,294.6,812,4.50E+00
3518,5.6,0.622514637,0.782608157,292.6,813,3.22E-01
3519,5.5,0.189095443,0.981958713,294.2,812,1.25E+00
3520,4.95,0.684547106,0.728968627,294.8,812,-2.43E+00
3521,5.5,0.1719291,0.985109326,292.3,813,-1.36E+00
3522,5.07,0.630675807,0.776046407,292.2,813,1.48E-01
3523,4.71,0.841510782,0.54024032,290.7,812,7.70E-01
3524,7.37,-0.648119901,-0.761538308,284.9,816,4.79E+00
3525,3.61,0.936059536,-0.351841648,284.6,815,3.71E+00
3526,2.81,0.97236992,-0.233445364,284,816,1.97E+00
3527,2.1,0.969015731,-0.246999013,283.7,815,-4.11E-01
3528,2.41,-0.231747903,-0.972775878,283.8,815,-6.56E-01
3529,1.45,-0.983571471,-0.180519145,283.8,814,1.31E+00
3530,1.53,0.996778878,-0.080198924,282.5,815,2.60E+00
3531,0.79,0.384295323,-0.923210217,282.7,815,7.51E-01
3532,1.92,-0.978147601,-0.207911691,284.5,817,1.40E+00
3533,1.26,0.889416373,0.457097927,284.6,814,1.57E+00
3534,0.65,-0.123601477,0.992331938,285.2,815,4.64E-01
3535,1.13,-0.648119901,-0.761538308,287,815,1.42E+00
3536,0.8,-0.732542899,0.680720869,289.4,815,4.99E+00
3537,1.28,-0.89648643,0.443071191,290.9,815,9.64E+00
3538,3.28,0.074978727,0.997185134,291.7,815,5.66E+00
3539,3.38,-0.040131793,0.999194395,292.4,815,5.99E+00
3540,3.96,0.0662739,0.997801468,293.1,814,-6.93E-01
3541,4.4,-0.121869343,0.992546152,293.7,814,-6.12E-01
3542,6.68,-0.441505853,0.89725837,293.6,813,-1.28E+00
3543,4.37,-0.343659695,0.939094252,292.3,813,-2.41E+00
3544,5.47,-0.094108313,0.995561965,292.4,812,-3.27E+00
3545,4.69,-0.999742609,-0.022687334,292.3,812,-4.43E+00
3546,4.32,-0.950515732,-0.31067643,292,812,-3.72E+00
3547,1.79,-0.948876012,0.315649037,290.2,811,-2.96E+00
3548,3.21,-0.147809411,-0.989015863,289.2,812,-2.82E+00
3549,2.29,0.866896749,0.49848774,288.2,812,-3.27E+00
3550,6.63,0.262189179,-0.965016494,285.2,810,-4.07E+00
3551,7.19,0.506033764,-0.862513669,284.1,811,-6.73E+00
3552,4.24,0.949972052,-0.312334919,284.7,809,-9.90E+00
3553,1.7,0.346935652,0.937888935,283.1,809,-1.20E+01
3554,1.66,-0.599023599,0.800731371,284.2,810,-9.09E+00
3555,2.89,-0.406736643,-0.913545458,283.2,809,3.40E+00
3556,4.07,-0.731353702,-0.68199836,283.3,809,1.95E+00
3557,3.19,0.974370065,0.224951054,282.9,809,5.36E-01
3558,2.24,0.474088209,-0.880477354,284.4,808,7.18E-01
3559,2.93,-0.576432316,-0.817144898,285.5,808,1.06E+01
3560,2.22,-0.803856861,-0.594822787,287.6,808,5.15E+00
3561,2.17,-0.946085359,-0.323917418,289.6,808,9.75E+00
3562,2.63,-0.925870585,-0.377840787,291.1,808,1.41E+01
3563,3.73,-0.85536426,-0.518027009,291.7,808,1.38E+01
3564,4.49,-0.917060074,-0.398749069,292.1,808,5.37E+00
3565,5.72,-0.868631514,-0.495458668,292.3,808,3.60E+00
3566,6.29,-0.829037573,-0.559192903,291.8,807,2.61E+00
3567,6.6,-0.731353702,-0.68199836,288.8,807,2.99E+00
3568,5.82,-0.460199785,-0.887815385,287.1,808,5.58E+00
3569,3.18,-0.22835087,-0.973578903,285.9,806,9.92E+00
3570,4.31,0.436801788,-0.899557779,286.9,806,1.04E+01
3571,3.12,0.432085749,-0.901832526,286.1,806,8.83E+00
3572,3.71,0.587785252,-0.809016994,286.1,806,1.19E+01
3573,4.28,0.504527624,-0.863395551,286.1,807,4.62E+00
3574,5.35,0.40833046,-0.912834177,285.8,806,5.77E+00
3575,5.88,0.401947777,-0.915662593,285.9,807,9.09E+00
3576,7.72,0.528438335,-0.848971688,285.7,807,-1.88E+00
3577,7.59,0.49242356,-0.870355696,285.2,807,-4.86E-01
3578,6.86,0.382683432,-0.923879533,284.7,807,-3.62E+00
3579,7.49,0.599023599,-0.800731371,285.2,807,2.85E-01
3580,5.72,0.653420604,-0.756995056,284.3,808,-2.96E+00
3581,3.77,0.446197813,-0.894934362,284.4,808,-2.46E+00
3582,4.98,0.756995056,-0.653420604,287.1,808,-1.51E+00
3583,5.34,0.763796029,-0.645457688,288.4,809,-3.42E-01
3584,6.34,0.776046407,-0.630675807,289.5,809,-1.28E+00
3585,5.24,0.829037573,-0.559192903,290.6,810,-8.65E-01
3586,4.47,0.761538308,-0.648119901,291.5,810,-4.52E+00
3587,4.3,0.699663341,-0.71447268,292.5,810,3.92E-01
3588,4.29,0.669130606,-0.743144825,293.3,810,-2.93E+00
3589,4.12,0.652098404,-0.758134336,294.2,810,-1.07E+01
3590,4.1,0.698415285,-0.715692734,294.6,809,0.00E+00
3591,3.41,0.695912797,-0.718126298,295,809,-3.66E+01
3592,3.03,0.88376563,-0.467929814,295.1,809,-8.25E+00
3593,3.15,-0.05059294,-0.998719357,293.9,808,-5.09E+00
3594,1.7,-0.685818353,-0.727772758,293,808,-5.33E-01
3595,1.31,-0.940880769,-0.33873792,291,808,5.82E-01
3596,2.71,-0.187381315,0.982287251,287.8,810,1.40E+00
3597,1.88,-0.952661481,-0.304033061,286.6,809,2.49E+00
3598,2.41,-0.633380873,-0.77384021,286.1,809,4.12E+00
3599,2.44,-0.483282383,-0.875464527,285.7,809,6.48E+00
3600,2.37,-0.36325123,-0.931691228,285.4,810,1.12E+01
3601,2.48,-0.270600446,-0.962691746,285,809,1.13E+01
3602,2.5,-0.163325962,-0.986572162,284.5,809,1.49E+00
3603,1.72,0.201077921,-0.97957525,284.7,809,7.50E+00
3604,4.14,-0.140901232,-0.990023658,285.4,809,1.08E+01
3605,4,-0.755853469,-0.654740814,287.3,809,1.09E+01
3606,4.18,-0.878817113,-0.47715876,291.4,808,1.13E+01
3607,4.13,-0.831954122,-0.554844427,293.2,808,1.39E+01
3608,3.74,-0.85445883,-0.519519112,294.5,809,1.27E+01
3609,4.87,-0.760405966,-0.649448048,296.3,809,8.26E+00
3610,4.83,-0.369746757,-0.929132572,296.7,809,3.80E+00
3611,4.39,-0.34037955,-0.940288127,297.1,809,5.56E+00
3612,5.32,-0.390731128,-0.920504853,297.6,810,1.06E+01
3613,3.91,-0.510542918,-0.859852272,298,810,1.31E+01
3614,3.64,-0.726574671,-0.687087511,298.6,809,6.76E+00
3615,3.56,-0.769399555,-0.638767818,298.7,809,7.66E+00
3616,4.06,-0.993571856,-0.113203214,298.9,809,1.76E+00
3617,4.54,-0.97957525,-0.201077921,297.1,808,3.39E+00
3618,3,-0.991444861,-0.130526192,297,809,6.94E+00
3619,4.38,-0.97113428,-0.238533458,294.3,809,9.46E+00
3620,4.71,-0.857167301,-0.515038075,292.2,809,9.20E+00
3621,3.04,-0.559192903,-0.829037573,289.5,809,9.00E+00
3622,4.21,-0.958322574,-0.285688367,290.9,809,7.09E+00
3623,3.87,-0.96814764,-0.250380004,289.9,809,3.51E+00
3624,3.69,-0.849892693,-0.526955795,289,809,1.90E+00
3625,5.67,-0.965472631,-0.260504509,291.2,809,8.85E+00
3626,5.96,-0.913545458,-0.406736643,290.9,809,2.45E+00
3627,7.07,-0.800731371,-0.599023599,290.4,809,8.79E+00
3628,5.9,-0.781520472,-0.623879597,289.3,809,1.83E+00
3629,6.82,-0.94664926,-0.322265695,290.1,809,9.28E+00
3630,7.2,-0.932323801,-0.36162457,291.6,808,9.61E+00
3631,5.86,-0.784776371,-0.619779032,292.5,808,1.02E+01
3632,5.64,-0.49242356,-0.870355696,294.4,809,7.57E+00
3633,7.35,-0.107999356,-0.994150964,295.2,808,1.30E+01
3634,6.9,-0.16848938,-0.985703469,296.1,809,1.28E+01
3635,6.27,-0.317304656,-0.948323655,295.9,809,1.33E+01
3636,6.11,-0.509041416,-0.860742027,296.4,809,1.11E+01
3637,6.42,-0.351841648,-0.936059536,296.7,809,1.52E+00
3638,6.39,-0.272280247,-0.962217994,296.6,809,8.72E+00
3639,5.93,0.416280792,-0.909236109,294.8,809,3.03E+00
3640,4.56,-0.374606593,-0.927183855,294,810,-2.61E+00
3641,6.59,0.597625147,-0.801775644,288.9,810,1.41E+00
3642,7.95,0.634730513,-0.772733573,287.4,812,5.14E+00
3643,5.28,0.62114778,-0.783693457,284.6,811,8.41E+00
3644,2.81,-0.758134336,-0.652098404,283.9,813,9.81E+00
3645,5.89,0.428935133,-0.903335293,284.2,813,9.78E+00
3646,5.61,0.236838146,-0.97154912,282.6,814,1.05E+01
3647,7.43,0.285688367,-0.958322574,282.3,814,2.12E+00
3648,6.72,0.376224263,-0.926528631,281.9,815,-9.15E+00
3649,6.24,0.364876784,-0.931055816,281.7,815,-3.66E+01
3650,4.77,0.433659085,-0.901077021,280.6,816,-1.24E+01
3651,8.52,0.495458668,-0.868631514,280.2,816,0.00E+00
3652,7.33,0.54317445,-0.839619865,279.8,817,-5.75E+00
3653,9.62,0.525471651,-0.850811109,280.1,817,-7.22E-01
3654,9.44,0.452434709,-0.89179753,280.6,817,3.56E+00
3655,10.55,0.348572047,-0.937281989,281.2,817,-1.90E+00
3656,10.25,0.425779292,-0.904827052,283,818,5.42E+00
3657,10.7,0.430511097,-0.902585284,284.2,818,4.19E-01
3658,9.98,0.433659085,-0.901077021,285.4,819,-1.76E+01
3659,8.98,0.436801788,-0.899557779,286.5,819,3.33E+00
3660,8.8,0.430511097,-0.902585284,287.3,820,-1.15E+00
3661,7.98,0.43993917,-0.898027576,287.9,820,0.00E+00
3662,8.08,0.41310443,-0.910683661,288.5,820,0.00E+00
3663,7.3,0.457097927,-0.889416373,288.9,820,-3.66E+01
3664,7.14,0.48480962,-0.874619707,288.9,820,-9.65E+00
3665,7.05,0.501510737,-0.865151421,288.2,820,-6.05E+00
3666,6.06,0.583541211,-0.812083527,287.5,820,-5.14E+00
3667,0.28,0.35836795,0.933580426,285.7,820,-5.76E+00
3668,3.45,-0.933580426,-0.35836795,283.1,821,-5.03E+00
3669,3.25,-0.199367934,-0.979924705,281.5,821,-5.13E+00
3670,3.41,-0.490903754,-0.871213811,281.1,822,-4.32E+00
3671,3.51,-0.512042865,-0.858959897,280.9,822,-5.74E+00
3672,3.7,-0.235142113,-0.971961001,280.9,822,-9.79E+00
3673,4.06,-0.333806859,-0.942641491,281.1,822,-9.95E+00
3674,4.03,-0.403545296,-0.914959668,281.1,822,-4.12E+00
3675,4.02,-0.294040325,-0.955793015,281.1,822,3.25E+00
3676,4.07,-0.026176948,-0.999657325,281.5,822,2.12E+00
3677,3.96,-0.178802215,-0.983885038,283.4,822,5.22E+00
3678,3.36,-0.356737999,-0.934204474,285.7,822,1.25E+01
3679,2.23,-0.253757945,-0.967267753,288.6,822,1.17E+01
3680,2.4,-0.328866647,-0.94437637,290.3,822,1.00E+01
3681,2.22,-0.343659695,-0.939094252,291.2,822,9.33E+00
3682,1.75,-0.812083527,-0.583541211,292.1,821,3.08E+00
3683,1.75,-0.986285602,-0.165047606,292.8,821,5.81E+00
3684,1.38,-0.864274802,-0.503019947,293.7,821,7.40E+00
3685,2.05,-0.86949493,-0.493941867,294.5,820,1.12E+01
3686,3.07,-0.634730513,-0.772733573,295.1,819,9.32E+00
3687,3.18,-0.699663341,-0.71447268,295.3,819,5.56E+00
3688,3.11,-0.841510782,-0.54024032,295.2,819,9.12E-01
3689,3.36,-0.886203579,-0.463296035,293.8,818,-1.90E-01
3690,4.2,-0.901077021,-0.433659085,293,818,-2.06E-01
3691,2.6,-0.932323801,-0.36162457,290.4,818,1.44E+00
3692,2.77,-0.599023599,-0.800731371,287.3,817,2.71E+00
3693,3.07,-0.302369891,-0.953190668,286.7,818,1.43E+00
3694,3.36,-0.553391549,-0.832921241,286.6,817,-1.04E+00
3695,4.09,-0.925870585,-0.377840787,287.6,817,-2.66E+00
3696,3.97,-0.860742027,-0.509041416,287.1,816,-2.22E+00
3697,4.3,-0.801775644,-0.597625147,286.7,816,-9.73E+00
3698,4.34,-0.612907054,-0.790155012,286.3,815,-2.26E+01
3699,4.56,-0.503019947,-0.864274802,287,815,-6.46E-01
3700,4.26,-0.519519112,-0.85445883,287.4,815,2.12E+00
3701,3.93,-0.529919264,-0.848048096,288.8,814,-1.58E+01
3702,3.15,-0.622514637,-0.782608157,292.4,814,-7.23E+00
3703,3.17,-0.75470958,-0.656059029,295.9,814,-4.06E+00
3704,2.7,-0.669130606,-0.743144825,297.6,814,-1.75E+00
3705,2.51,-0.556295616,-0.830984469,298.4,814,2.51E+00
3706,3.15,-0.667832555,-0.744311546,298.8,813,6.86E+00
3707,4.52,-0.745476,-0.66653247,298.8,813,1.10E+01
3708,4.9,-0.586372357,-0.81004164,299.1,813,6.82E+00
3709,4.36,-0.471011881,-0.882126866,299.2,813,7.25E+00
3710,3.59,-0.092370587,-0.995724698,299.5,813,6.21E+00
3711,3.52,-0.101056297,-0.994880709,299.5,812,9.12E+00
3712,3.24,0.038387809,-0.999262916,299.6,812,7.25E+00
3713,4.01,-0.807989884,0.589196357,290,813,4.93E+00
3714,1.67,-0.33873792,-0.940880769,292.6,813,7.29E+00
3715,3.15,0.11493715,-0.993372766,291.6,812,1.04E+01
3716,2.7,-0.170209499,-0.985407898,290.6,812,9.46E+00
3717,3.49,-0.461748613,-0.887010833,290,813,7.33E+00
3718,3.84,-0.493941867,-0.86949493,289.6,813,8.06E+00
3719,3.8,-0.501510737,-0.865151421,289.3,812,6.02E+00
3720,4.19,-0.438371147,-0.898794046,289.3,812,2.38E+00
3721,4.55,-0.489382452,-0.872069272,289.3,812,-1.73E+00
3722,4.7,-0.350207381,-0.936672189,289.5,813,-1.60E+00
3723,4.74,-0.455544907,-0.890212805,289.2,813,-3.50E-01
3724,4.69,-0.458649554,-0.888617233,288.8,813,2.16E+00
3725,4.28,-0.435231099,-0.900318771,290.2,813,9.66E+00
3726,3.04,-0.537299608,-0.843391446,293.9,813,1.33E+01
3727,3.44,-0.799684658,-0.600420225,296.8,813,1.37E+01
3728,3.78,-0.761538308,-0.648119901,298.7,814,1.28E+01
3729,4.15,-0.790155012,-0.612907054,299.3,813,1.39E+01
3730,4.48,-0.873772223,-0.48633538,300.1,813,4.43E+00
3731,4.23,-0.880477354,-0.474088209,301,813,1.02E+00
3732,4.63,-0.865151421,-0.501510737,301.4,813,3.19E+00
3733,4.49,-0.758134336,-0.652098404,300.2,813,8.53E+00
3734,4.63,-0.839619865,-0.54317445,300.8,812,4.58E+00
3735,5.59,-0.728968627,-0.684547106,301.3,812,1.10E+01
3736,6.4,-0.987136265,-0.159881188,298.4,812,7.91E+00
3737,0.28,0.99992537,-0.012217001,295.6,812,8.65E+00
3738,2.67,-0.594822787,0.803856861,295,811,9.88E+00
3739,1.33,-0.809016994,0.587785252,293.4,811,9.91E+00
3740,1.75,-0.934825676,-0.355106962,290.7,811,1.04E+01
3741,3.85,-0.62114778,-0.783693457,290.2,811,1.10E+01
3742,4.07,-0.260504509,-0.965472631,290.1,812,9.95E+00
3743,4.1,0.64412363,-0.764921401,290,812,-6.80E+00
3744,2.95,-0.068015291,-0.997684279,286.3,813,-8.78E+00
3745,3.98,0.867765453,-0.496973961,286.6,813,-6.71E+00
3746,4.61,0.932953535,-0.359996808,286.5,814,-6.78E+00
3747,1.62,-0.368124553,-0.929776486,284.8,814,-3.97E+00
3748,2.83,0.940288127,-0.34037955,284,814,-3.18E+00
3749,3.07,0.825113498,0.564967003,285.8,815,9.75E+00
3750,3.01,0.458649554,0.888617233,286,816,1.23E+01
3751,3.28,0.480223497,0.877146164,287.7,816,1.39E+01
3752,4.82,0.467929814,0.88376563,289.3,817,1.34E+01
3753,4.97,0.424199423,0.905568799,290.3,817,1.02E+01
3754,5.42,0.401947777,0.915662593,291.1,817,1.32E+01
3755,5.13,0.285688367,0.958322574,291.5,817,6.23E+00
3756,4.3,0.209618563,0.977783237,292,817,3.42E+00
3757,3.95,0.213030386,0.977045574,292.2,817,2.20E+00
3758,4.56,-0.0662739,0.997801468,292.1,817,1.12E+00
3759,5.07,0.054078813,0.99853667,292.7,816,-4.85E+00
3760,5.56,-0.033155178,0.999450216,293.1,816,-7.84E+00
3761,4.16,-0.292371705,0.956304756,293,815,-7.95E+00
3762,3.55,-0.381070376,0.924546034,292.9,815,-6.52E+00
3763,3.12,-0.095845753,0.995396198,291.5,815,-3.89E+00
3764,2.42,0.074978727,0.997185134,288.6,816,-3.36E+00
3765,2.15,-0.976672278,-0.214735327,287.9,815,-1.78E+00
3766,2.69,-0.537299608,0.843391446,287.6,814,-1.26E+00
3767,2.36,0.369746757,0.929132572,286,814,-1.56E+00
3768,3.02,0.947210278,0.320612991,286.5,814,-1.94E+00
3769,3.03,0.554844427,0.831954122,286.7,815,-1.11E+00
3770,2.44,-0.19765734,0.980271175,285.6,815,-8.63E-01
3771,1.58,-0.522498565,-0.852640164,284.8,814,-5.53E-01
3772,3.53,0.537299608,0.843391446,285.6,813,-8.46E-01
3773,3.87,-0.589196357,-0.807989884,287.8,813,-2.00E+00
3774,5.89,-0.799684658,-0.600420225,291.5,813,-3.59E+00
3775,5.16,-0.832921241,-0.553391549,293.7,812,2.12E+00
3776,0.76,-0.991444861,-0.130526192,293.8,814,-6.88E+00
3777,2.95,-0.894154237,-0.447759088,295.4,813,-7.17E+00
3778,2.48,-0.570713568,-0.821149209,298.9,813,-9.02E+00
3779,4.45,-0.120136839,-0.992757342,298.3,814,-1.05E+01
3780,4.21,0.045362988,-0.99897057,298.6,814,-1.18E+01
3781,4.3,0.026176948,-0.999657325,298.9,814,-1.29E+01
3782,4.29,0.027921639,-0.999610115,299.2,814,-1.38E+01
3783,3.63,0.1719291,-0.985109326,299.6,814,4.98E+00
3784,2.99,0.290702194,-0.956813584,299.7,813,1.08E+01
3785,2.96,-0.912834177,0.40833046,294.9,814,9.64E+00
3786,3.83,-0.953190668,0.302369891,294.7,815,6.37E+00
3787,2.71,0.610145164,0.792289643,293,815,4.50E+00
3788,3.54,0.86949493,-0.493941867,290.4,817,5.67E+00
3789,6.35,-0.799684658,-0.600420225,286.3,817,6.24E+00
3790,2.78,-0.506033764,0.862513669,286.3,815,7.15E+00
3791,3.25,-0.460199785,-0.887815385,287.1,814,4.12E+00
3792,3.24,-0.282341457,-0.959313975,286.8,815,2.49E+00
3793,3.78,-0.455544907,-0.890212805,287.4,815,-4.39E-01
3794,4.33,-0.444635179,-0.89571176,287.5,815,-8.84E-01
3795,5.08,-0.572145873,-0.820151876,288.7,815,-4.37E+00
3796,5.57,-0.653420604,-0.756995056,287.9,815,-4.89E+00
3797,4.7,-0.504527624,-0.863395551,288.5,815,-3.13E+00
3798,4.9,-0.48480962,-0.874619707,290.3,815,-1.96E-01
3799,4.07,-0.161603821,-0.986855716,292.4,815,1.35E+00
3800,2.9,-0.111468932,-0.993767919,295.8,816,2.48E+00
3801,3.88,0.202787295,0.979222811,294.9,816,7.80E+00
3802,2.25,0.130526192,0.991444861,295.6,817,1.43E+01
3803,0.28,0.987136265,-0.159881188,296.4,817,1.29E+01
3804,1.89,-0.071497444,-0.997440783,298.4,817,1.23E+01
3805,2.26,-0.852640164,-0.522498565,300.5,816,9.07E+00
3806,3.73,-0.789084085,0.6142852,298.8,816,3.17E+00
3807,7.38,-0.956304756,0.292371705,291.1,817,2.60E+00
3808,5.18,0.250380004,0.96814764,289.9,818,3.23E+00
3809,3.42,0.121869343,-0.992546152,287.5,819,3.09E+00
3810,4.27,-0.767165152,-0.641449632,287.1,817,1.77E+00
3811,3.48,-0.506033764,-0.862513669,287.9,816,1.84E+00
3812,3.31,-0.13225639,-0.99121554,288.8,816,1.88E+00
3813,4.49,-0.024432178,-0.99970149,289.6,816,1.57E+00
3814,4.25,-0.0662739,-0.997801468,288.7,816,1.59E+00
3815,4.15,0.031410759,-0.99950656,288.5,816,3.64E+00
3816,4.15,0.159881188,-0.987136265,289.4,816,2.06E+00
3817,2.48,0.67815967,-0.734914595,287.9,816,1.64E+00
3818,2.35,0.940880769,-0.33873792,286,816,1.32E+00
3819,2.33,0.586372357,-0.81004164,285.6,817,2.58E+00
3820,2.32,0.417867074,-0.908508178,285.4,816,1.14E+01
3821,2.56,-0.33545157,-0.942057453,287,816,1.32E+01
3822,1.99,-0.584957675,-0.811063819,290.5,816,1.35E+01
3823,1.01,-0.943222658,-0.332161132,293.5,816,1.22E+01
3824,1.81,-0.822144041,0.569279523,295.9,816,8.69E+00
3825,2.9,-0.927183855,0.374606593,297.7,816,6.92E+00
3826,3.11,-0.957319498,0.289031797,298.8,815,4.73E+00
3827,2.97,-0.948323655,0.317304656,299.7,815,1.72E+00
3828,3.47,-0.985996037,0.166768747,300.5,815,3.20E+00
3829,4.38,-0.978147601,0.207911691,301,814,9.89E+00
3830,4.61,-0.989015863,-0.147809411,301.3,813,6.64E+00
3831,4.77,-0.999780683,-0.02094242,300.8,813,2.83E+00
3832,5.28,-0.951056516,0.309016994,300.1,812,3.59E+00
3833,10.84,-0.999262916,0.038387809,289.3,813,3.54E+00
3834,1.85,0.988756381,0.149535343,291.7,812,1.28E+00
3835,2.45,-0.94437637,0.328866647,291.5,812,1.26E+00
3836,1.91,-0.957319498,0.289031797,290.1,811,2.72E+00
3837,1.8,0.781520472,-0.623879597,289.6,811,2.86E+00
3838,2.23,0.650774217,-0.759271307,289.5,811,2.47E+00
3839,1.86,0.849892693,-0.526955795,289.1,811,9.30E+00
3840,2.16,-0.36325123,-0.931691228,288.5,810,1.73E+00
3841,5.99,-0.994702817,-0.102792537,291,809,-3.06E+00
3842,5.66,-0.979924705,-0.199367934,290.6,809,-3.84E+00
3843,4.7,-0.946085359,-0.323917418,290,809,-5.20E+00
3844,6.17,-0.858959897,-0.512042865,290.1,808,-7.69E+00
3845,5.55,-0.708339838,-0.705871571,290.9,808,-1.05E+01
3846,4.83,-0.74779809,-0.663926213,294.1,807,-1.75E+01
3847,6.64,-0.654740814,-0.755853469,296.7,808,-1.85E+01
3848,5.34,-0.480223497,-0.877146164,298.1,808,1.68E+00
3849,5.08,-0.49848774,-0.866896749,299.6,808,7.73E+00
3850,4.99,-0.495458668,-0.868631514,299.9,808,9.71E+00
3851,5.01,-0.421035813,-0.907044014,300.3,808,1.38E+01
3852,4.77,-0.487859659,-0.872922077,300.5,808,9.69E+00
3853,5.02,-0.622514637,-0.782608157,301.2,808,6.85E+00
3854,6.01,-0.405141587,-0.914253955,301,807,8.62E-02
3855,6.14,-0.345298199,-0.938493023,300.5,807,-9.06E-01
3856,6.12,0.040131793,-0.999194395,299.5,807,4.36E+00
3857,5.78,0.90408255,-0.427357863,296.5,805,1.01E+01
3858,6.2,0.975149354,-0.221548498,293.9,806,1.10E+01
3859,4.99,0.886203579,-0.463296035,290.4,806,1.11E+01
3860,1.75,0.982612797,0.185666615,287.6,808,1.08E+01
3861,7.16,0.973178873,-0.230049737,287,808,1.07E+01
3862,7.81,0.956304756,-0.292371705,284.2,809,1.05E+01
3863,5.96,0.990023658,-0.140901232,284.2,810,5.56E+00
3864,4,0.996778878,0.080198924,283.7,811,-6.34E+00
3865,3.16,0.902585284,-0.430511097,282.5,811,1.22E+01
3866,4.71,0.791223533,-0.61152704,281.6,811,-1.99E+01
3867,6.13,0.557745109,-0.830012285,281.1,811,-5.43E+00
3868,6.19,0.615661475,-0.788010754,281.1,811,-4.18E+00
3869,5.64,0.732542899,-0.680720869,281.2,812,-5.01E+00
3870,5.11,0.764921401,-0.64412363,282.3,812,-6.14E+00
3871,4.11,0.921185406,-0.38912395,283.1,813,-1.06E+01
3872,2.59,0.982612797,-0.185666615,283.8,814,-1.74E+01
3873,1.82,0.387515586,-0.921863152,285.4,814,-9.43E+00
3874,3.13,-0.142628934,-0.989776231,286.5,814,-2.69E+01
3875,3.25,-0.258819045,-0.965925826,287.5,813,-5.93E+00
3876,3.66,-0.436801788,-0.899557779,288.6,813,-2.87E+01
3877,4.01,-0.39394191,-0.919135339,289.2,813,-3.01E+01
3878,4.2,-0.490903754,-0.871213811,290.6,813,-4.88E+00
3879,5.83,-0.315649037,-0.948876012,291.5,812,-3.98E+00
3880,4.6,-0.5,-0.866025404,291.7,813,-1.13E+00
3881,5.86,-0.441505853,-0.89725837,293.7,812,2.18E+00
3882,4.51,-0.290702194,-0.956813584,293.5,811,4.03E+00
3883,1.05,0.99074784,-0.135715572,291.2,811,5.11E+00
3884,0.98,0.327217899,0.944948912,288,812,6.44E+00
3885,3.92,-0.990509463,0.137444546,286.7,813,7.48E+00
3886,1.13,-0.432085749,-0.901832526,285,814,9.52E+00
3887,7.34,0.931055816,-0.364876784,280,815,1.03E+01
3888,4.77,0.992114701,-0.125333234,278.3,816,8.46E+00
3889,0.28,-0.135715572,-0.99074784,277.6,817,-6.62E+00
3890,0.39,-0.118403968,-0.992965508,277.4,817,1.21E+01
3891,2.56,-0.955278362,-0.29570805,277.5,817,1.11E+01
3892,2.68,-0.38912395,-0.921185406,277.4,818,1.32E+01
3893,5.25,0.662620048,-0.748955721,279.6,818,-6.79E+00
3894,3.52,0.461748613,-0.887010833,280.6,818,9.90E-01
3895,2.14,0.688354576,-0.725374371,281.6,818,-1.04E+00
3896,2.52,0.564967003,-0.825113498,282.8,819,-1.81E+00
3897,2.5,0.231747903,-0.972775878,283.9,819,1.84E+00
3898,3.08,-0.087155743,-0.996194698,285.3,819,-2.11E+00
3899,4.16,-0.055821505,-0.998440764,286.4,818,-3.11E+00
3900,5.12,0.041875654,-0.99912283,287.7,818,-3.07E+00
3901,5.87,-1.83772E-16,-1,288.6,818,-3.33E+00
3902,5.73,0.069756474,-0.99756405,289.6,818,-6.50E+00
3903,5.41,0.194234351,-0.980955155,290.2,818,-7.37E+00
3904,4.72,0.262189179,-0.965016494,290.6,818,-6.39E+00
3905,2.78,0.475624209,-0.879648573,291.1,816,-6.31E+00
3906,4.78,0.654740814,0.755853469,289.6,817,-2.14E+00
3907,2.74,0.047106451,0.998889875,286.6,818,7.56E-01
3908,1.59,-0.194234351,0.980955155,283.9,818,6.09E+00
3909,0.49,0.553391549,0.832921241,283.5,818,7.63E+00
3910,0.48,-0.189095443,-0.981958713,282.9,818,5.47E+00
3911,1.88,-0.967267753,-0.253757945,281.6,819,8.72E+00
3912,1.75,-0.944948912,-0.327217899,281.4,819,6.34E+00
3913,1.55,-0.170209499,-0.985407898,281.4,819,4.96E+00
3914,1.37,-0.327217899,-0.944948912,281.4,818,4.61E+00
3915,1.71,-0.071497444,-0.997440783,281.7,818,4.33E+00
3916,1.62,0.584957675,-0.811063819,281.4,818,2.39E+00
3917,2.09,-0.231747903,-0.972775878,283.2,818,-1.60E+00
3918,2.6,-0.941470545,0.337095258,286.6,817,-1.96E+00
3919,3.4,-0.999657325,0.026176948,287.9,816,-8.96E-01
3920,4.84,-0.97236992,-0.233445364,290,816,1.98E-02
3921,3.7,-0.989776231,-0.142628934,291.8,815,7.13E-01
3922,4.25,-0.882947593,-0.469471563,293,815,2.56E+00
3923,4.11,-0.671720589,-0.740804596,294.4,814,-1.34E+00
3924,4.4,-0.551936985,-0.833885822,295.9,815,-1.87E+00
3925,4.58,-0.471011881,-0.882126866,296.9,815,-8.61E+00
3926,3.71,-0.425779292,-0.904827052,297.5,814,-1.41E+01
3927,2.85,-0.33873792,-0.940880769,298.1,814,-6.91E+00
3928,3.3,0.214735327,-0.976672278,299.6,814,1.93E+00
3929,4.62,0.1719291,-0.985109326,299.7,811,8.41E+00
3930,2.58,0.64678978,-0.76266833,298.6,812,1.08E+01
3931,2.06,0.800731371,0.599023599,294.7,813,1.09E+01
3932,1.1,-0.185666615,0.982612797,289.4,813,1.02E+01
3933,1.49,-0.99756405,-0.069756474,288.4,812,9.93E+00
3934,2.13,-0.516533329,-0.856267085,287.6,812,6.77E+00
3935,2.84,-0.346935652,-0.937888935,287.9,812,5.21E+00
3936,3.49,0.161603821,-0.986855716,288.2,811,2.53E+00
3937,4.39,-0.587785252,-0.809016994,289.9,811,-5.10E+00
3938,4.44,-0.617035875,-0.786935022,289.6,811,3.79E+00
3939,4.66,-0.707106781,-0.707106781,290.6,811,3.25E+00
3940,4.67,-0.632029303,-0.774944489,290.5,810,3.19E+00
3941,4.47,-0.705871571,-0.708339838,292,810,4.36E+00
3942,3.81,-0.63742399,-0.770513243,295.8,810,9.81E+00
3943,4.61,-0.663926213,-0.74779809,298.7,810,2.54E+00
3944,4.63,-0.705871571,-0.708339838,300.2,810,9.34E+00
3945,5.52,-0.610145164,-0.792289643,301.8,810,1.23E+01
3946,6.46,-0.679441304,-0.733729865,302.8,810,1.42E+01
3947,6.44,-0.526955795,-0.849892693,303.2,810,1.45E+01
3948,7.21,-0.872069272,-0.489382452,303.7,809,1.41E+01
3949,1.95,-0.967267753,0.253757945,300.3,809,1.12E+01
3950,5.8,-0.213030386,-0.977045574,300.6,808,1.11E+01
3951,6.03,-0.509041416,-0.860742027,304,807,1.23E+01
3952,3.03,0.144356201,-0.989525789,299.2,809,1.12E+01
3953,8.3,-0.989525789,-0.144356201,300.2,807,6.45E+00
3954,6.34,-0.751264134,-0.660001668,298.4,806,9.08E+00
3955,9.41,0.405141587,-0.914253955,294.4,809,9.73E+00
3956,3.6,-0.390731128,-0.920504853,292.1,808,1.13E+01
3957,4.55,0.887815385,-0.460199785,293.6,809,9.76E+00
3958,5.39,0.963162567,-0.268919821,289.5,809,1.21E+01
3959,2.55,0.99950656,-0.031410759,286.3,810,1.17E+01
3960,3.23,0.814115518,-0.580702956,285.7,810,4.26E+00
3961,1.96,0.120136839,0.992757342,284.6,811,1.17E+01
3962,2.68,-0.951594404,0.307356618,284.2,811,4.81E+00
3963,2.11,-0.05059294,-0.998719357,283.1,811,1.05E+01
3964,2.41,0.299040792,-0.954240329,283,811,1.31E+01
3965,2.54,0.914959668,-0.403545296,285.3,811,-3.40E-01
3966,1.95,0.955278362,0.29570805,287.9,811,2.62E+00
3967,1.8,0.713250449,0.700909264,289.3,812,3.12E+00
3968,1.48,0.268919821,0.963162567,290.7,812,1.45E+01
3969,3.23,-0.13225639,0.99121554,292,812,6.95E+00
3970,3.34,-0.0975829,0.9952274,292.7,812,1.22E+01
3971,4.24,-0.366501227,0.930417568,294.1,811,1.30E+01
3972,4.17,-0.43993917,0.898027576,294.6,811,1.34E+01
3973,3.98,-0.299040792,0.954240329,295.1,811,1.12E+01
3974,5.25,-0.250380004,0.96814764,295.2,810,7.66E+00
3975,5.57,-0.211324796,0.977415894,295,810,5.74E+00
3976,6.5,-0.284015345,0.958819735,295.1,810,-8.53E-01
3977,3.45,-0.848048096,0.529919264,294.6,809,-1.85E+00
3978,1.9,-0.008726535,0.999961923,294.3,809,-1.55E+00
3979,5.97,0.9952274,-0.0975829,285.4,811,-1.96E+00
3980,1,0.116670737,0.99317065,284.4,811,-1.94E+00
3981,1.05,-0.37945616,0.925209718,284.1,811,-2.34E+00
3982,0.93,-0.76266833,-0.64678978,283.7,811,-2.33E+00
3983,0.28,-0.425779292,-0.904827052,283.8,810,-2.78E+00
3984,2.09,-0.221548498,0.975149354,283.4,810,-2.46E+00
3985,1.67,-0.845261833,0.534352349,282.6,810,-2.22E+00
3986,2.04,-0.309016994,0.951056516,284.1,809,-2.23E+00
3987,0.87,0.62114778,0.783693457,284.3,809,-2.25E+00
3988,0.5,0.819152044,-0.573576436,285,809,-4.85E+00
3989,1.14,0.267238376,0.963630453,285.8,809,-3.21E+00
3990,1.81,-0.843391446,0.537299608,286.9,808,-4.64E+00
3991,3.06,-0.864274802,0.503019947,288.6,809,-5.42E+00
3992,3.04,-0.272280247,0.962217994,289.3,810,9.90E-01
3993,1.26,-0.959313975,0.282341457,292,810,1.44E+00
3994,2.2,-0.97957525,0.201077921,293.3,809,-8.69E+00
3995,0.82,-0.803856861,-0.594822787,295.1,809,-9.34E+00
3996,5.4,-0.313992456,-0.949425478,296.2,810,-1.01E+01
3997,6.18,-0.446197813,-0.894934362,292.7,811,-1.13E+01
3998,5.22,-0.427357863,-0.90408255,288.9,810,-1.23E+01
3999,7.28,-0.46638664,-0.884580975,289.5,810,-3.38E+00
4000,7.29,-0.544639035,-0.838670568,290.6,809,-5.53E+00
4001,3.37,0.192521967,0.981292664,292.2,809,-5.88E+00
4002,3.14,-0.752414909,0.65868946,291,810,-2.95E+00
4003,1.9,0.116670737,0.99317065,290.2,810,-2.33E+00
4004,0.42,0.707106781,0.707106781,288.6,810,-2.12E+00
4005,2.37,0.551936985,-0.833885822,289.3,809,7.32E-01
4006,2.47,0.024432178,0.99970149,288.7,810,1.95E+00
4007,3.51,0.880477354,0.474088209,288.4,810,4.37E+00
4008,3.92,0.889416373,0.457097927,287.6,810,1.46E+00
4009,4.17,0.846193166,0.532876276,286.6,810,-4.54E-01
4010,3.02,0.947210278,0.320612991,286.1,810,1.74E-01
4011,1.98,0.858064906,0.513541252,286,810,1.07E+00
4012,3.28,0.975534544,-0.219846204,285.2,811,6.71E+00
4013,2.8,0.99317065,0.116670737,285.4,811,-7.30E-01
4014,3.64,0.997052752,-0.076719028,285.5,811,-2.41E+00
4015,4.75,0.999780683,0.02094242,285.4,812,3.04E+00
4016,3.86,0.940880769,0.33873792,285.1,813,4.95E+00
4017,3.44,0.767165152,0.641449632,286.2,813,9.28E+00
4018,4.87,0.471011881,0.882126866,287,813,7.78E+00
4019,4.89,0.507538363,0.86162916,287.3,814,3.00E+00
4020,5.19,0.346935652,0.937888935,287.5,814,-3.52E+00
4021,4.69,0.320612991,0.947210278,287.2,815,-4.05E+00
4022,4.26,0.43993917,0.898027576,287.6,814,-3.98E+00
4023,4.93,0.467929814,0.88376563,288,814,-4.16E+00
4024,4.97,0.436801788,0.899557779,287.5,815,-5.61E+00
4025,2.75,0.564967003,0.825113498,283.9,815,-5.59E+00
4026,3.28,0.489382452,0.872069272,283.6,816,-6.74E+00
4027,4.14,0.194234351,0.980955155,283.3,817,-1.01E+01
4028,3.26,0.170209499,0.985407898,283,816,-9.83E+00
4029,2.66,0.054078813,0.99853667,282.8,816,-8.55E+00
4030,2,0.36162457,0.932323801,282.2,816,-8.90E+00
4031,1.02,0.250380004,0.96814764,282.1,816,-8.35E+00
4032,2.47,0.104528463,0.994521895,282.5,816,-9.59E+00
4033,2.83,0.005235964,0.999986292,282.8,816,-1.17E+01
4034,3.06,0.022687334,0.999742609,283,816,-9.07E+00
4035,3.07,0.185666615,0.982612797,282.8,816,-1.25E+01
4036,2.72,0.443071191,0.89648643,282.8,816,-1.20E+01
4037,3.19,0.312334919,0.949972052,282.7,815,-1.07E+01
4038,3.51,0.073238197,0.997314477,282.8,816,-1.61E+01
4039,4.09,0.147809411,0.989015863,283.3,816,-1.96E+01
4040,4.06,0.38912395,0.921185406,283.4,816,-1.11E+01
4041,2.43,-0.012217001,0.99992537,283.1,817,-6.85E+00
4042,3.95,0.474088209,0.880477354,283.9,816,-8.66E+00
4043,3.08,0.214735327,0.976672278,284.6,816,-5.58E+00
4044,2.87,0.170209499,0.985407898,285.4,816,-5.78E+00
4045,3.39,0.190808995,0.981627183,285.4,816,-7.23E+00
4046,3.57,0.223250116,0.974761194,285.1,816,-6.87E+00
4047,3.13,0.125333234,0.992114701,285.3,816,-7.90E+00
4048,3.29,0.180519145,0.983571471,285.5,816,-8.76E+00
4049,2.86,0.010471784,0.999945169,283.3,816,-8.93E+00
4050,3.06,0.142628934,0.989776231,283.5,816,-9.50E+00
4051,2.5,-0.040131793,0.999194395,283.6,817,-9.56E+00
4052,2.39,-0.102792537,0.994702817,283.6,817,-1.04E+01
4053,2.7,0.068015291,0.997684279,283.7,816,-1.00E+01
4054,2.3,-0.137444546,0.990509463,283.6,816,-8.25E+00
4055,2.56,-0.236838146,0.97154912,283.6,816,-7.99E+00
4056,2.03,-0.589196357,0.807989884,283.4,817,-9.44E+00
4057,0.75,-0.857167301,0.515038075,283.1,816,-7.61E+00
4058,2.37,-0.292371705,-0.956304756,281.9,815,-6.96E+00
4059,3,-0.069756474,0.99756405,281.7,816,-7.08E+00
4060,0.63,0.99074784,0.135715572,282.1,816,-6.79E+00
4061,1.37,-0.101056297,0.994880709,282.6,816,-7.13E+00
4062,0.9,0.782608157,0.622514637,283.2,816,-6.84E+00
4063,0.9,-0.887815385,0.460199785,283.8,816,-3.14E+00
4064,3.6,-0.299040792,-0.954240329,285.4,817,-4.58E+00
4065,0.89,0.209618563,0.977783237,286.3,816,-1.29E+00
4066,3.67,0.343659695,0.939094252,287.1,816,-8.41E+00
4067,3.54,0.945518576,0.325568154,285.6,816,-9.39E+00
4068,3.47,-0.759271307,0.650774217,285.2,816,-9.28E+00
4069,4.95,0.915662593,0.401947777,285.2,815,-8.30E+00
4070,2.62,0.970295726,0.241921896,284.8,816,-7.59E+00
4071,8.33,-0.02094242,-0.999780683,283.5,816,-7.20E+00
4072,3.22,0.984807753,-0.173648178,286.2,816,-5.17E+00
4073,0.53,0.968583161,0.248689887,286.5,816,-6.97E-01
4074,2.63,0.38912395,0.921185406,286.8,815,-5.89E+00
4075,1.87,-0.278991106,0.960293686,285.5,816,-6.14E+00
4076,1.72,0.755853469,0.654740814,283.9,816,-4.80E+00
4077,1.57,0.953190668,-0.302369891,283.3,816,-2.37E+00
4078,1.16,0.965016494,-0.262189179,282.8,815,4.07E+00
4079,1.18,0.918446381,-0.395545503,284.4,816,2.11E+00
4080,0.56,0.94664926,-0.322265695,284.7,816,2.58E+00
4081,1.16,0.563526049,0.826098294,284.9,816,4.88E-02
4082,1.42,0.26387305,0.964557418,284.5,816,9.23E+00
4083,2.13,-0.216439614,-0.976296007,284,815,7.01E+00
4084,1.2,0.992114701,0.125333234,283.4,816,3.06E+00
4085,1.6,0.999262916,-0.038387809,283.7,816,3.23E+00
4086,2.96,0.85445883,0.519519112,283.4,816,2.56E+00
4087,0.78,0.374606593,0.927183855,282.9,816,4.74E+00
4088,2.92,0.970716482,0.240228042,284.1,817,3.02E+00
4089,3.73,0.962691746,0.270600446,285.2,816,3.01E+00
4090,4.73,0.544639035,0.838670568,285.3,817,3.28E+00
4091,3.96,0.562083378,0.827080574,285,817,3.17E+00
4092,2.51,0.258819045,0.965925826,285.3,818,3.71E+00
4093,4.24,0.471011881,0.882126866,286.7,818,3.58E+00
4094,3.55,0.4539905,0.891006524,286,817,3.82E+00
4095,2.38,0.679441304,0.733729865,286.9,818,3.12E+00
4096,2.2,0.509041416,0.860742027,287,818,2.26E+00
4097,1.51,0.518027009,0.85536426,286.5,818,1.77E+00
4098,0.99,-0.146083029,0.989272333,286.5,818,4.12E-01
4099,2.83,0.447759088,0.894154237,285.4,818,-2.47E+00
4100,0.76,-0.577857624,0.81613759,283.9,818,-3.95E+00
4101,0.99,0.348572047,-0.937281989,282.6,818,-5.38E+00
4102,2.24,0.807989884,-0.589196357,282,818,-7.60E+00
4103,1.6,0.688354576,-0.725374371,281.8,818,-9.24E+00
4104,1.99,0.059306374,-0.998239828,281.5,818,-9.35E+00
4105,2.38,0.088894297,-0.996041065,281.4,818,-7.63E+00
4106,3.34,-0.175366726,-0.98450318,281.7,818,-7.00E+00
4107,3.09,0.059306374,-0.998239828,281.1,818,6.70E+00
4108,2.9,-0.083677843,-0.996492859,280.9,818,8.06E+00
4109,2.13,-0.457097927,-0.889416373,282.6,818,1.03E+01
4110,0.92,-0.88376563,0.467929814,285.1,817,9.74E+00
4111,2.34,-0.562083378,0.827080574,286.5,818,1.19E+01
4112,2.15,-0.824126189,0.566406237,287.4,818,1.40E+01
4113,1.88,-0.743144825,0.669130606,288.8,818,9.15E+00
4114,2.47,-0.522498565,0.852640164,290.1,817,6.29E+00
4115,2.84,-0.589196357,0.807989884,291.2,817,1.06E+01
4116,2.33,-0.831954122,0.554844427,291.9,817,1.14E+01
4117,2.92,-0.690882411,0.722967146,290.7,817,9.99E+00
4118,3.07,-0.85536426,0.518027009,291.4,816,7.95E+00
4119,2.32,-0.949425478,0.313992456,292.2,816,5.63E+00
4120,3.87,-0.822144041,0.569279523,291.8,816,4.15E+00
4121,4.42,-0.953190668,0.302369891,292.1,816,3.47E+00
4122,3.68,-0.924546034,0.381070376,291.4,815,3.56E+00
4123,2.45,-0.6142852,0.789084085,289.4,815,3.76E+00
4124,5.76,-0.645457688,-0.763796029,287.6,817,3.51E+00
4125,0.92,-0.881303452,0.472550765,285.8,813,3.35E+00
4126,2.62,0.406736643,-0.913545458,285.5,814,2.57E+00
4127,6.22,-0.559192903,-0.829037573,283.8,813,1.74E+00
4128,6.42,-0.570713568,-0.821149209,285.1,813,1.53E+00
4129,6.36,-0.506033764,-0.862513669,286.4,812,9.93E-01
4130,2.95,-0.322265695,-0.94664926,283.9,812,5.54E-01
4131,2.52,-0.557745109,-0.830012285,283.4,813,2.58E+00
4132,3.81,-0.309016994,-0.951056516,284.3,812,3.64E+00
4133,0.86,0.800731371,-0.599023599,285.5,812,1.17E+01
4134,1.21,-0.882126866,-0.471011881,288.6,812,1.32E+01
4135,2.63,-0.348572047,-0.937281989,290,811,8.82E+00
4136,2.16,-0.040131793,-0.999194395,290.8,812,3.09E+00
4137,3.62,-0.320612991,-0.947210278,293.1,811,4.76E+00
4138,3.94,-0.173648178,-0.984807753,293.8,811,4.55E+00
4139,3.7,-0.135715572,-0.99074784,294.2,811,6.53E+00
4140,3.85,-0.139173101,-0.990268069,294.7,811,5.28E+00
4141,3.98,-0.083677843,-0.996492859,294.7,810,4.50E+00
4142,3.86,0.190808995,-0.981627183,294.9,809,4.08E+00
4143,6,0.926528631,0.376224263,289.9,809,5.21E+00
4144,7.75,0.848048096,-0.529919264,286.8,809,4.94E+00
4145,6.22,0.057564027,-0.998341817,288.7,809,8.66E+00
4146,6.54,0.376224263,-0.926528631,288,809,8.64E+00
4147,4.8,0.406736643,-0.913545458,287,809,6.66E+00
4148,5.8,0.22835087,-0.973578903,286.1,810,5.11E+00
4149,4.85,0.128795597,-0.991671162,285.5,810,6.99E+00
4150,6.01,0.226651307,-0.973975967,286,810,4.26E+00
4151,4.81,0.260504509,-0.965472631,286.5,810,3.79E+00
4152,5.65,0.260504509,-0.965472631,286.1,809,5.68E+00
4153,4.94,-0.268919821,-0.963162567,285.7,809,3.20E+00
4154,4.38,-0.083677843,-0.996492859,285.2,810,1.22E+01
4155,5.53,0.017452406,-0.999847695,285.1,810,1.28E+01
4156,6.08,0.189095443,-0.981958713,284.7,809,1.43E+01
4157,6.78,0.315649037,-0.948876012,285.4,809,6.68E-01
4158,6.76,0.372987783,-0.927836254,286.3,809,9.25E+00
4159,7.82,0.4539905,-0.891006524,287.9,809,1.69E+00
4160,7.34,0.471011881,-0.882126866,288.9,810,7.14E+00
4161,5.69,0.580702956,-0.814115518,289.9,810,6.86E+00
4162,5.6,0.599023599,-0.800731371,290.9,810,3.22E+00
4163,5.05,0.513541252,-0.858064906,291.9,810,3.00E-01
4164,5.01,0.323917418,-0.946085359,292.7,811,-4.28E+00
4165,4.59,0.294040325,-0.955793015,293.1,810,-7.74E+00
4166,4.31,0.173648178,-0.984807753,293.3,810,-2.31E+01
4167,3.2,0.619779032,-0.784776371,293.6,809,-8.65E+00
4168,5.9,0.960293686,0.278991106,286.4,809,-5.67E+00
4169,4.46,0.733729865,0.679441304,289.2,809,-5.94E-01
4170,4.93,0.75470958,0.656059029,287.8,808,2.93E-01
4171,1.83,-0.270600446,-0.962691746,287.8,810,2.51E+00
4172,7.34,-0.478691858,-0.877982975,284.1,814,5.34E+00
4173,3.04,-0.968583161,-0.248689887,283,810,5.69E+00
4174,3.2,0.04884977,-0.998806137,283.3,810,8.97E+00
4175,4.23,0.475624209,-0.879648573,285,810,2.47E+00
4176,4.01,0.152985836,-0.988228381,283.6,811,3.48E+00
4177,4.3,0.33873792,-0.940880769,283.7,811,4.02E+00
4178,2.92,0.307356618,-0.951594404,282.2,811,6.93E+00
4179,3.44,0.662620048,-0.748955721,283.7,811,2.44E+00
4180,3.53,0.867765453,-0.496973961,283.7,811,9.97E-01
4181,3.78,0.874619707,-0.48480962,284.9,811,1.05E+01
4182,2.86,0.997801468,-0.0662739,286,811,6.46E+00
4183,2.78,0.998239828,0.059306374,286.3,812,4.05E+00
4184,1.74,0.931691228,0.36325123,287.6,813,1.02E+01
4185,2.35,0.593418887,0.804893797,289.1,813,3.62E+00
4186,2.72,0.253757945,0.967267753,289.9,812,8.50E-01
4187,2.58,0.830984469,0.556295616,288.9,812,8.96E-01
4188,5.78,-0.436801788,-0.899557779,285.7,813,5.31E-01
4189,1.57,0.455544907,-0.890212805,284.9,815,-2.10E+00
4190,4.76,0.547563223,-0.836764313,285,813,-4.54E-01
4191,5.88,0.603207988,-0.797583929,285.8,813,-1.70E-01
4192,3.67,0.221548498,-0.975149354,287.6,813,6.77E-02
4193,3.34,0.557745109,-0.830012285,287.5,815,2.56E+00
4194,3.83,0.740804596,-0.671720589,287.6,815,7.93E+00
4195,3.51,0.546101961,-0.837718717,286.3,815,6.49E+00
4196,2.97,-0.716910608,-0.697165103,284.3,815,1.87E+00
4197,3.21,0.441505853,-0.89725837,284,815,-3.83E-01
4198,3.4,0.589196357,-0.807989884,284.2,814,-5.55E-01
4199,2.91,-0.489382452,-0.872069272,282.6,815,-8.60E-01
4200,3.42,0.226651307,-0.973975967,283.6,815,-9.73E-01
4201,3.68,0.16848938,-0.985703469,283.6,815,-2.12E+00
4202,3.28,-0.599023599,-0.800731371,282.8,814,-2.17E+00
4203,3.56,-0.02094242,-0.999780683,283.2,815,3.14E+00
4204,3.5,-0.010471784,-0.999945169,283.3,815,4.42E+00
4205,4.41,0.317304656,-0.948323655,285.2,815,1.32E+01
4206,4.69,0.493941867,-0.86949493,287.2,814,1.26E+01
4207,5.07,0.67687597,-0.736097087,288.6,814,8.93E+00
4208,2.47,0.990268069,-0.139173101,289.8,815,4.51E+00
4209,2.56,0.989272333,0.146083029,290.7,815,3.74E+00
4210,2.11,0.996492859,0.083677843,291.7,815,3.03E+00
4211,2.58,0.939094252,-0.343659695,292.3,814,-4.86E+00
4212,2.29,0.435231099,-0.900318771,292.1,814,-2.57E+00
4213,3.77,0.759271307,-0.650774217,293.4,814,1.48E+00
4214,2.93,0.781520472,-0.623879597,294.1,813,-1.47E+00
4215,2.62,0.738455341,-0.674302388,294.2,814,-5.64E-01
4216,3.13,0.797583929,-0.603207988,293.7,814,-9.76E-02
4217,2.59,0.262189179,0.965016494,289.6,813,2.75E+00
4218,2.3,-0.441505853,0.89725837,290.4,814,3.36E+00
4219,1.93,-0.455544907,0.890212805,289.5,814,2.73E+00
4220,1.51,-0.395545503,0.918446381,286.6,815,2.37E+00
4221,0.69,-0.43993917,-0.898027576,285.9,814,2.10E+00
4222,2.39,-0.00698126,-0.999975631,285.1,815,2.01E+00
4223,3.36,-0.233445364,-0.97236992,285.7,814,1.06E+00
4224,3.79,-0.343659695,-0.939094252,285.9,814,-1.18E+00
4225,4.19,-0.382683432,-0.923879533,286.7,814,-4.02E+00
4226,4.6,-0.455544907,-0.890212805,286.4,814,-4.10E+00
4227,4.9,-0.562083378,-0.827080574,285.9,814,-4.95E+00
4228,4.08,-0.490903754,-0.871213811,285.9,814,-5.19E-01
4229,3.68,-0.457097927,-0.889416373,287.5,814,7.26E+00
4230,3.26,-0.535826795,-0.844327926,290.4,814,9.96E+00
4231,2.91,-0.328866647,-0.94437637,294,814,1.00E+01
4232,3.66,0.182235525,-0.983254908,296.2,815,8.64E+00
4233,2.94,0.397147891,-0.917754626,297,814,8.22E+00
4234,2.12,0.590605668,-0.806960312,297.7,814,6.12E+00
4235,1.86,0.243615012,-0.969872015,298.6,815,9.92E+00
4236,2.53,-0.240228042,-0.970716482,299.5,815,1.33E+01
4237,2.86,-0.307356618,-0.951594404,299.8,815,9.36E+00
4238,2.46,-0.1719291,-0.985109326,299.8,814,6.68E+00
4239,2.1,-0.159881188,-0.987136265,299.9,814,8.63E+00
4240,2.49,0.356737999,-0.934204474,299.9,815,8.83E+00
4241,6.38,0.348572047,-0.937281989,300.3,811,8.65E+00
4242,5.58,0.99912283,0.041875654,296,812,9.59E+00
4243,1.5,0.967267753,0.253757945,294,814,9.11E+00
4244,2.56,0.948323655,0.317304656,291,814,7.72E+00
4245,3.88,0.965016494,-0.262189179,290.6,814,7.26E+00
4246,5.09,0.988228381,-0.152985836,290.4,815,7.40E+00
4247,4.27,0.989015863,-0.147809411,289.3,816,8.26E+00
4248,4.33,0.985407898,-0.170209499,288.4,816,4.05E+00
4249,1.05,0.312334919,0.949972052,286.6,816,-3.07E+00
4250,1.81,0.950515732,0.31067643,286,816,-5.52E+00
4251,2.99,0.964095404,-0.265556117,286.5,816,3.04E+00
4252,2.51,0.926528631,-0.376224263,285.4,817,2.17E+00
4253,2.49,0.953716951,-0.3007058,286.4,817,1.86E+00
4254,1.62,0.898794046,-0.438371147,287.6,816,3.36E-01
4255,1.19,0.848048096,0.529919264,289.7,817,-3.04E-01
4256,1.52,0.22835087,0.973578903,291.3,818,-1.50E-01
4257,1.17,-0.69465837,0.7193398,293,817,1.24E+01
4258,2.84,-0.573576436,-0.819152044,294.8,817,1.20E+01
4259,3.68,-0.710799474,-0.703394703,294.8,817,9.30E+00
4260,2.2,-0.813100761,-0.58212297,294.5,817,4.32E+00
4261,1.03,-0.999390827,0.034899497,295.8,816,-3.21E+00
4262,2.56,-0.712026046,-0.702153053,297.3,815,-3.83E+00
4263,2.64,-0.364876784,-0.931055816,297.4,815,-3.93E+00
4264,1.92,0.250380004,0.96814764,293.7,816,-1.56E+00
4265,2.99,-0.518027009,-0.85536426,298.4,813,5.99E-01
4266,4.88,0.371367836,0.928485827,295.5,814,4.43E+00
4267,3.31,-0.173648178,0.984807753,294.2,814,5.79E+00
4268,2.29,0.17708474,0.984195608,291,815,5.11E+00
4269,1.27,0.348572047,0.937281989,289.6,814,1.77E+00
4270,0.69,0.156434465,0.987688341,290,814,1.37E+00
4271,3.75,-0.48480962,0.874619707,291.1,814,-9.97E-01
4272,2.58,-0.309016994,-0.951056516,290.9,814,6.77E-02
4273,4.01,-0.998806137,-0.04884977,292.2,813,4.05E-01
4274,2.36,-0.513541252,-0.858064906,288.9,813,3.92E-01
4275,4,-0.879648573,-0.475624209,290,813,-3.34E-01
4276,3.64,-0.577857624,-0.81613759,289.3,813,-5.80E-01
4277,3.08,-0.446197813,-0.894934362,290.5,812,-1.04E+00
4278,1.41,-0.85445883,-0.519519112,295,812,-4.64E-01
4279,2.9,-0.860742027,-0.509041416,298.4,812,-2.47E+00
4280,3.44,-0.845261833,-0.534352349,300.1,813,-4.61E+00
4281,0.96,-0.604599115,0.796529918,301,812,-2.27E+00
4282,3.27,-0.118403968,0.992965508,300.1,812,2.53E+00
4283,4.06,-0.185666615,0.982612797,300.8,811,6.78E-01
4284,2.8,-0.995724698,0.092370587,303,811,-3.46E+00
4285,3.56,-0.923210217,-0.384295323,303.6,811,-1.81E+00
4286,3.85,-0.915662593,-0.401947777,303.9,810,-1.69E+00
4287,4.53,-0.988228381,-0.152985836,303.9,809,2.56E+00
4288,4.61,-0.985703469,-0.16848938,303.9,808,9.94E+00
4289,0.96,-0.535826795,-0.844327926,296.2,808,8.61E+00
4290,1.35,-0.738455341,-0.674302388,298.2,807,8.44E+00
4291,0.84,-0.929132572,-0.369746757,297.1,807,8.41E+00
4292,4.01,-0.7193398,-0.69465837,293.4,807,7.86E+00
4293,3.9,-0.761538308,-0.648119901,292.6,806,8.08E+00
4294,5.03,-0.818149717,-0.575005252,294.7,806,6.84E+00
4295,4.37,-0.556295616,-0.830984469,292.9,806,4.76E+00
4296,4.45,-0.77384021,-0.633380873,292.3,806,4.93E+00
4297,4.92,-0.31067643,-0.950515732,292.4,806,4.03E+00
4298,4.92,0.005235964,-0.999986292,292.8,806,4.08E+00
4299,5.11,0.159881188,-0.987136265,292.9,806,5.51E+00
4300,5.03,0.252069358,-0.96770917,292.2,806,1.40E+01
4301,5.42,0.366501227,-0.930417568,290.9,806,1.26E+01
4302,6.45,0.567843745,-0.823136369,292.7,806,1.20E+01
4303,6.02,0.743144825,-0.669130606,291.1,808,1.26E+01
4304,5.63,0.838670568,-0.544639035,292.5,809,1.34E+01
4305,4.4,0.899557779,-0.436801788,295.2,809,7.87E+00
4306,3.08,0.886203579,-0.463296035,296.2,809,-1.00E-03
4307,1.36,0.698415285,-0.715692734,297.1,810,8.67E+00
4308,2.78,-0.455544907,-0.890212805,298.3,810,3.33E+00
4309,2.1,-0.834847863,0.55048074,298,810,-7.36E+00
4310,6.3,-0.403545296,-0.914959668,297.3,810,-9.04E+00
4311,7.58,-0.850811109,-0.525471651,293.8,811,-1.33E+01
4312,2.7,-0.626603811,-0.779337965,291.7,810,-1.15E+01
4313,3.97,0.029666244,-0.99955986,294.6,810,-2.42E+00
4314,3.83,-0.387515586,-0.921863152,292.4,812,4.89E+00
4315,2.84,-0.998026728,0.06279052,289.2,812,5.56E+00
4316,3.36,-0.258819045,-0.965925826,287.4,812,7.90E+00
4317,3.63,0.63607822,-0.771624583,286.2,812,9.86E+00
4318,3.69,0.829037573,-0.559192903,285.8,813,1.10E+00
4319,4.65,0.835807361,-0.549022818,285.9,812,-1.10E+00
4320,5.21,0.670426619,-0.741975841,285.9,813,6.74E+00
4321,2.26,0.320612991,-0.947210278,285.6,813,-1.01E+00
4322,3.21,-0.449318999,-0.893371388,284.6,813,-6.18E+00
4323,5.41,0.305695305,-0.952129393,284.6,813,-9.70E+00
4324,4.58,0.33873792,-0.940880769,284.7,813,6.98E+00
4325,3.68,0.113203214,-0.993571856,284.6,814,1.16E+01
4326,3.29,0.258819045,-0.965925826,286.8,814,1.29E+01
4327,2.05,0.5,-0.866025404,288.5,814,9.76E+00
4328,2.02,0.851726934,-0.523985906,289.4,815,6.82E+00
4329,2.03,0.656059029,-0.75470958,290.2,815,1.96E+00
4330,2.33,0.54317445,-0.839619865,290.7,815,9.16E-01
4331,2.4,0.577857624,-0.81613759,290.7,815,4.19E-01
4332,1.34,0.649448048,-0.760405966,290.2,816,1.31E-01
4333,0.93,0.5,0.866025404,289,815,-1.23E+00
4334,1.65,-0.107999356,0.994150964,288.2,815,-2.99E+00
4335,0.28,0.761538308,-0.648119901,288.6,815,-3.02E+00
4336,0.45,0.475624209,0.879648573,289,815,-2.78E+00
4337,2.21,-0.648119901,0.761538308,283.5,816,-4.08E+00
4338,1.23,0.304033061,0.952661481,284,816,-2.10E+00
4339,1.73,0.001745328,-0.999998477,284.3,815,3.36E-01
4340,2.52,-0.111468932,-0.993767919,284.4,817,3.87E+00
4341,3.33,-0.159881188,-0.987136265,284.8,816,5.64E+00
4342,3.62,-0.033155178,-0.999450216,283.6,816,4.78E+00
4343,3.49,0.183951351,-0.982935349,283.3,816,8.33E-01
4344,3.72,0.202787295,-0.979222811,283.2,816,1.25E+00
4345,4.13,0.076719028,-0.997052752,283.1,815,1.97E+00
4346,3.6,-0.481753674,-0.87630668,281.9,815,2.10E+00
4347,3.72,-0.364876784,-0.931055816,282,814,2.23E+00
4348,5.16,-0.178802215,-0.983885038,283.2,815,1.01E+01
4349,4.41,-0.187381315,-0.982287251,284.1,815,1.43E+01
4350,6.45,-0.01396218,-0.999902524,286.7,815,1.05E+01
4351,6.13,0.010471784,-0.999945169,288.4,815,5.04E+00
4352,5.22,0.017452406,-0.999847695,289.4,816,3.98E+00
4353,3.62,-0.337095258,-0.941470545,290.5,815,9.64E+00
4354,4.14,-0.268919821,-0.963162567,291.4,815,1.15E+01
4355,5.37,-0.083677843,-0.996492859,292.2,815,2.36E+00
4356,5.59,0.192521967,-0.981292664,292,816,8.62E-02
4357,4.92,0.09931975,-0.99505557,292.1,816,6.51E+00
4358,5.15,0.088894297,-0.996041065,292.7,815,2.75E+00
4359,4.66,0.05059294,-0.998719357,293.4,815,-4.24E+00
4360,4.18,-0.01396218,-0.999902524,294,815,-1.11E+00
4361,3.37,0.692143174,-0.721760228,292.5,814,2.30E+00
4362,1.9,0.886203579,-0.463296035,292.8,814,4.62E+00
4363,1.78,0.974370065,0.224951054,291.4,815,4.80E+00
4364,2.06,0.739631095,0.673012514,288.1,815,4.78E+00
4365,0.92,0.913545458,0.406736643,287.2,815,5.27E+00
4366,1.09,0.589196357,-0.807989884,286.4,815,6.89E+00
4367,1.24,-0.111468932,-0.993767919,286.2,815,4.65E+00
4368,2.62,-0.771624583,-0.63607822,285.3,815,1.18E+00
4369,2.59,-0.721760228,-0.692143174,285.2,816,0.00E+00
4370,3.16,-0.371367836,-0.928485827,285.1,815,-1.45E+01
4371,3.9,-0.026176948,-0.999657325,287.9,815,-2.72E-01
4372,4.15,0.106264071,-0.994337944,286.6,815,-5.23E+00
4373,3.25,0.059306374,-0.998239828,287,815,2.14E+00
4374,0.87,0.252069358,-0.96770917,289.1,815,1.22E+01
4375,1.41,-0.446197813,0.894934362,290.2,815,1.34E+01
4376,1.76,-0.246999013,0.969015731,291.6,815,1.37E+01
4377,3.44,-0.804893797,-0.593418887,293.8,815,1.39E+01
4378,3.12,-0.862513669,-0.506033764,294.4,815,1.34E+01
4379,3.3,-0.623879597,-0.781520472,295.3,815,1.21E+01
4380,3.83,-0.509041416,-0.860742027,295.5,815,5.27E+00
4381,3.09,-0.708339838,-0.705871571,295.6,815,1.33E+01
4382,4.09,-0.49848774,-0.866896749,297.5,814,8.47E+00
4383,5.89,-0.285688367,-0.958322574,298.5,814,9.69E+00
4384,4.61,-0.323917418,-0.946085359,298.9,814,7.84E+00
4385,4.51,-0.33873792,-0.940880769,299.6,811,8.42E+00
4386,2.64,-0.187381315,-0.982287251,299,811,1.00E+01
4387,3.53,0.416280792,0.909236109,294.4,811,1.07E+01
4388,1.39,-0.474088209,0.880477354,292.3,813,1.12E+01
4389,2.91,-0.886203579,0.463296035,292.7,812,1.09E+01
4390,2.79,-0.997314477,-0.073238197,292.3,813,9.70E+00
4391,3.19,-0.999048222,-0.043619387,292.3,812,8.39E+00
4392,1.07,-0.998239828,0.059306374,292.7,814,-7.89E+00
4393,3.61,-0.327217899,-0.944948912,290.9,813,-6.60E+00
4394,4.58,-0.63742399,-0.770513243,290.8,813,1.06E+01
4395,4.7,-0.207911691,-0.978147601,290.7,813,4.31E+00
4396,4.22,-0.033155178,-0.999450216,289.4,813,5.48E+00
4397,4.53,0.156434465,-0.987688341,291.4,813,1.25E+01
4398,3.97,0.461748613,-0.887010833,294.2,813,1.46E+01
4399,3.69,0.515038075,-0.857167301,295.5,813,1.45E+01
4400,0.63,-0.211324796,-0.977415894,297.2,814,1.44E+01
4401,1.67,-0.705871571,-0.708339838,298.3,815,6.33E+00
4402,2.26,-0.955278362,-0.29570805,299.2,814,2.92E+00
4403,4.25,0.00698126,0.999975631,298.3,815,9.48E-01
4404,4.37,-0.055821505,0.998440764,296.6,816,8.67E-01
4405,4.39,-0.055821505,0.998440764,296.7,816,2.00E+00
4406,5.07,0.043619387,0.999048222,296.8,815,1.48E+00
4407,4.73,-0.00698126,0.999975631,297.1,815,1.89E+00
4408,3.47,-0.043619387,0.999048222,296.1,816,2.72E+00
4409,4.48,-0.956304756,-0.292371705,296.7,815,2.03E+00
4410,4.03,-0.987688341,-0.156434465,294.2,814,1.61E+00
4411,3.37,-0.755853469,-0.654740814,292.7,815,1.97E+00
4412,3.1,0.848048096,-0.529919264,290.4,816,2.02E+00
4413,3.08,0.010471784,-0.999945169,289.1,816,1.32E+00
4414,2.82,-0.345298199,-0.938493023,289.8,815,1.21E+00
4415,3.87,-0.570713568,-0.821149209,290.3,816,1.09E+00
4416,2.96,0.199367934,-0.979924705,288.8,816,1.81E+00
4417,3.9,-0.592013179,-0.805928282,289.6,817,2.60E+00
4418,4.19,-0.576432316,-0.817144898,290.1,817,1.06E+00
4419,4.39,-0.695912797,-0.718126298,290.3,817,3.34E+00
4420,4.41,-0.305695305,-0.952129393,289.1,817,2.39E-01
4421,2.95,0.942057453,-0.33545157,287.2,818,9.71E+00
4422,3.29,0.405141587,-0.914253955,289.3,817,8.97E+00
4423,4.05,0.939094252,-0.343659695,289.3,819,1.20E+01
4424,3.05,0.999876632,0.015707317,291.1,820,1.37E+01
4425,2.81,0.96174131,0.273959219,292.5,820,1.20E+01
4426,2.46,0.821149209,0.570713568,293.5,821,7.38E+00
4427,2.26,0.634730513,0.772733573,295.1,821,5.56E+00
4428,2.6,0.411514359,0.911403277,296,822,1.20E+00
4429,4.14,0.159881188,0.987136265,295.7,822,6.31E-01
4430,2.95,0.381070376,0.924546034,295.6,822,2.39E+00
4431,3.82,0.31067643,0.950515732,295.5,823,8.46E-01
4432,3.74,0.064532308,0.997915618,294.9,824,1.86E+00
4433,4.14,0.113203214,0.993571856,294.7,822,5.50E+00
4434,4.55,-0.180519145,0.983571471,292.7,823,2.98E+00
4435,2.63,0.047106451,0.998889875,290.8,825,4.15E+00
4436,2.8,0.364876784,0.931055816,287.9,826,1.65E+00
4437,0.9,0.074978727,0.997185134,287,825,1.09E+00
4438,1.02,0.866896749,0.49848774,286.7,826,9.20E-01
4439,0.58,-0.233445364,-0.97236992,286.7,826,3.36E-01
4440,0.47,-0.337095258,0.941470545,287.3,827,5.19E-01
4441,2.29,-0.996637387,0.081938509,286.8,827,3.58E-01
4442,1.61,0.980955155,0.194234351,286.7,828,5.07E-01
4443,0.71,-0.61152704,0.791223533,285.4,828,-2.98E-01
4444,0.81,0.999780683,0.02094242,284.7,829,-1.03E+00
4445,0.38,0.031410759,-0.99950656,286,829,-1.73E+00
4446,2.31,-0.929132572,0.369746757,288.9,829,-2.66E+00
4447,3.68,-0.64412363,0.764921401,290.9,829,2.01E+00
4448,4.36,-0.780430407,0.625242656,292.1,829,-3.84E+00
4449,4.36,-0.776046407,0.630675807,293.3,829,8.99E+00
4450,4.93,-0.64678978,0.76266833,294,829,6.63E+00
4451,5.08,-0.630675807,0.776046407,294.6,830,6.16E+00
4452,4.88,-0.739631095,0.673012514,295.5,830,-6.04E+00
4453,5.39,-0.730162277,0.683273774,296.3,829,-7.58E+00
4454,5.7,-0.755853469,0.654740814,296.9,828,-6.89E+00
4455,5.41,-0.722967146,0.690882411,297.3,827,-9.88E+00
4456,5.93,-0.824126189,0.566406237,297.6,828,-8.80E+00
4457,4.55,-0.712026046,0.702153053,294.8,827,-6.59E+00
4458,5.03,-0.767165152,0.641449632,294.5,828,-3.62E+00
4459,2.85,-0.544639035,0.838670568,293.2,828,-7.87E-01
4460,1.1,0.238533458,0.97113428,291.2,828,-1.60E+00
4461,1.29,-0.99955986,0.029666244,290.9,828,-2.23E+00
4462,1.66,-0.576432316,-0.817144898,290.3,828,-8.79E-01
4463,4.37,-0.96814764,-0.250380004,291.9,827,-2.62E+00
4464,6.76,-0.882947593,-0.469471563,292.4,827,-4.21E+00
4465,6.97,-0.918446381,-0.395545503,292,827,-7.46E+00
4466,5.28,-0.952129393,-0.305695305,291.4,827,-8.79E+00
4467,4.69,-0.947210278,-0.320612991,290.7,827,-1.16E+01
4468,4.95,-0.940880769,-0.33873792,290.1,827,-1.19E+01
4469,5.82,-0.871213811,-0.490903754,290.4,826,-5.98E+00
4470,7.1,-0.864274802,-0.503019947,291.7,826,-1.64E+01
4471,7.43,-0.88376563,-0.467929814,293,826,-3.13E+00
4472,7.79,-0.864274802,-0.503019947,294.6,826,1.74E+00
4473,7.19,-0.853550797,-0.521009632,295.4,826,-1.60E+01
4474,7.39,-0.871213811,-0.490903754,297.2,825,-3.55E+01
4475,6.47,-0.86949493,-0.493941867,298.4,825,-2.70E+01
4476,6.08,-0.795473481,-0.6059884,299.8,825,-2.61E+01
4477,5.33,-0.829037573,-0.559192903,300.9,824,-1.26E+01
4478,3.75,-0.764921401,-0.64412363,301.9,824,-1.30E+01
4479,3.1,-0.320612991,-0.947210278,302.4,823,-4.34E+00
4480,2.72,-0.684547106,-0.728968627,302.5,823,-1.59E+00
4481,4.89,-0.617035875,-0.786935022,301.5,823,8.96E-01
4482,3.32,0.226651307,-0.973975967,299.6,823,4.41E+00
4483,3.26,-0.563526049,0.826098294,297,823,6.95E+00
4484,1.56,-0.891006524,0.4539905,293.6,823,8.13E+00
4485,3.4,-0.727772758,-0.685818353,293.1,822,8.54E+00
4486,6.79,-0.929132572,-0.369746757,294.9,822,8.01E+00
4487,6.19,-0.891006524,-0.4539905,294.4,822,6.86E+00
4488,5.65,-0.801775644,-0.597625147,293.7,822,1.19E+01
4489,5.02,-0.712026046,-0.702153053,293,822,1.01E+01
4490,5.4,-0.589196357,-0.807989884,292.7,822,-2.98E+00
4491,5.31,-0.572145873,-0.820151876,292.5,822,-2.43E+00
4492,4.78,-0.577857624,-0.81613759,292.4,822,-6.00E+00
4493,4.46,-0.449318999,-0.893371388,293,821,1.31E+00
4494,3.83,-0.447759088,-0.894154237,296.5,821,5.37E+00
4495,3.24,-0.464842046,-0.885393626,299.4,821,3.01E+00
4496,2.97,-0.400349033,-0.91636273,301.6,821,1.21E+01
4497,3.11,-0.272280247,-0.962217994,302.8,821,-4.03E+00
4498,2.56,-0.28736052,-0.957822495,303.2,821,-1.70E+01
4499,2.69,-0.377840787,-0.925870585,303.9,821,-1.44E+01
4500,2.75,-0.592013179,-0.805928282,304.4,821,-7.31E+00
4501,2.91,-0.649448048,-0.760405966,304.8,820,7.05E+00
4502,2.73,-0.674302388,-0.738455341,304.8,820,1.09E+01
4503,2.72,-0.891006524,-0.4539905,305,819,1.10E+01
4504,2.58,-0.928485827,-0.371367836,305,819,1.08E+01
4505,3.97,-0.986285602,-0.165047606,304.2,817,8.82E+00
4506,3.12,-0.882126866,0.471011881,303,818,7.47E+00
4507,2.04,-0.828060335,0.560638995,299.4,818,8.36E+00
4508,3.77,0.999742609,0.022687334,298.8,818,7.65E+00
4509,2.01,0.158158067,-0.987413807,296.1,818,6.08E+00
4510,4.89,-0.900318771,-0.435231099,297.5,819,4.88E+00
4511,7.71,-0.946085359,-0.323917418,297.6,819,3.71E+00
4512,3.6,-0.97154912,-0.236838146,294.8,819,3.58E-01
4513,5.24,-0.867765453,-0.496973961,295.5,818,-7.21E+00
4514,5.43,-0.622514637,-0.782608157,296.2,818,-5.83E+00
4515,5.3,-0.441505853,-0.89725837,296.5,818,-6.45E+00
4516,5.27,-0.41310443,-0.910683661,295.6,818,-1.14E+01
4517,5.36,-0.158158067,-0.987413807,295.3,818,1.92E+00
4518,5.16,0.192521967,-0.981292664,298.6,818,4.71E+00
4519,5.58,0.480223497,-0.877146164,300.4,818,-4.71E+00
4520,4.86,0.724171861,-0.689619544,301.4,819,-1.05E+01
4521,3.32,0.955793015,-0.294040325,302,820,-1.28E+00
4522,4.02,0.993372766,0.11493715,301.4,820,3.72E+00
4523,3.84,0.987136265,-0.159881188,302.1,820,9.21E+00
4524,3.76,0.993767919,-0.111468932,302.6,821,1.02E+01
4525,4.2,0.997052752,-0.076719028,302.7,821,6.43E+00
4526,3.97,0.938493023,0.345298199,302.4,820,3.75E+00
4527,3.96,0.804893797,0.593418887,302,820,4.70E+00
4528,3.97,0.471011881,0.882126866,301.6,821,3.70E+00
4529,2.6,-0.350207381,0.936672189,301.4,820,3.70E+00
4530,2.6,-0.725374371,0.688354576,299.9,820,3.55E+00
4531,1.64,-0.48480962,0.874619707,298.4,821,2.48E+00
4532,2.05,-0.70463421,0.709570737,295.5,821,1.32E+00
4533,1.38,-0.71447268,0.699663341,294.6,821,5.19E-01
4534,0.33,0.107999356,-0.994150964,294.4,821,-2.53E-02
4535,0.35,-0.600420225,0.799684658,293.7,822,-5.26E-01
4536,0.28,0.939692621,-0.342020143,292.9,822,-6.14E-01
4537,0.77,0.882947593,-0.469471563,292,822,-6.83E-01
4538,2.72,-0.29570805,-0.955278362,291.9,821,-2.90E+00
4539,1.1,0.817144898,-0.576432316,294,822,-2.47E+00
4540,2.5,0.964557418,0.26387305,291.3,823,6.42E-01
4541,0.82,-0.943800952,0.330514393,290.9,823,2.42E+00
4542,1.82,-0.560638995,-0.828060335,291.4,823,5.76E+00
4543,2.38,-0.785856893,-0.618408395,294.7,823,3.53E+00
4544,0.91,0.101056297,-0.994880709,297,823,-2.03E+00
4545,1.94,-0.471011881,0.882126866,300,823,3.76E+00
4546,3.59,-0.024432178,0.99970149,299.1,824,1.23E+01
4547,3.68,-0.317304656,0.948323655,299.4,824,1.37E+01
4548,4.04,-0.409923034,0.912120116,300.2,824,1.41E+01
4549,2.95,0.532876276,0.846193166,299,824,2.08E+00
4550,4.54,-0.318959309,0.94776841,299.9,823,-7.54E+00
4551,4.75,-0.419452082,0.907777479,300.9,822,-8.33E+00
4552,4.12,-0.597625147,0.801775644,301.2,823,-8.24E+00
4553,4,-0.952661481,-0.304033061,301.8,821,-8.07E+00
4554,2.35,0.992114701,-0.125333234,295.8,821,-6.56E+00
4555,1.09,-0.390731128,0.920504853,295.1,822,-1.83E+00
4556,3.22,-0.58212297,-0.813100761,293.6,821,7.56E-01
4557,2.79,-0.792289643,-0.610145164,295.5,821,2.11E+00
4558,3.29,-0.935444031,-0.353474844,296.5,821,9.08E-01
4559,4.02,-0.973975967,-0.226651307,296.5,821,-9.42E-01
4560,4.99,-0.898794046,-0.438371147,296.4,821,5.01E-01
4561,5.83,-0.842452397,-0.538770785,296.2,821,-4.42E+00
4562,5.48,-0.86949493,-0.493941867,295.7,821,-1.05E+01
4563,5.83,-0.827080574,-0.562083378,295.6,821,-1.73E+01
4564,4.91,-0.760405966,-0.649448048,293.4,820,-5.72E+00
4565,5.09,-0.76266833,-0.64678978,293.9,820,1.20E+00
4566,3.98,-0.769399555,-0.638767818,295.9,820,-1.97E-01
4567,3.42,-0.836764313,-0.547563223,297.2,819,9.24E+00
4568,3.68,-0.96814764,-0.250380004,299.9,820,1.22E+01
4569,4.49,-0.96174131,-0.273959219,301.8,819,1.64E+00
4570,4.93,-0.969872015,-0.243615012,302.8,819,1.01E+00
4571,5.09,-0.969872015,-0.243615012,303.4,819,8.97E+00
4572,5.08,-0.97957525,-0.201077921,303.9,819,5.57E+00
4573,4.97,-0.972775878,-0.231747903,304.7,818,-2.03E+00
4574,4.62,-0.969872015,-0.243615012,305.2,817,-5.98E+00
4575,4.36,-0.973975967,-0.226651307,305.5,817,-1.69E+00
4576,4.39,-0.989015863,-0.147809411,305.5,817,-3.47E-01
4577,5.55,-0.996492859,0.083677843,303.4,816,4.69E+00
4578,4.07,-0.996492859,0.083677843,302.1,816,6.05E+00
4579,2.09,-0.999986292,0.005235964,298.6,815,7.06E+00
4580,3.02,-0.923879533,-0.382683432,295.6,816,7.27E+00
4581,5.44,-0.983254908,-0.182235525,297.2,816,6.30E+00
4582,6.03,-0.938493023,-0.345298199,296.9,816,5.18E+00
4583,6.65,-0.900318771,-0.435231099,296.6,816,2.62E+00
4584,7.15,-0.887010833,-0.461748613,296.5,816,-1.84E-01
4585,6.43,-0.801775644,-0.597625147,295.7,815,-8.76E+00
4586,5.29,-0.690882411,-0.722967146,295.3,815,-1.30E+01
4587,4.11,-0.401947777,-0.915662593,293.8,815,-1.94E+01
4588,3.76,0.260504509,-0.965472631,294.5,816,-1.28E+01
4589,2.72,0.270600446,-0.962691746,293.1,816,-3.74E+00
4590,4.12,0.88376563,-0.467929814,291.5,816,8.01E+00
4591,5.25,0.923879533,-0.382683432,291.9,817,9.28E+00
4592,3.47,0.957319498,-0.289031797,294,817,-2.96E+00
4593,3.51,0.959313975,-0.282341457,295.9,818,1.36E+01
4594,2.73,0.975149354,0.221548498,297.2,817,1.48E+01
4595,2.76,0.763796029,0.645457688,298.5,818,1.47E+01
4596,2.84,0.70463421,0.709570737,299,818,2.59E+00
4597,2.21,0.996194698,-0.087155743,298.7,818,4.43E+00
4598,3.49,0.534352349,0.845261833,298.8,818,5.02E+00
4599,2.95,0.950515732,0.31067643,296.7,818,2.71E+00
4600,3.39,0.392337117,0.919821497,297.5,818,5.99E+00
4601,3.86,0.190808995,0.981627183,297.3,817,1.82E+00
4602,3.39,0.332161132,0.943222658,296.7,817,1.11E+00
4603,2.3,0.275637356,0.961261696,295.3,818,9.12E-01
4604,3.41,0.493941867,0.86949493,293.6,818,1.66E+00
4605,1.48,0.939692621,-0.342020143,291.3,819,2.15E+00
4606,1.57,0.978147601,0.207911691,290.2,818,1.98E+00
4607,2.13,0.986855716,0.161603821,290.1,818,8.46E-01
4608,2.56,0.999975631,0.00698126,289.8,819,-1.11E+00
4609,1.77,0.981958713,0.189095443,289.7,819,-1.87E+00
4610,1.92,0.930417568,0.366501227,288.6,818,-2.31E+00
4611,1.97,0.667832555,0.744311546,288.3,818,-2.62E+00
4612,0.67,0.560638995,0.828060335,287.3,818,-3.06E+00
4613,0.9,0.116670737,0.99317065,287.9,818,4.05E-01
4614,2,0.297374874,0.9547608,289.5,818,5.06E+00
4615,3.61,0.260504509,0.965472631,290.5,819,4.26E+00
4616,4.13,0.170209499,0.985407898,291.7,819,-1.85E+00
4617,4.76,0.236838146,0.97154912,293.3,819,1.26E+00
4618,5.16,0.147809411,0.989015863,293.8,819,6.16E+00
4619,5.58,0.327217899,0.944948912,293.2,819,3.51E+00
4620,5.74,0.218143241,0.975916762,292.1,820,-1.66E-01
4621,5.41,0.173648178,0.984807753,292.1,820,-8.63E+00
4622,5.34,0.469471563,0.882947593,290.6,819,-9.04E+00
4623,3.92,0.043619387,0.999048222,290.7,820,-9.57E+00
4624,2.64,-0.001745328,0.999998477,291.3,820,-9.39E+00
4625,4.25,-0.328866647,0.94437637,294.2,819,-7.06E+00
4626,4.63,0.997801468,0.0662739,288.7,820,-6.06E+00
4627,3.47,0.689619544,0.724171861,289,820,-6.01E+00
4628,2.07,-0.652098404,-0.758134336,287.7,820,-6.00E+00
4629,0.91,-0.788010754,-0.615661475,289.1,820,-7.42E+00
4630,0.89,0.989015863,0.147809411,289.1,820,-6.15E+00
4631,1.89,0.518027009,0.85536426,287.8,821,-8.05E+00
4632,1.08,0.718126298,0.695912797,287.1,821,-3.28E+00
4633,1.39,0.799684658,0.600420225,288.1,821,1.44E+00
4634,1.26,0.99950656,-0.031410759,286.7,821,-5.18E+00
4635,0.66,0.974761194,-0.223250116,288.2,821,-5.48E+00
4636,0.98,0.576432316,-0.817144898,287.7,821,-5.33E+00
4637,1.28,-0.255445758,-0.966823389,287.6,821,8.59E-01
4638,0.72,-0.807989884,0.589196357,289.4,821,5.82E+00
4639,1.5,-0.0662739,0.997801468,291,821,-1.93E+00
4640,1.98,0.180519145,0.983571471,292.5,822,2.78E+00
4641,2.97,0.069756474,0.99756405,293.7,822,1.00E+00
4642,3.81,-0.159881188,0.987136265,294.4,822,-2.55E+00
4643,3.63,-0.315649037,0.948876012,294.7,822,4.82E-01
4644,4.09,-0.487859659,0.872922077,293.9,822,-1.82E+00
4645,3.06,-0.435231099,0.900318771,295.8,822,-1.03E+01
4646,3.99,0.156434465,0.987688341,294.8,821,-1.14E+01
4647,2.53,-0.54024032,0.841510782,295.4,820,-1.13E+01
4648,2.92,-0.246999013,0.969015731,295.6,821,-8.06E+00
4649,4.02,-0.823136369,-0.567843745,297.5,820,-8.27E+00
4650,2.96,-0.940288127,-0.34037955,297.2,819,-3.46E+00
4651,2.18,-0.994880709,0.101056297,295,820,-1.37E+00
4652,1.9,-0.94664926,-0.322265695,292.2,820,2.93E-01
4653,2.31,-0.53139858,-0.847121921,291.2,820,6.98E-01
4654,3.07,-0.161603821,-0.986855716,290.6,820,5.65E-01
4655,3.82,-0.700909264,-0.713250449,290.7,820,2.46E+00
4656,4.41,-0.817144898,-0.576432316,290.7,820,3.50E+00
4657,4.83,-0.840566603,-0.54170821,290.6,820,2.57E+00
4658,5.05,-0.771624583,-0.63607822,290.4,820,-1.13E+00
4659,5.27,-0.795473481,-0.6059884,290.5,820,-3.92E+00
4660,5.35,-0.699663341,-0.71447268,290.6,820,-4.35E+00
4661,5.27,-0.640109699,-0.768283524,290.8,819,-4.02E+00
4662,5.26,-0.610145164,-0.792289643,293.5,819,-1.51E+00
4663,4.45,-0.54170821,-0.840566603,295.5,819,-4.01E+00
4664,2.89,-0.41310443,-0.910683661,298,819,-1.17E+00
4665,1.61,0.455544907,-0.890212805,299.7,819,3.76E+00
4666,1.39,0.759271307,-0.650774217,300.4,819,-5.48E+00
4667,1.94,0.727772758,-0.685818353,301.1,819,-3.09E+00
4668,2.16,0.610145164,-0.792289643,301.6,819,-6.69E+00
4669,2.19,0.973178873,-0.230049737,302.3,819,-4.62E+00
4670,2.51,0.806960312,0.590605668,302.3,818,5.84E+00
4671,2.2,0.768283524,0.640109699,302.4,817,1.00E+01
4672,2.11,0.54024032,0.841510782,302.4,818,8.83E+00
4673,0.95,-0.5,0.866025404,300.8,817,8.22E+00
4674,5.96,0.85445883,-0.519519112,298.3,818,8.46E+00
4675,3.03,0.997801468,-0.0662739,296.9,818,8.61E+00
4676,4.84,0.971961001,-0.235142113,294.9,819,8.17E+00
4677,4.94,0.999657325,-0.026176948,294,819,7.25E+00
4678,2.4,-0.739631095,0.673012514,292.1,820,6.80E+00
4679,2.85,-0.13225639,0.99121554,291.3,821,5.95E+00
4680,4.71,0.818149717,0.575005252,289.9,821,5.50E+00
4681,4.93,0.931055816,0.364876784,289.1,821,3.26E+00
4682,4.88,0.991671162,0.128795597,287.3,821,1.13E+00
4683,4.17,0.952661481,-0.304033061,286.2,822,1.91E-01
4684,3.18,0.980271175,0.19765734,285.3,822,5.83E-02
4685,0.9,0.791223533,0.61152704,284.8,821,-2.74E+00
4686,0.88,0.038387809,-0.999262916,285.1,821,-2.88E+00
4687,1.34,0.563526049,0.826098294,285.7,821,-5.45E-01
4688,2.28,0.705871571,0.708339838,288,822,-1.27E+00
4689,1.42,0.064532308,0.997915618,289.9,822,-1.67E+00
4690,2.26,0.417867074,0.908508178,291.7,821,-2.92E+00
4691,2.72,0.216439614,0.976296007,292.9,821,-1.41E+00
4692,3.36,0.189095443,0.981958713,293.6,822,-3.70E-01
4693,4.31,0.235142113,0.971961001,292.7,821,7.28E-01
4694,3.64,-0.372987783,0.927836254,291.2,821,1.15E+00
4695,2.63,-0.695912797,0.718126298,289.5,821,1.11E+00
4696,1.5,-0.88376563,0.467929814,291.5,821,1.48E+00
4697,4,-0.679441304,-0.733729865,293.5,819,1.37E+00
4698,3.12,-0.390731128,-0.920504853,293,820,1.40E+00
4699,1.71,-0.753563392,-0.657375246,291.7,820,1.17E+00
4700,1.88,-0.807989884,-0.589196357,289,821,3.32E+00
4701,1.91,-0.081938509,-0.996637387,288,820,2.92E+00
4702,2.77,-0.695912797,-0.718126298,288.2,820,2.04E+00
4703,1.08,-0.718126298,-0.695912797,287.2,821,1.85E+00
4704,3.3,-0.6142852,-0.789084085,287.6,821,6.17E+00
4705,3,-0.695912797,-0.718126298,287,820,5.82E+00
4706,1.48,-0.243615012,0.969872015,286.2,820,1.54E+00
4707,0.53,-0.956813584,-0.290702194,287.2,820,1.72E+00
4708,1.14,-0.619779032,-0.784776371,286.1,820,1.44E+00
4709,2.01,-0.246999013,-0.969015731,286.9,820,2.23E+00
4710,4.51,-0.7193398,-0.69465837,290.5,820,1.04E+01
4711,4.85,-0.687087511,-0.726574671,292.1,820,1.24E+01
4712,3.81,-0.654740814,-0.755853469,293.6,820,1.03E+01
4713,3.29,-0.673012514,-0.739631095,294.9,820,1.60E+00
4714,2.98,-0.553391549,-0.832921241,295.8,820,-1.59E+00
4715,1.91,0.33545157,0.942057453,294.8,820,-4.59E+00
4716,5.7,0.534352349,0.845261833,294,821,-5.85E+00
4717,4.02,0.449318999,0.893371388,290.9,821,-6.68E+00
4718,2.76,0.601815023,0.79863551,291.6,820,-1.19E+01
4719,2.95,-0.158158067,0.987413807,293,820,-2.91E+00
4720,2.03,0.49848774,0.866896749,292.3,820,1.57E+00
4721,2.09,-0.257132793,0.966376079,292.6,820,4.53E+00
4722,0.32,-0.782608157,-0.622514637,293,821,5.38E+00
4723,5.24,-0.275637356,-0.961261696,289.6,821,7.43E+00
4724,1.84,-0.596224875,-0.802817475,289.3,820,8.11E+00
4725,1.69,0.350207381,-0.936672189,289.7,820,7.67E+00
4726,0.42,0.248689887,0.968583161,291.2,821,5.55E+00
4727,1.39,-0.983885038,-0.178802215,289,821,2.95E+00
4728,1.85,-0.708339838,0.705871571,289.1,822,1.24E+00
4729,1.88,-0.085416923,-0.996345296,287.2,821,2.01E+00
4730,2.74,-0.29570805,-0.955278362,287.4,821,3.02E+00
4731,2.85,-0.01396218,-0.999902524,287.4,821,1.31E+01
4732,2.13,0.127064609,-0.991894443,287.1,821,7.63E+00
4733,1.41,-0.36162457,-0.932323801,288.3,821,1.26E+01
4734,0.36,-0.760405966,0.649448048,291,821,1.09E+01
4735,2.55,-0.144356201,0.989525789,292.3,821,1.15E+01
4736,3.89,-0.272280247,0.962217994,293.3,822,7.06E+00
4737,4.1,-0.414693243,0.909961271,294.1,821,1.12E+01
4738,4.53,-0.422618262,0.906307787,294.7,821,1.02E+01
4739,4.82,-0.430511097,0.902585284,295.3,821,5.00E+00
4740,4.74,-0.450877541,0.892585818,295.7,821,8.55E+00
4741,4.93,-0.458649554,0.888617233,296.3,820,9.11E+00
4742,4.69,-0.489382452,0.872069272,296.7,820,7.06E+00
4743,5.18,-0.509041416,0.860742027,297,819,5.62E+00
4744,5.28,-0.478691858,0.877982975,296.9,819,3.98E+00
4745,2.29,-0.667832555,0.744311546,289.8,819,2.58E+00
4746,1.24,-0.995724698,0.092370587,288.9,821,1.60E+00
4747,2.01,0.752414909,0.65868946,288,821,3.36E-01
4748,2.05,-0.999815712,0.019197442,287.1,820,-8.56E-02
4749,6.21,-0.995884399,0.09063258,289,819,-1.06E+00
4750,2.94,-0.092370587,-0.995724698,287.4,818,-2.40E+00
4751,2.93,0.350207381,-0.936672189,287.5,818,-2.68E+00
4752,3.19,-0.166768747,-0.985996037,287.5,818,-1.83E+00
4753,4.62,-0.707106781,-0.707106781,288.2,818,-1.21E+00
4754,5.51,-0.813100761,-0.58212297,289.1,817,-5.50E-01
4755,6.04,-0.778243149,-0.627963058,289.2,817,-2.05E-01
4756,4.81,-0.593418887,-0.804893797,288.9,817,-2.85E-01
4757,1.9,-0.745476,-0.66653247,287.6,817,-8.03E-01
4758,2.46,0.054078813,0.99853667,287.7,817,-1.29E+00
4759,2.85,-0.209618563,0.977783237,288.3,818,7.40E+00
4760,3.23,-0.872922077,0.487859659,288.2,818,1.23E+01
4761,1.81,-0.966823389,0.255445758,290.7,818,1.04E+01
4762,5.41,-0.107999356,-0.994150964,294.3,817,7.89E+00
4763,5.48,0.355106962,-0.934825676,295.9,817,1.29E+01
4764,5.58,0.343659695,-0.939094252,296.7,817,5.64E+00
4765,6.43,0.33545157,-0.942057453,297.4,817,3.41E+00
4766,6.77,0.436801788,-0.899557779,297.9,816,4.79E+00
4767,7.05,0.55048074,-0.834847863,298.2,816,1.55E+00
4768,7.02,0.634730513,-0.772733573,298.1,816,-3.02E+00
4769,6.1,0.772733573,-0.634730513,295.1,816,-7.30E-01
4770,5.37,0.857167301,-0.515038075,294.1,815,6.40E+00
4771,1.65,0.63607822,-0.771624583,291.9,815,2.82E+00
4772,3.2,-0.745476,-0.66653247,289.4,815,2.60E+00
4773,4.25,0.515038075,-0.857167301,289.5,816,3.33E+00
4774,4.93,0.572145873,-0.820151876,290.7,815,7.70E-01
4775,4.54,0.441505853,-0.89725837,290,815,-1.17E-01
4776,4.49,0.294040325,-0.955793015,289.9,816,-6.70E+00
4777,5.03,0.216439614,-0.976296007,290.2,816,-1.79E+01
4778,5.22,0.073238197,-0.997314477,289.9,816,0.00E+00
4779,5.7,0.010471784,-0.999945169,290.2,816,2.85E-01
4780,5.37,0.033155178,-0.999450216,290,816,3.50E+00
4781,5.44,0.052335956,-0.998629535,290,816,5.79E+00
4782,5.23,0.267238376,-0.963630453,291.8,816,1.37E+01
4783,4.59,0.345298199,-0.938493023,293.5,816,1.28E+01
4784,5.31,0.720551112,-0.693401828,295.6,816,7.15E+00
4785,6.01,0.778243149,-0.627963058,296.3,817,4.05E+00
4786,5.73,0.817144898,-0.576432316,296.6,817,-1.01E+00
4787,5.54,0.85536426,-0.518027009,296.7,817,-5.78E-01
4788,4.93,0.871213811,-0.490903754,296.8,817,1.56E+00
4789,4.87,0.759271307,-0.650774217,297.1,817,-1.88E+00
4790,5.24,0.689619544,-0.724171861,297.1,817,-8.64E+00
4791,5.35,0.720551112,-0.693401828,297.5,817,-1.35E+01
4792,5.65,0.653420604,-0.756995056,297.4,817,-2.63E+00
4793,4.2,0.751264134,-0.660001668,297.8,817,-4.20E-01
4794,3.53,0.887815385,-0.460199785,296.7,817,1.97E+00
4795,2.09,0.788010754,-0.615661475,293.9,817,2.40E+00
4796,3.31,0.840566603,-0.54170821,291.4,817,1.93E+00
4797,3.49,0.894934362,-0.446197813,290.2,818,2.11E+00
4798,3.39,0.867765453,-0.496973961,289.2,818,8.20E-01
4799,2.94,0.478691858,-0.877982975,288.1,818,-8.32E-01
4800,1.16,0.974370065,-0.224951054,288,819,-1.98E+00
4801,1.69,0.435231099,-0.900318771,287.3,818,-7.69E+00
4802,2.95,0.460199785,-0.887815385,287.1,818,-8.87E+00
4803,1.45,0.054078813,-0.99853667,287.4,819,-3.74E+00
4804,1.93,-0.278991106,-0.960293686,287,819,9.20E+00
4805,3.69,0.272280247,-0.962217994,288.4,819,1.26E+01
4806,1.66,0.569279523,-0.822144041,291.8,819,1.04E+01
4807,1.92,0.942057453,0.33545157,293.6,819,1.07E+01
4808,1.16,0.987413807,0.158158067,294.9,819,1.18E+01
4809,0.94,0.862513669,0.506033764,296,819,1.18E+01
4810,1.4,0.289031797,0.957319498,296.8,819,1.16E+01
4811,3.42,0.3007058,0.953716951,296.6,819,3.87E+00
4812,3.16,-0.563526049,0.826098294,295.5,819,-3.04E+00
4813,3.39,-0.489382452,0.872069272,296.2,820,-3.52E+00
4814,2.29,0.43993917,0.898027576,295.3,820,-7.69E+00
4815,3.54,-0.19765734,0.980271175,295,820,-3.90E+00
4816,3.2,-0.483282383,0.875464527,295.5,820,-1.51E+00
4817,3.51,-0.535826795,0.844327926,295.6,818,-4.25E-01
4818,3.3,-0.159881188,0.987136265,294.6,818,2.23E-01
4819,0.98,-0.318959309,0.94776841,293.1,819,2.87E+00
4820,1.91,-0.001745328,0.999998477,290.3,819,3.91E+00
4821,1.99,-0.081938509,0.996637387,289.7,820,4.39E+00
4822,2.61,-0.332161132,0.943222658,289,820,3.41E+00
4823,2.02,0.04884977,0.998806137,288.1,821,7.03E-01
4824,2.03,0.422618262,0.906307787,287.5,821,-4.72E-01
4825,1.36,0.89179753,0.452434709,287.2,821,-1.59E-01
4826,1.98,0.952661481,0.304033061,286.7,820,3.07E-01
4827,1.37,0.827080574,0.562083378,287.3,820,6.10E-01
4828,0.51,0.907044014,-0.421035813,288,820,5.36E-01
4829,2.75,0.343659695,-0.939094252,288.1,819,-1.45E+00
4830,2.44,-0.914959668,-0.403545296,293.4,819,-6.37E+00
4831,2.67,-0.986855716,-0.161603821,295.5,819,-1.06E+01
4832,2.63,-0.989776231,-0.142628934,297.4,819,-1.49E+01
4833,2.7,-0.999945169,0.010471784,298.6,819,-1.36E+01
4834,2.31,-0.997440783,0.071497444,300.6,818,-1.26E+01
4835,3.61,-0.898794046,0.438371147,301.1,818,-1.14E+01
4836,5.78,-0.771624583,0.63607822,299.7,819,-1.53E+01
4837,4.74,-0.665230355,0.746638182,300,819,-1.19E+01
4838,4.45,-0.49848774,0.866896749,301.2,818,-1.09E+01
4839,4.78,-0.610145164,0.792289643,302.1,817,-1.05E+01
4840,5.11,-0.435231099,0.900318771,301.2,818,2.34E+00
4841,2.85,-0.557745109,0.830012285,294,817,5.61E+00
4842,1.83,-0.932953535,0.359996808,292.9,818,1.04E+01
4843,1.84,0.078459096,-0.996917334,292.8,818,1.03E+01
4844,2.42,0.864274802,-0.503019947,291.3,818,9.37E+00
4845,3.79,-0.535826795,-0.844327926,292.8,817,8.50E+00
4846,1.86,-0.450877541,-0.892585818,293.3,818,7.11E+00
4847,1.53,0.285688367,0.958322574,292.9,818,1.92E+00
4848,2.91,0.332161132,-0.943222658,291.4,817,6.78E-01
4849,3.52,0.182235525,-0.983254908,291.1,817,-8.94E+00
4850,4.51,-0.54317445,-0.839619865,292.5,816,5.44E+00
4851,5.55,-0.512042865,-0.858959897,293.1,816,-5.45E+00
4852,4.99,-0.290702194,-0.956813584,293,816,-1.34E+00
4853,4.97,-0.085416923,-0.996345296,293.6,816,9.95E-03
4854,3.49,-0.127064609,-0.991894443,296,817,8.02E-01
4855,3.38,0.147809411,-0.989015863,298.2,817,6.47E-01
4856,5.78,0.337095258,-0.941470545,297.8,817,4.83E+00
4857,5.67,0.663926213,-0.74779809,297.8,817,3.20E+00
4858,4.97,0.899557779,-0.436801788,296.4,818,-1.93E+00
4859,4.74,0.924546034,-0.381070376,295.4,819,3.93E+00
4860,5.68,0.934204474,-0.356737999,295.1,820,1.06E+01
4861,6.38,0.948323655,-0.317304656,295,821,1.29E+01
4862,6.69,0.94437637,-0.328866647,295,820,4.63E+00
4863,4.95,0.973578903,-0.22835087,294.8,820,4.86E+00
4864,4.53,0.983885038,-0.178802215,294.8,821,4.36E+00
4865,5.39,0.999975631,0.00698126,295.4,821,2.76E+00
4866,2.89,0.999262916,0.038387809,294.4,821,1.31E-01
4867,2.32,0.973578903,-0.22835087,292.1,822,-3.98E+00
4868,2.91,0.927836254,-0.372987783,289.3,822,-7.14E+00
4869,3.77,0.952129393,-0.305695305,289.3,822,-5.87E+00
4870,3.1,0.938493023,-0.345298199,289.5,823,-3.75E+00
4871,2.37,0.39394191,-0.919135339,286.8,823,-3.92E+00
4872,3.33,0.908508178,-0.417867074,287,824,-2.57E+00
4873,3.2,0.911403277,-0.411514359,286,823,-2.30E+00
4874,3.35,0.89179753,-0.452434709,285.6,823,-3.31E+00
4875,2.93,0.839619865,-0.54317445,284.8,824,-4.24E+00
4876,2.84,0.856267085,-0.516533329,284.7,824,6.04E-01
4877,1.6,0.903335293,-0.428935133,285.4,824,4.38E-01
4878,0.38,0.973975967,-0.226651307,288.3,824,3.76E+00
4879,0.33,0.435231099,0.900318771,289.9,824,5.76E+00
4880,1.58,-0.071497444,0.997440783,291.4,825,5.99E+00
4881,2.05,-0.214735327,0.976672278,292.5,825,8.51E+00
4882,1.99,-0.012217001,0.99992537,293.8,824,1.38E+01
4883,2.61,-0.163325962,0.986572162,294.8,824,1.40E+01
4884,2.63,-0.422618262,0.906307787,295.7,824,1.27E+01
4885,2.34,-0.638767818,0.769399555,296.2,823,3.59E+00
4886,1.73,-0.75011107,0.661311865,296.3,823,-9.38E+00
4887,4.27,-0.273959219,0.96174131,295.7,823,-1.35E+01
4888,4.22,-0.597625147,0.801775644,295.4,823,-6.44E+00
4889,3.97,-0.660001668,0.751264134,294.1,822,-4.59E+00
4890,3.89,-0.667832555,0.744311546,293.8,823,-9.78E-01
4891,1.1,0.469471563,0.882947593,291.8,823,1.52E+00
4892,2.21,-0.999742609,-0.022687334,291.6,822,1.99E+00
4893,1.76,0.656059029,0.75470958,289.1,822,5.99E-01
4894,0.78,0.687087511,0.726574671,288.8,823,-4.98E-01
4895,0.5,0.695912797,0.718126298,289,823,-5.66E-01
4896,3.66,0.0662739,-0.997801468,288.5,822,-2.92E-01
4897,6.65,-0.760405966,-0.649448048,290.5,822,-9.65E-01
4898,7.02,-0.7193398,-0.69465837,290.5,822,-1.35E+00
4899,6.88,-0.669130606,-0.743144825,290.2,822,-1.69E+00
4900,6.18,-0.622514637,-0.782608157,289.9,822,-1.84E+00
4901,5.74,-0.663926213,-0.74779809,289.7,821,-6.71E-01
4902,5.66,-0.689619544,-0.724171861,291.9,821,4.28E+00
4903,4.89,-0.575005252,-0.818149717,294,821,1.01E+01
4904,3.95,-0.43993917,-0.898027576,295.9,822,1.36E+01
4905,2.57,0.001745328,-0.999998477,298,822,4.84E+00
4906,2.8,0.040131793,-0.999194395,298.6,821,-5.72E+00
4907,3.6,-0.202787295,-0.979222811,298.8,822,-1.04E+01
4908,4.3,-0.282341457,-0.959313975,299.5,822,7.75E+00
4909,4.13,-0.092370587,-0.995724698,300.3,821,9.34E+00
4910,4.09,0.027921639,-0.999610115,300.5,821,1.21E+01
4911,4.19,-0.064532308,-0.997915618,300.6,820,1.15E+01
4912,3.08,0.17708474,-0.984195608,300.6,820,1.06E+01
4913,2.61,-0.09063258,-0.995884399,296.2,820,1.03E+01
4914,1.91,0.64412363,0.764921401,296.4,821,1.01E+01
4915,1.02,0.506033764,0.862513669,292.7,820,9.74E+00
4916,2.38,0.250380004,-0.96814764,291.9,821,9.60E+00
4917,2.99,-0.248689887,-0.968583161,292.5,820,1.01E+01
4918,5.02,-0.877982975,-0.478691858,293.5,820,1.04E+01
4919,5.43,-0.748955721,-0.662620048,293.6,820,1.02E+01
4920,4.25,-0.600420225,-0.799684658,291.6,820,3.39E+00
4921,4.28,-0.632029303,-0.774944489,291,819,2.31E+00
4922,4.23,-0.601815023,-0.79863551,291.5,819,4.00E+00
4923,3.88,-0.549022818,-0.835807361,291,819,3.79E+00
4924,3.88,-0.461748613,-0.887010833,290.7,819,2.88E+00
4925,3.52,-0.214735327,-0.976672278,290.4,818,1.01E+00
4926,2,0.997684279,-0.068015291,292.3,818,1.32E+00
4927,1.21,0.996041065,0.088894297,293.8,819,1.26E+00
4928,2.45,0.929132572,0.369746757,295.1,819,7.68E+00
4929,3.82,0.996041065,-0.088894297,296,819,8.29E+00
4930,5.26,0.970295726,-0.241921896,296.2,820,1.04E+01
4931,5.33,0.985407898,-0.170209499,296.3,820,5.73E+00
4932,5.01,0.992331938,-0.123601477,296,821,-1.63E+00
4933,4.87,0.999876632,-0.015707317,295.8,820,1.15E+01
4934,4.87,0.999993908,-0.003490651,295.4,820,6.86E+00
4935,4.73,0.997915618,0.064532308,294.8,820,5.14E+00
4936,4.7,0.996778878,0.080198924,294.1,821,4.53E+00
4937,2.39,0.463296035,0.886203579,291.5,821,3.53E+00
4938,3.35,-0.936672189,0.350207381,289.6,821,2.71E+00
4939,3.14,-0.96944535,0.245307386,288.9,822,1.56E+00
4940,2.3,-0.771624583,-0.63607822,287.2,822,1.63E+00
4941,3.1,-0.630675807,-0.776046407,287.1,822,1.45E+00
4942,3.35,-0.625242656,-0.780430407,287.7,822,9.24E-01
4943,4.44,-0.669130606,-0.743144825,287.5,822,9.16E-01
4944,2.82,-0.253757945,-0.967267753,285.9,822,-4.40E-01
4945,2.5,-0.194234351,-0.980955155,285.1,822,-2.33E+00
4946,2.16,-0.165047606,-0.986285602,287.1,822,4.11E+00
4947,2.09,-0.97957525,0.201077921,285.2,822,7.76E+00
4948,1.29,-0.846193166,0.532876276,286,822,1.36E+01
4949,2.23,0.955278362,-0.29570805,285.5,822,6.12E+00
4950,1.94,0.161603821,0.986855716,285.1,821,2.86E+00
4951,0.67,-0.313992456,0.949425478,286.1,821,2.59E+00
4952,1.38,0.031410759,0.99950656,288,822,3.18E+00
4953,2.53,0.038387809,0.999262916,284.6,822,6.56E+00
4954,2.96,-0.29570805,0.955278362,285.3,822,5.86E+00
4955,3.4,-0.890212805,0.455544907,286.2,822,5.46E+00
4956,4.12,-0.260504509,0.965472631,287.6,822,6.35E+00
4957,3,-0.284015345,0.958819735,288.6,822,5.25E+00
4958,3.54,0.059306374,0.998239828,289.6,821,3.90E+00
4959,1.65,-0.503019947,0.864274802,288.6,822,8.96E-01
4960,2.06,0.031410759,0.99950656,290.6,822,-3.12E-01
4961,3.44,-0.89648643,0.443071191,287.9,822,1.33E+00
4962,3.29,-0.999902524,-0.01396218,286,822,1.77E+00
4963,1.04,-0.435231099,-0.900318771,285.5,821,1.54E+00
4964,2.42,-0.00698126,-0.999975631,284.6,821,1.08E+00
4965,0.28,-0.583541211,0.812083527,286.9,821,1.19E+00
4966,1.55,-0.452434709,-0.89179753,284.8,821,7.23E-01
4967,3.25,-0.35836795,-0.933580426,284.5,822,9.24E-01
4968,3.05,-0.47715876,-0.878817113,284,821,9.04E-01
4969,2.69,-0.740804596,-0.671720589,285.9,821,5.82E-01
4970,2.9,-0.444635179,-0.89571176,283.8,820,5.60E-01
4971,2.45,-0.332161132,-0.943222658,283.6,820,9.04E-01
4972,1.67,-0.612907054,-0.790155012,283.1,819,5.95E+00
4973,2.99,0.0662739,-0.997801468,283.9,819,7.77E+00
4974,2.28,0.120136839,0.992757342,286,818,8.71E-01
4975,2.7,-0.337095258,0.941470545,287.7,818,1.34E+00
4976,2.27,0.901077021,0.433659085,285.4,820,4.88E+00
4977,1.98,-0.852640164,0.522498565,287.5,819,6.32E+00
4978,2.24,-0.294040325,0.955793015,290.4,818,3.16E+00
4979,2.45,0.36325123,0.931691228,291.5,818,-1.16E+00
4980,2.35,-0.069756474,0.99756405,293.1,818,-3.22E+00
4981,3.28,0.566406237,0.824126189,289,819,-4.25E+00
4982,3.45,0.510542918,0.859852272,289.4,817,-4.41E+00
4983,2.59,-0.557745109,0.830012285,290.5,818,-3.48E+00
4984,2.7,-0.270600446,0.962691746,289.1,818,-1.30E+00
4985,3.27,-0.397147891,0.917754626,287.3,820,-2.42E+00
4986,3.09,-0.573576436,0.819152044,287.3,819,-1.54E+00
4987,1.87,-0.593418887,0.804893797,286.2,819,-1.06E+00
4988,1.83,0.638767818,0.769399555,284.2,820,-7.09E-01
4989,0.76,0.846193166,-0.532876276,283.9,819,-6.83E-01
4990,2.11,0.943222658,0.332161132,283.7,819,-3.87E-01
4991,2.43,0.894934362,0.446197813,283.4,820,-6.75E-01
4992,0.81,0.074978727,-0.997185134,283.6,820,-1.15E+00
4993,0.69,0.999194395,-0.040131793,283.2,819,-1.49E+00
4994,0.57,0.726574671,-0.687087511,283,819,-1.39E+00
4995,1.51,0.088894297,-0.996041065,282.6,819,-1.93E+00
4996,0.9,-0.187381315,-0.982287251,282.9,819,-3.54E+00
4997,1.5,-0.663926213,-0.74779809,283,819,-2.53E+00
4998,1.01,-0.374606593,0.927183855,285.8,819,-3.68E+00
4999,2.11,-0.998629535,0.052335956,287,819,-2.94E+00
5000,2.06,0.083677843,0.996492859,288.6,819,-2.58E+00
5001,2.14,0.017452406,0.999847695,287.8,820,-2.04E+00
5002,2.45,-0.789084085,0.6142852,289.3,819,-1.76E+00
5003,3.65,0.769399555,0.638767818,288.9,819,-8.42E-01
5004,2.75,-0.16848938,0.985703469,290.5,819,2.93E+00
5005,1.28,-0.767165152,0.641449632,293,818,-3.01E+00
5006,6.36,0.939094252,0.343659695,290.1,818,-3.29E+00
5007,1.75,0.080198924,0.996778878,287.6,819,4.32E-01
5008,2.63,-0.224951054,-0.974370065,288.5,817,1.95E+00
5009,1.38,-0.469471563,-0.882947593,288.9,818,5.08E+00
5010,1.34,0.991894443,-0.127064609,289.9,818,4.30E+00
5011,2.33,0.770513243,0.63742399,287.8,818,2.64E+00
5012,1.29,0.988756381,-0.149535343,285.4,819,4.52E+00
5013,2.96,0.680720869,-0.732542899,285,818,6.42E+00
5014,2.06,0.273959219,-0.96174131,285.3,818,6.74E+00
5015,1.95,-0.945518576,0.325568154,284.3,819,6.23E+00
5016,2.87,0.104528463,-0.994521895,283.6,819,4.63E+00
5017,0.57,-0.818149717,-0.575005252,283.7,819,3.24E+00
5018,2.44,-0.722967146,-0.690882411,282.9,818,3.13E+00
5019,2.59,-0.831954122,-0.554844427,282.8,819,4.20E+00
5020,2.46,-0.632029303,-0.774944489,282.4,819,1.08E+01
5021,2.54,0.165047606,-0.986285602,284.1,818,4.65E+00
5022,4.18,0.989525789,-0.144356201,285.9,819,9.31E+00
5023,3.29,0.957319498,-0.289031797,285.3,819,8.27E+00
5024,2.24,-0.282341457,-0.959313975,284.7,821,7.47E+00
5025,0.59,-0.923879533,-0.382683432,285.8,819,1.44E+01
5026,1.75,0.846193166,0.532876276,287.9,819,1.29E+01
5027,2.06,0.510542918,0.859852272,288.9,819,1.04E+01
5028,1.3,0.478691858,0.877982975,289.4,819,8.70E+00
5029,1.18,0.745476,-0.66653247,290.5,819,8.84E+00
5030,1.84,0.999194395,-0.040131793,291.5,819,1.10E+01
5031,3.1,0.708339838,0.705871571,291.5,819,9.31E+00
5032,0.71,-0.960779154,0.277314653,289.7,820,4.29E+00
5033,1.04,0.999902524,0.01396218,289.3,821,2.30E+00
5034,1.72,0.89725837,0.441505853,289.3,820,1.38E+00
5035,1.3,0.999815712,0.019197442,287.3,821,3.62E+00
5036,2.81,0.848048096,-0.529919264,285.2,821,6.99E+00
5037,3.3,0.803856861,-0.594822787,284.6,821,6.74E+00
5038,2.58,0.837718717,-0.546101961,284.1,821,6.55E+00
5039,2.61,0.839619865,-0.54317445,283.6,822,4.28E+00
5040,3.4,0.680720869,-0.732542899,283.4,822,3.88E+00
5041,1.97,0.771624583,-0.63607822,283,822,5.13E+00
5042,2.13,0.46638664,-0.884580975,282.5,822,4.96E+00
5043,3.42,-0.057564027,-0.998341817,282.2,822,9.97E+00
5044,3.99,-0.095845753,-0.995396198,282.3,822,1.36E+01
5045,3.98,0.026176948,-0.999657325,282.4,822,1.11E+01
5046,2.28,0.31067643,-0.950515732,285.9,822,4.46E+00
5047,3.16,0.995561965,-0.094108313,288.5,823,4.79E+00
5048,2.6,0.970716482,0.240228042,289.3,823,5.04E+00
5049,2.45,0.971961001,0.235142113,290.2,823,4.54E+00
5050,2.62,0.990509463,0.137444546,291,823,4.14E+00
5051,2.82,0.999328394,0.036643709,291.9,823,4.51E+00
5052,2.89,0.999610115,0.027921639,292.7,823,5.70E+00
5053,2.93,0.999450216,0.033155178,293.5,823,3.24E+00
5054,2.9,0.99853667,0.054078813,294,822,3.68E+00
5055,2.86,0.999048222,0.043619387,294.4,822,3.23E+00
5056,2.78,0.997052752,0.076719028,294.5,822,2.87E+00
5057,1.4,-0.618408395,0.785856893,293.5,822,3.23E+00
5058,0.89,0.346935652,0.937888935,293.1,822,4.20E+00
5059,0.95,0.223250116,0.974761194,290.1,822,3.86E+00
5060,1.64,0.697165103,0.716910608,286.7,822,3.69E+00
5061,3.13,0.398749069,-0.917060074,285.9,821,3.46E+00
5062,3.77,-0.374606593,-0.927183855,285.6,821,2.71E+00
5063,3.91,-0.544639035,-0.838670568,285.2,821,2.64E+00
5064,4.14,-0.640109699,-0.768283524,285,822,6.40E+00
5065,4.6,-0.663926213,-0.74779809,285.4,821,5.48E+00
5066,4.57,-0.603207988,-0.797583929,285.2,821,5.21E+00
5067,4.96,-0.566406237,-0.824126189,285.5,821,2.20E+00
5068,5.05,-0.47715876,-0.878817113,285.6,821,3.09E+00
5069,4.93,-0.41310443,-0.910683661,285.6,821,9.05E+00
5070,4.25,-0.424199423,-0.905568799,288.8,820,1.18E+01
5071,3.93,-0.458649554,-0.888617233,291.6,820,1.02E+01
5072,2.83,-0.327217899,-0.944948912,293.4,821,1.33E+01
5073,1.9,0.252069358,-0.96770917,294.5,820,1.31E+01
5074,1.95,0.721760228,-0.692143174,295.3,820,1.42E+01
5075,2.21,0.890212805,-0.455544907,296.1,820,1.27E+01
5076,2.38,0.970716482,-0.240228042,297,820,7.93E+00
5077,2.86,0.999998477,-0.001745328,297.5,820,9.98E+00
5078,3.65,0.990509463,0.137444546,297.7,819,1.18E+01
5079,3.47,0.997684279,0.068015291,298,819,1.10E+01
5080,3.34,0.999194395,0.040131793,298,819,9.44E+00
5081,2.54,0.149535343,0.988756381,294.4,819,6.45E+00
5082,2.63,-0.687087511,0.726574671,293.4,820,4.22E+00
5083,1.86,-0.709570737,-0.70463421,291.4,819,3.97E+00
5084,3.13,-0.35836795,-0.933580426,290.1,819,3.30E+00
5085,3.62,-0.040131793,-0.999194395,290.2,819,2.31E+00
5086,3.85,0.398749069,-0.917060074,290.1,819,2.55E+00
5087,3.68,0.41310443,-0.910683661,289.6,819,1.31E+00
5088,3.88,0.667832555,-0.744311546,288.8,819,9.90E-01
5089,3.58,0.934825676,-0.355106962,287.3,819,9.63E-01
5090,3.26,0.820151876,-0.572145873,286,819,3.78E-01
5091,2.66,0.438371147,-0.898794046,285.6,819,6.54E+00
5092,3.81,0.012217001,-0.99992537,286.3,819,5.01E-01
5093,3.2,0.161603821,-0.986855716,285.9,819,1.29E+00
5094,0.86,0.959313975,0.282341457,289.2,819,4.77E+00
5095,0.28,-0.993372766,0.11493715,291.6,819,4.80E+00
5096,1.58,0.715692734,0.698415285,294.1,819,1.30E+01
5097,3.32,0.041875654,0.99912283,293.6,819,1.28E+01
5098,3.23,0.146083029,0.989272333,293.8,819,1.01E+01
5099,3.23,0.09063258,0.995884399,294.6,819,5.48E+00
5100,3.29,-0.447759088,0.894154237,295.3,820,6.55E+00
5101,2.58,-0.022687334,0.999742609,294.5,819,2.95E+00
5102,1,0.001745328,0.999998477,296.5,818,-1.73E+00
5103,3.26,-0.986285602,-0.165047606,296,818,-4.70E+00
5104,2.67,-0.992965508,0.118403968,296.1,818,-4.03E+00
5105,4.08,-0.722967146,-0.690882411,296.7,817,-1.91E-01
5106,4.39,-0.931055816,-0.364876784,295,817,6.93E-01
5107,2.37,-0.827080574,-0.562083378,291.9,817,1.26E+00
5108,3.57,-0.671720589,-0.740804596,290.8,817,3.38E+00
5109,4.03,-0.756995056,-0.653420604,291.3,817,5.21E+00
5110,0.28,-0.777145961,-0.629320391,289.6,817,5.67E+00
5111,1.56,0.785856893,0.618408395,288.7,817,5.97E+00
5112,1.91,0.422618262,-0.906307787,288.7,817,5.86E+00
5113,4.67,-0.641449632,-0.767165152,290.4,816,3.71E+00
5114,4.63,-0.596224875,-0.802817475,290.2,816,2.12E+00
5115,4.45,-0.522498565,-0.852640164,290,816,2.48E+00
5116,4.53,-0.501510737,-0.865151421,289.8,816,9.66E+00
5117,4.52,-0.528438335,-0.848971688,289.6,816,8.25E+00
5118,3.39,-0.428935133,-0.903335293,292.3,816,1.16E+01
5119,3.66,-0.377840787,-0.925870585,295.7,816,1.22E+01
5120,4.68,0.06279052,-0.998026728,297.6,816,1.09E+01
5121,4.1,0.446197813,-0.894934362,298.2,816,7.27E+00
5122,3.65,0.67687597,-0.736097087,298.8,816,8.81E+00
5123,3.51,0.671720589,-0.740804596,299.3,816,-1.86E+00
5124,3.28,0.702153053,-0.712026046,299.7,817,3.78E+00
5125,2.86,0.774944489,-0.632029303,300,816,9.82E+00
5126,3,0.831954122,-0.554844427,300.3,816,2.96E+00
5127,2.75,0.925870585,-0.377840787,300.1,816,9.53E-02
5128,1.23,0.89648643,0.443071191,299.8,816,6.15E-01
5129,3.19,0.194234351,0.980955155,299.1,815,1.98E+00
5130,2.22,0.305695305,0.952129393,297.3,815,4.15E+00
5131,0.8,0.772733573,0.634730513,295,815,5.01E+00
5132,0.5,-0.406736643,-0.913545458,294.2,815,5.42E+00
5133,2.1,-0.603207988,-0.797583929,293.3,815,5.55E+00
5134,3.23,-0.294040325,-0.955793015,292.3,815,5.70E+00
5135,2.43,-0.087155743,-0.996194698,293,815,6.76E+00
5136,2.69,-0.09931975,-0.99505557,292.3,815,6.70E+00
5137,3.91,-0.194234351,-0.980955155,292.6,814,1.18E+00
5138,3.16,-0.603207988,-0.797583929,293.4,814,7.32E-01
5139,5.09,-0.146083029,-0.989272333,293.6,814,5.48E-01
5140,4.42,-0.297374874,-0.9547608,292.1,814,5.19E-01
5141,4.62,-0.255445758,-0.966823389,292,814,3.59E+00
5142,3.94,-0.111468932,-0.993767919,294.3,814,7.56E+00
5143,3.87,0.052335956,-0.998629535,296.3,815,8.35E+00
5144,3.91,0.211324796,-0.977415894,296.8,816,6.07E+00
5145,3.5,0.304033061,-0.952661481,298,815,3.89E+00
5146,2.86,0.231747903,-0.972775878,298.6,815,3.74E+00
5147,2.45,0.452434709,-0.89179753,299.3,815,2.29E+00
5148,1.87,0.516533329,-0.856267085,300,815,2.42E+00
5149,0.87,0.927183855,-0.374606593,300.2,815,1.69E+00
5150,1.9,0.158158067,0.987413807,299.3,814,1.22E+01
5151,4.1,-0.315649037,0.948876012,298.5,814,6.61E+00
5152,3.29,-0.289031797,0.957319498,298.9,814,2.20E+00
5153,3.53,0.178802215,0.983885038,298.1,813,4.64E-01
5154,5.04,-0.116670737,0.99317065,295.5,813,-6.51E-02
5155,0.75,-0.069756474,0.99756405,292.8,813,2.66E+00
5156,2.22,-0.332161132,-0.943222658,291,812,8.06E+00
5157,4.61,0.965016494,-0.262189179,289.8,813,7.92E+00
5158,2.41,0.576432316,-0.817144898,288,813,6.14E+00
5159,2.83,0.36162457,-0.932323801,288.3,813,4.83E+00
5160,3.54,0.622514637,-0.782608157,289.7,813,5.16E+00
5161,4.22,0.315649037,-0.948876012,290.7,813,1.79E+00
5162,3.68,0.123601477,-0.992331938,288.9,813,-1.67E+00
5163,3.22,-0.267238376,-0.963630453,287.3,814,1.04E+01
5164,3.65,-0.937888935,-0.346935652,287.2,814,1.17E+01
5165,3.21,-0.851726934,-0.523985906,286.4,814,4.44E+00
5166,3.08,0.384295323,-0.923210217,290,814,-1.67E-01
5167,4.07,0.503019947,-0.864274802,291.4,814,4.83E+00
5168,3.2,0.292371705,-0.956304756,292.5,814,1.46E+01
5169,2.72,0.128795597,-0.991671162,293.7,815,1.45E+01
5170,2.87,0.120136839,-0.992757342,294.5,815,9.66E+00
5171,3.13,0.240228042,-0.970716482,295.4,815,1.99E+00
5172,3.38,0.257132793,-0.966376079,296.1,815,9.48E-01
5173,3.83,0.342020143,-0.939692621,296.5,815,6.47E-01
5174,3.85,0.422618262,-0.906307787,296.7,815,-3.75E-01
5175,3.8,0.54024032,-0.841510782,296.7,815,1.99E-01
5176,3.43,0.759271307,-0.650774217,296.5,815,-8.23E-01
5177,4.4,0.433659085,-0.901077021,296,814,1.23E+00
5178,2.19,0.821149209,-0.570713568,295.2,814,5.84E+00
5179,2.12,0.40833046,0.912834177,290.4,815,5.95E+00
5180,0.91,0.820151876,0.572145873,288.9,816,4.25E+00
5181,2.13,-0.81613759,-0.577857624,287.9,816,2.87E+00
5182,1.67,-0.461748613,-0.887010833,288,816,1.75E+00
5183,1.85,0.123601477,-0.992331938,288.4,816,6.52E-01
5184,2.15,-0.166768747,-0.985996037,288.6,817,-9.19E-01
5185,2.11,0.419452082,-0.907777479,287.8,816,-1.31E+01
5186,1.71,-0.657375246,-0.753563392,287.1,816,-7.18E+00
5187,1.9,-0.688354576,-0.725374371,286.2,816,-3.57E+00
5188,2.05,-0.842452397,-0.538770785,286,816,-8.01E-01
5189,1.28,-0.472550765,-0.881303452,286.3,816,7.56E-01
5190,0.46,-0.374606593,0.927183855,289.3,816,7.65E-01
5191,1.15,-0.317304656,0.948323655,291.2,816,6.10E-01
5192,1.92,0.270600446,0.962691746,292.9,817,6.42E-01
5193,2.65,0.085416923,0.996345296,293.9,817,5.36E-01
5194,4.06,0.195946144,0.980614659,294.8,816,3.44E-01
5195,4.26,-0.152985836,0.988228381,295.5,816,4.01E+00
5196,4.87,-0.49242356,0.870355696,295,817,1.26E+01
5197,4.29,-0.207911691,0.978147601,295.2,816,4.58E+00
5198,5.66,0.068015291,0.997684279,295.1,815,9.28E-01
5199,7.96,0.257132793,0.966376079,293.9,814,5.99E-01
5200,5.96,-0.059306374,0.998239828,288.3,817,-1.10E-01
5201,3.1,-0.080198924,0.996778878,291.8,818,1.41E+00
5202,2.82,-0.697165103,0.716910608,291.9,817,7.37E-01
5203,1.97,-0.207911691,0.978147601,290.1,818,-2.68E-01
5204,1.83,-0.632029303,0.774944489,289,817,1.57E-01
5205,0.4,0.795473481,0.6059884,288.7,817,6.88E-01
5206,2.62,-0.435231099,-0.900318771,288.6,818,-1.92E-02
5207,4.18,-0.071497444,-0.997440783,287.1,817,-3.58E-01
5208,3.93,0.074978727,-0.997185134,286.3,818,-1.31E+00
5209,4.08,-0.024432178,-0.99970149,286.1,818,-1.61E+00
5210,4,0.199367934,-0.979924705,285.9,817,-2.17E+00
5211,4.23,0.133986185,-0.9909832,285.8,818,8.54E+00
5212,3.09,-0.076719028,-0.997052752,284.4,818,2.50E+00
5213,3.15,0.47715876,-0.878817113,284.2,818,4.82E+00
5214,1.48,0.425779292,-0.904827052,287.5,818,6.75E+00
5215,1.6,0.818149717,0.575005252,290.3,819,1.37E+00
5216,2.84,0.893371388,0.449318999,290.7,820,2.09E+00
5217,4.46,0.913545458,0.406736643,289.5,820,2.81E+00
5218,2.08,0.576432316,0.817144898,290.1,820,4.23E+00
5219,1.77,0.294040325,0.955793015,291.6,820,3.43E+00
5220,2.58,-0.452434709,0.89179753,291.7,820,3.14E+00
5221,2.89,0.583541211,0.812083527,290.6,820,2.67E+00
5222,1.95,0.753563392,0.657375246,290,819,2.18E+00
5223,1.88,0.29570805,0.955278362,289.5,819,1.81E+00
5224,2.37,-0.246999013,0.969015731,289.9,820,1.35E+00
5225,0.93,-0.957319498,-0.289031797,287.8,820,2.17E+00
5226,0.75,-0.927183855,-0.374606593,289,819,5.34E+00
5227,1.05,-0.187381315,0.982287251,287.4,820,6.69E+00
5228,2.82,0.728968627,-0.684547106,285.4,820,6.97E+00
5229,2.17,0.080198924,-0.996778878,284.4,819,7.28E+00
5230,3.37,0.074978727,-0.997185134,284.6,820,5.95E+00
5231,3.42,-0.05059294,-0.998719357,284.5,820,3.74E+00
5232,3.64,-0.068015291,-0.997684279,284.4,819,4.65E+00
5233,3.95,-0.3007058,-0.953716951,284.1,819,4.04E+00
5234,4.4,-0.258819045,-0.965925826,284.6,820,3.68E+00
5235,4.57,-0.010471784,-0.999945169,284.8,819,4.11E+00
5236,3.86,-0.377840787,-0.925870585,283.8,819,5.69E+00
5237,3.79,0.038387809,-0.999262916,283.9,819,7.90E+00
5238,3.51,0.159881188,-0.987136265,287.5,819,1.31E+01
5239,3.02,0.398749069,-0.917060074,290.2,819,5.05E+00
5240,2.44,0.75470958,-0.656059029,291.7,820,5.44E+00
5241,2.16,0.805928282,-0.592013179,292.6,819,3.78E+00
5242,2.12,0.54170821,-0.840566603,293.3,819,4.20E+00
5243,3.52,0.327217899,-0.944948912,294,819,1.11E+01
5244,3.3,0.547563223,-0.836764313,294.7,819,1.33E+01
5245,3.41,0.724171861,-0.689619544,295.3,819,1.08E+01
5246,3.36,0.874619707,-0.48480962,295.7,818,3.21E+00
5247,3.36,0.892585818,-0.450877541,296,818,2.27E+00
5248,3.4,0.890212805,-0.455544907,296.1,818,6.75E+00
5249,1.97,0.458649554,-0.888617233,296.1,817,4.43E+00
5250,1.63,0.977783237,-0.209618563,295.4,817,3.27E+00
5251,2.04,-0.489382452,0.872069272,291.1,818,2.42E+00
5252,2.56,-0.991671162,-0.128795597,289.1,818,2.15E+00
5253,3.18,-0.39394191,-0.919135339,288.5,818,2.11E+00
5254,3.63,-0.474088209,-0.880477354,288.5,818,2.99E+00
5255,3.78,-0.47715876,-0.878817113,288.5,818,1.78E+00
5256,4.11,-0.515038075,-0.857167301,288.8,818,7.75E-01
5257,4.35,-0.653420604,-0.756995056,288.9,819,-6.12E-01
5258,4.34,-0.596224875,-0.802817475,288.5,818,5.07E-01
5259,4.35,-0.433659085,-0.901077021,288.4,818,1.48E+00
5260,4.25,-0.304033061,-0.952661481,288.4,818,1.36E+00
5261,4.25,-0.245307386,-0.96944535,288.3,818,4.67E+00
5262,3.38,-0.085416923,-0.996345296,290.4,818,1.00E+01
5263,2.38,0.069756474,-0.99756405,294,819,1.08E+01
5264,2.77,0.409923034,-0.912120116,295.6,820,1.35E+01
5265,2.97,0.372987783,-0.927836254,296.2,820,1.39E+01
5266,3.1,0.406736643,-0.913545458,296.7,819,8.72E+00
5267,3.24,0.424199423,-0.905568799,296.6,820,4.32E+00
5268,3.16,0.405141587,-0.914253955,297.3,820,4.40E+00
5269,3.48,0.564967003,-0.825113498,297.8,820,3.39E+00
5270,3.33,0.935444031,-0.353474844,298,819,4.02E+00
5271,3.26,0.931055816,-0.364876784,298.2,819,3.73E+00
5272,2.44,0.9547608,-0.297374874,298.2,820,3.59E+00
5273,3.63,0.901077021,-0.433659085,298.1,819,4.46E+00
5274,2.15,0.927836254,0.372987783,296.9,820,4.17E+00
5275,1.62,0.760405966,0.649448048,293.4,820,3.13E+00
5276,0.55,0.881303452,-0.472550765,292.7,820,3.01E+00
5277,1.49,0.690882411,-0.722967146,291.9,819,5.54E-01
5278,1.57,0.901832526,-0.432085749,291.5,820,-2.01E-01
5279,1.71,0.887010833,-0.461748613,290.8,820,8.88E-01
5280,0.47,0.513541252,-0.858064906,290.8,821,-1.17E+00
5281,0.47,-0.189095443,-0.981958713,289.9,821,-2.12E+00
5282,1.34,0.985703469,-0.16848938,288.7,821,-8.58E-01
5283,0.3,-0.932953535,-0.359996808,289,821,7.73E+00
5284,1.09,-0.710799474,-0.703394703,287.9,822,9.17E+00
5285,2.43,-0.073238197,-0.997314477,286.8,822,1.14E+01
5286,1.86,0.057564027,-0.998341817,289.9,821,1.44E+01
5287,1.12,-0.905568799,-0.424199423,293,822,1.45E+01
5288,1.05,-0.981958713,0.189095443,295.6,822,1.40E+01
5289,0.28,0.015707317,0.999876632,297.8,822,1.41E+01
5290,1.71,0.690882411,-0.722967146,298.7,821,1.28E+01
5291,2.21,0.903335293,0.428935133,299.2,821,9.79E+00
5292,2.31,0.824126189,0.566406237,298.1,822,3.52E+00
5293,1.91,-0.06279052,0.998026728,296.1,822,2.93E+00
5294,2.63,-0.0662739,0.997801468,297.3,822,2.80E+00
5295,2.95,0.0662739,0.997801468,297.2,822,2.99E+00
5296,0.95,0.776046407,0.630675807,297.9,822,2.28E+00
5297,1.11,-0.081938509,0.996637387,296,821,2.02E+00
5298,1,0.79335334,0.608761429,295.7,821,5.91E+00
5299,1.37,0.769399555,0.638767818,292.2,822,6.99E+00
5300,1.2,0.957319498,-0.289031797,291.2,822,6.22E+00
5301,0.93,-0.831954122,-0.554844427,290.6,821,4.94E+00
5302,2.43,-0.638767818,-0.769399555,289.3,822,4.80E+00
5303,3.21,-0.663926213,-0.74779809,288.8,822,3.87E+00
5304,3.71,-0.567843745,-0.823136369,288.6,823,3.54E+00
5305,4.13,-0.63607822,-0.771624583,288.9,822,1.94E+00
5306,4.26,-0.43993917,-0.898027576,289.1,822,1.37E+00
5307,4.33,-0.43993917,-0.898027576,289.1,822,4.71E+00
5308,4.37,-0.463296035,-0.886203579,289.1,822,3.38E+00
5309,4.38,-0.285688367,-0.958322574,288.8,822,9.59E-01
5310,3.18,-0.047106451,-0.998889875,291.5,822,1.08E+00
5311,1.02,0.133986185,-0.9909832,295.7,822,8.59E-01
5312,0.9,0.625242656,0.780430407,297.6,823,1.26E+00
5313,1.58,0.761538308,0.648119901,298.2,823,7.15E+00
5314,2.13,0.796529918,0.604599115,298.8,822,8.69E+00
5315,2.41,0.782608157,0.622514637,299.4,822,1.03E+01
5316,2.69,0.632029303,0.774944489,299.9,822,1.07E+01
5317,2.41,0.702153053,0.712026046,300.3,822,1.34E+01
5318,2.47,0.778243149,0.627963058,300.6,822,9.40E+00
5319,2.75,0.786935022,0.617035875,300.7,821,4.46E+00
5320,2.18,0.688354576,0.725374371,300.7,821,4.32E+00
5321,1.89,0.15126082,0.988493887,299.7,821,4.25E+00
5322,2.03,0.11493715,0.993372766,298.7,821,3.66E+00
5323,2.29,0.231747903,0.972775878,294.9,821,4.77E+00
5324,1.6,-0.994150964,0.107999356,293.2,821,4.35E+00
5325,2.58,-0.728968627,-0.684547106,292.3,821,2.78E+00
5326,3.43,-0.510542918,-0.859852272,292.1,821,1.05E+00
5327,3.22,-0.519519112,-0.85445883,291.6,821,1.48E-01
5328,3.35,-0.187381315,-0.982287251,291.4,821,1.11E+00
5329,3.67,-0.223250116,-0.974761194,291,821,2.85E-01
5330,3.87,-0.521009632,-0.853550797,290.6,820,3.22E-01
5331,4.19,-0.623879597,-0.781520472,290.9,820,8.88E-01
5332,4.44,-0.490903754,-0.871213811,291.3,821,5.44E+00
5333,4.33,-0.355106962,-0.934825676,290.9,821,5.06E+00
5334,3.48,-0.474088209,-0.880477354,293.1,821,2.68E+00
5335,2.81,-0.523985906,-0.851726934,296.7,821,6.26E+00
5336,2.68,-0.733729865,-0.679441304,298.6,822,1.31E+01
5337,2.73,-0.65868946,-0.752414909,299.5,821,1.17E+01
5338,2.14,-0.815127796,-0.579281172,300.1,821,1.40E+01
5339,1.89,-0.966376079,-0.257132793,300.8,820,8.35E+00
5340,1.76,-0.959313975,-0.282341457,301.3,820,2.42E+00
5341,2.21,-0.931055816,-0.364876784,301.9,820,4.83E+00
5342,2.59,-0.909236109,-0.416280792,302.2,819,3.59E+00
5343,3.2,-0.973578903,-0.22835087,302.4,819,5.25E+00
5344,3.83,-0.999610115,-0.027921639,302.2,819,8.10E+00
5345,3.61,-0.999975631,0.00698126,300.9,819,7.01E+00
5346,2.63,-0.982287251,0.187381315,299,819,8.54E+00
5347,2.95,-0.973975967,-0.226651307,293.6,819,8.56E+00
5348,3.6,-0.684547106,-0.728968627,292.2,818,7.49E+00
5349,3.89,-0.887010833,-0.461748613,292,818,6.13E+00
5350,4.25,-0.889416373,-0.457097927,292.2,818,5.53E+00
5351,4.93,-0.85445883,-0.519519112,292.3,818,4.19E+00
5352,5.51,-0.875464527,-0.483282383,292.3,819,1.27E+00
5353,6.71,-0.847121921,-0.53139858,292.6,818,-4.57E+00
5354,7.08,-0.837718717,-0.546101961,292.3,818,-6.15E+00
5355,6.64,-0.75011107,-0.661311865,292,818,-5.21E-01
5356,5.86,-0.68199836,-0.731353702,291.3,817,3.51E-01
5357,5.63,-0.583541211,-0.812083527,291.2,817,2.12E+00
5358,5.11,-0.573576436,-0.819152044,292.9,817,7.60E+00
5359,4.44,-0.652098404,-0.758134336,296.3,817,4.04E+00
5360,5.4,-0.670426619,-0.741975841,298.8,818,5.44E+00
5361,4.75,-0.764921401,-0.64412363,300.3,818,6.16E+00
5362,5.07,-0.87630668,-0.481753674,301.1,817,7.35E+00
5363,4.43,-0.926528631,-0.376224263,302,817,3.75E+00
5364,4.41,-0.958819735,-0.284015345,302.2,818,7.78E+00
5365,4.43,-0.965925826,-0.258819045,302.9,817,-4.19E-02
5366,4.45,-0.971961001,-0.235142113,303.2,817,-8.73E+00
5367,4.75,-0.986285602,-0.165047606,303.2,816,-9.31E+00
5368,4.77,-0.993767919,-0.111468932,303.1,817,-6.81E+00
5369,6.03,-0.985996037,-0.166768747,301,815,3.38E+00
5370,2.7,-0.946085359,-0.323917418,298.7,815,5.02E+00
5371,3.42,-0.886203579,-0.463296035,293.6,815,5.40E+00
5372,5.76,-0.934825676,-0.355106962,295.3,816,4.43E+00
5373,6.24,-0.919821497,-0.392337117,294.7,816,3.97E+00
5374,6.98,-0.859852272,-0.510542918,294.3,816,2.85E+00
5375,7.45,-0.856267085,-0.516533329,293.9,815,1.86E+00
5376,7.09,-0.770513243,-0.63742399,293.4,816,-1.18E+00
5377,7.25,-0.789084085,-0.6142852,293,816,-9.19E+00
5378,6.58,-0.703394703,-0.710799474,292.5,816,-2.29E+01
5379,5.75,-0.600420225,-0.799684658,291.7,816,-3.04E+01
5380,5.33,-0.537299608,-0.843391446,291.5,816,-1.97E+01
5381,4.7,-0.313992456,-0.949425478,291,815,-1.75E+01
5382,3.53,-0.152985836,-0.988228381,292.8,815,2.30E+00
5383,0.54,0.772733573,-0.634730513,296.7,815,9.75E-01
5384,2.34,0.166768747,0.985996037,297.8,816,3.69E+00
5385,2.62,0.040131793,0.999194395,298.5,816,7.65E+00
5386,2.99,0.121869343,0.992546152,299.2,816,8.53E+00
5387,3.36,0.312334919,0.949972052,299.7,816,6.37E+00
5388,4.05,0.863395551,0.504527624,299,817,1.24E+01
5389,3.49,0.955278362,0.29570805,298.9,817,8.88E+00
5390,3.75,0.962691746,0.270600446,299.2,816,6.01E+00
5391,4.44,0.965472631,0.260504509,299,816,1.13E+01
5392,4.58,0.935444031,0.353474844,298.7,817,9.80E+00
5393,3.83,0.683273774,0.730162277,294.5,817,1.01E+01
5394,3.4,0.715692734,0.698415285,293.6,818,9.35E+00
5395,2.55,0.809016994,0.587785252,292,818,8.92E+00
5396,1.91,0.785856893,0.618408395,291.2,818,8.30E+00
5397,1.38,0.999993908,0.003490651,290.5,818,7.80E+00
5398,1.77,0.875464527,0.483282383,288.6,818,5.72E+00
5399,2.38,0.917754626,0.397147891,287.2,818,4.65E+00
5400,1.69,0.933580426,0.35836795,286.6,819,4.01E+00
5401,2.2,0.941470545,0.337095258,286,818,2.45E+00
5402,2.43,0.999328394,-0.036643709,285.5,818,5.42E-01
5403,2.12,0.997052752,-0.076719028,284.8,818,-3.13E+00
5404,2.11,0.998134798,-0.06104854,284.4,818,-2.43E+00
5405,1.04,0.957822495,0.28736052,284.1,818,6.88E-01
5406,1.22,0.726574671,0.687087511,286,818,4.96E+00
5407,2.44,0.501510737,0.865151421,287.3,818,8.14E+00
5408,3.15,0.382683432,0.923879533,288.5,819,1.39E+01
5409,4.22,0.622514637,0.782608157,289.7,819,8.69E+00
5410,4.12,0.353474844,0.935444031,290.8,819,7.17E+00
5411,5.17,0.320612991,0.947210278,291.2,819,1.05E+01
5412,4.64,0.224951054,0.974370065,291.7,819,1.06E+01
5413,3.95,0.272280247,0.962217994,292.6,818,-1.27E+00
5414,4.35,0.159881188,0.987136265,293.5,818,-3.54E+00
5415,4.08,0.109734311,0.993960955,294,817,-4.23E+00
5416,3.34,-0.438371147,0.898794046,294.4,817,-4.86E+00
5417,4.02,0.04884977,0.998806137,290.8,816,-5.93E+00
5418,3.29,0.67815967,-0.734914595,289.5,818,-6.41E+00
5419,2.81,0.48480962,0.874619707,285.6,817,-5.55E+00
5420,0.5,0.97236992,-0.233445364,284.4,817,-5.28E+00
5421,2.04,0.076719028,-0.997052752,284.8,817,-2.09E+00
5422,1.07,-0.139173101,-0.990268069,285.9,817,-1.16E+00
5423,1.77,0.679441304,0.733729865,285.1,817,-1.14E+00
5424,0.28,0.083677843,0.996492859,285.5,817,-5.71E-01
5425,3.21,0.573576436,0.819152044,284.6,817,-5.33E-01
5426,2.54,0.36325123,0.931691228,283.6,817,4.64E-01
5427,3.44,0.905568799,0.424199423,284.8,817,-4.51E-01
5428,1.6,-0.99756405,0.069756474,282.6,817,-7.26E-01
5429,1.68,-0.632029303,-0.774944489,282.6,816,-1.09E+00
5430,1.89,0.718126298,0.695912797,285.3,816,-1.67E+00
5431,1.88,-0.79863551,0.601815023,287.3,816,7.18E-01
5432,3.12,-0.409923034,0.912120116,288.8,817,-2.10E+00
5433,2.78,-0.49242356,0.870355696,289.1,817,-2.50E+00
5434,2.6,-0.699663341,-0.71447268,292.6,816,-3.43E+00
5435,5.37,-0.559192903,-0.829037573,293.9,816,-3.58E+00
5436,2.93,0.81004164,-0.586372357,293.2,816,-3.97E+00
5437,3.51,-0.43993917,-0.898027576,294.6,816,-3.98E+00
5438,1.06,-0.304033061,-0.952661481,294.6,816,-4.37E+00
5439,1.3,-0.534352349,0.845261833,291.4,816,-4.06E+00
5440,4.05,0.36325123,0.931691228,291.6,816,-4.43E+00
5441,1.58,0.989776231,-0.142628934,291.5,816,-2.02E+00
5442,1.65,0.838670568,0.544639035,291,816,-9.54E-02
5443,1.02,0.938493023,0.345298199,287.7,817,5.77E+00
5444,2.15,0.592013179,-0.805928282,286.4,817,7.82E+00
5445,1.95,0.376224263,-0.926528631,286.2,818,7.19E+00
5446,2.42,0.290702194,-0.956813584,285.7,817,4.99E+00
5447,3.61,0.384295323,-0.923210217,285.7,817,4.11E+00
5448,3.38,0.654740814,-0.755853469,285.6,818,3.10E+00
5449,2.85,0.36325123,-0.931691228,285.5,818,1.75E+00
5450,4.21,0.106264071,-0.994337944,285.6,818,2.10E+00
5451,4.3,0.04884977,-0.998806137,285.5,818,1.93E+00
5452,4.23,0.199367934,-0.979924705,285.4,818,3.46E+00
5453,4.11,0.09931975,-0.99505557,284.8,819,5.61E+00
5454,3.16,0.246999013,-0.969015731,287.4,819,8.95E+00
5455,0.61,0.654740814,-0.755853469,291.1,819,1.31E+01
5456,0.88,0.556295616,0.830984469,292.3,820,1.44E+01
5457,1.23,0.756995056,0.653420604,293.4,820,1.30E+01
5458,1.6,0.949972052,0.312334919,294.4,820,7.92E+00
5459,1.9,0.952661481,0.304033061,295.5,820,5.29E+00
5460,2.33,0.943800952,0.330514393,296.2,820,8.85E+00
5461,2.28,0.79335334,0.608761429,296.7,820,7.19E+00
5462,2.48,0.537299608,0.843391446,297,820,4.02E+00
5463,2.54,0.05059294,0.998719357,296.5,820,5.01E+00
5464,3.25,0.194234351,0.980955155,296.3,821,3.97E+00
5465,1.99,0.559192903,0.829037573,294.8,820,3.22E+00
5466,2.06,0.178802215,0.983885038,294.1,821,3.17E+00
5467,1.94,0.46638664,0.884580975,290.5,820,4.81E+00
5468,0.95,-0.918446381,0.395545503,289.3,822,4.79E+00
5469,0.57,-0.872922077,-0.487859659,288.9,822,4.52E+00
5470,1.51,0.147809411,-0.989015863,288.1,822,3.62E+00
5471,1.91,-0.06104854,-0.998134798,287.6,822,2.08E+00
5472,2.12,-0.317304656,-0.948323655,287.3,822,1.92E+00
5473,2,-0.09931975,-0.99505557,286.9,822,1.87E+00
5474,2.76,-0.104528463,-0.994521895,286.5,823,5.01E-01
5475,3.67,-0.265556117,-0.964095404,286.5,822,-5.98E-02
5476,3.9,-0.469471563,-0.882947593,286.7,823,2.93E+00
5477,4.01,-0.54170821,-0.840566603,286.5,822,7.84E+00
5478,3.01,-0.603207988,-0.797583929,288.8,822,9.38E+00
5479,2.77,-0.813100761,-0.58212297,292.2,822,9.87E+00
5480,2.98,-0.795473481,-0.6059884,294.1,823,1.06E+01
5481,2,-0.667832555,-0.744311546,295.2,822,1.20E+01
5482,2.13,-0.76266833,-0.64678978,296.3,822,1.25E+01
5483,0.59,-0.618408395,-0.785856893,296.7,822,1.36E+01
5484,0.74,0.995724698,0.092370587,297.6,822,1.15E+01
5485,0.77,0.630675807,0.776046407,297.7,821,3.90E+00
5486,3.28,-0.165047606,0.986285602,297.6,821,2.21E+00
5487,3.76,-0.371367836,0.928485827,297.9,820,-2.67E+00
5488,4.73,-0.685818353,0.727772758,296.5,821,-2.18E+00
5489,4.15,-0.669130606,0.743144825,296.3,820,-3.31E-01
5490,1.88,-0.894154237,0.447759088,294.7,821,1.57E-01
5491,3.94,-0.997052752,0.076719028,293.5,821,1.14E+00
5492,2.96,0.493941867,0.86949493,291.7,821,8.29E-01
5493,1.17,-0.786935022,-0.617035875,290.2,820,1.42E+00
5494,1.41,-0.192521967,-0.981292664,289.7,821,8.11E-01
5495,2.8,0.309016994,-0.951056516,288.9,820,-1.84E-01
5496,3.34,-0.204496052,-0.978867389,288.9,820,-4.19E-01
5497,3.87,-0.603207988,-0.797583929,289.7,820,-7.01E-01
5498,4.93,-0.690882411,-0.722967146,290.8,819,1.87E+00
5499,4.87,-0.692143174,-0.721760228,290.5,819,7.82E+00
5500,4.58,-0.690882411,-0.722967146,290,819,1.39E+01
5501,4.39,-0.689619544,-0.724171861,289.5,818,1.39E+01
5502,4.39,-0.782608157,-0.622514637,291.5,818,1.40E+01
5503,5.23,-0.86949493,-0.493941867,293.7,818,5.22E+00
5504,5.59,-0.879648573,-0.475624209,294.7,818,2.71E+00
5505,5.53,-0.958819735,-0.284015345,295.6,817,7.70E-02
5506,4.88,-0.997801468,-0.0662739,295.6,817,3.23E+00
5507,4.68,-0.975916762,-0.218143241,296.9,816,1.72E+00
5508,4.31,-0.926528631,-0.376224263,297.5,816,-2.44E+00
5509,8.12,-0.270600446,-0.962691746,296.1,816,-4.29E+00
5510,7.34,0.38912395,-0.921185406,290.4,816,-1.28E+01
5511,2.83,-0.06104854,-0.998134798,292.3,816,-9.90E+00
5512,4.13,0.708339838,-0.705871571,291,814,-4.63E+00
5513,4.61,0.638767818,-0.769399555,289.3,814,6.70E+00
5514,3.61,0.387515586,-0.921863152,289.3,814,1.02E+01
5515,2.22,-0.67687597,-0.736097087,286.8,814,1.05E+01
5516,2.51,-0.147809411,-0.989015863,287.2,815,1.38E+00
5517,1.03,-0.204496052,0.978867389,285.5,815,6.42E-01
5518,2.84,0.343659695,-0.939094252,285.8,815,-2.11E+00
5519,2.33,0.685818353,-0.727772758,285.2,815,-2.89E+00
5520,2.98,0.569279523,-0.822144041,286.2,815,-4.73E+00
5521,4.16,0.734914595,-0.67815967,286.3,814,-5.54E+00
5522,3.68,0.732542899,-0.680720869,285.3,814,-2.06E+00
5523,3.7,0.722967146,-0.690882411,286,814,1.78E+00
5524,3.41,0.738455341,-0.674302388,286.1,814,5.54E-01
5525,3.5,0.963630453,-0.267238376,285.7,815,8.71E-01
5526,7.13,0.996778878,-0.080198924,285.3,815,4.44E+00
5527,6.99,0.96944535,-0.245307386,283.5,815,1.07E+01
5528,6.32,0.959805292,-0.280666709,283.1,816,4.98E+00
5529,7.44,0.963162567,-0.268919821,283.6,817,-5.18E+00
5530,6.82,0.988756381,-0.149535343,284,817,-7.49E+00
5531,5.57,0.99505557,0.09931975,283.9,817,-7.81E+00
5532,7.7,0.987688341,-0.156434465,284.3,818,-9.90E+00
5533,6.59,0.99121554,-0.13225639,283.7,819,-2.94E+01
5534,6.74,0.994521895,-0.104528463,284.9,818,-2.63E+01
5535,7.59,0.997185134,-0.074978727,284.4,819,-2.15E+01
5536,5.48,0.999961923,-0.008726535,284.7,820,-1.34E+01
5537,4.55,0.999780683,-0.02094242,286,819,-1.07E+01
5538,4.01,0.999847695,-0.017452406,285.4,820,-1.36E+01
5539,2.45,0.991444861,-0.130526192,281.8,820,-1.80E+01
5540,3.07,0.924546034,-0.381070376,281.2,820,-2.40E+01
5541,3.13,0.953716951,-0.3007058,280.5,820,-1.06E+01
5542,2.72,0.964095404,-0.265556117,279.4,820,-3.02E+01
5543,2.1,0.957822495,-0.28736052,279.2,820,-3.66E+01
5544,2.69,0.849892693,-0.526955795,279,820,-6.74E+00
5545,3.17,0.877982975,-0.478691858,278.6,820,-2.55E+01
5546,3.17,0.824126189,-0.566406237,278.3,820,-6.78E+00
5547,2.88,0.875464527,-0.483282383,278.1,820,-5.48E-01
5548,2.41,0.913545458,-0.406736643,277.9,820,2.36E+00
5549,1.6,0.981958713,-0.189095443,277.9,820,3.55E+00
5550,0.74,0.783693457,-0.62114778,280.5,820,4.76E+00
5551,1.37,-0.149535343,0.988756381,282.6,820,1.03E+01
5552,2.1,-0.015707317,0.999876632,283.7,820,8.96E+00
5553,1.95,-0.299040792,0.954240329,285,820,7.23E+00
5554,1.96,-0.146083029,0.989272333,286.7,820,2.54E+00
5555,2.68,-0.17708474,0.984195608,288.3,820,7.65E-01
5556,3.49,0.036643709,0.999328394,289.3,820,2.50E+00
5557,3.87,-0.047106451,0.998889875,289.5,819,2.25E+00
5558,3.56,-0.074978727,0.997185134,289.6,819,1.35E+00
5559,4.32,-0.038387809,0.999262916,289.7,818,-1.57E+00
5560,4.77,-0.0662739,0.997801468,289.1,818,-2.57E+00
5561,4.93,0.019197442,0.999815712,287.4,819,-8.23E-01
5562,4.49,-0.029666244,0.99955986,286,820,-2.40E+00
5563,4.06,-0.087155743,0.996194698,285.3,820,-4.31E+00
5564,0.59,0.692143174,-0.721760228,285.1,821,-4.99E+00
5565,3.4,-0.00698126,0.999975631,283.2,821,-6.98E+00
5566,2.16,0.457097927,0.889416373,282.3,821,-9.00E+00
5567,2.87,0.356737999,0.934204474,281.1,821,-2.04E+01
5568,3.49,0.026176948,0.999657325,281,821,-2.24E+01
5569,2.96,0.218143241,0.975916762,280.7,820,-2.35E+01
5570,1.38,-0.214735327,0.976672278,279.8,821,-3.06E+01
5571,1.13,-0.185666615,0.982612797,280.2,821,0.00E+00
5572,1.88,-0.081938509,0.996637387,278.6,820,-2.88E+01
5573,2.26,0.201077921,0.97957525,278.3,820,-3.45E+01
5574,3.55,0.19765734,0.980271175,279.5,821,0.00E+00
5575,3.74,0.076719028,0.997052752,280.4,820,-3.12E+01
5576,4.4,-0.06279052,0.998026728,281.9,821,-2.28E+01
5577,4.77,-0.262189179,0.965016494,283.1,821,-1.56E+01
5578,4.95,-0.330514393,0.943800952,284.5,821,-1.24E+01
5579,4.89,-0.320612991,0.947210278,285.6,821,-1.29E+01
5580,4.66,-0.374606593,0.927183855,286.3,821,-1.62E+01
5581,4.52,-0.515038075,0.857167301,286.5,822,-1.69E+01
5582,4.32,-0.632029303,0.774944489,286.6,821,-1.67E+01
5583,3.93,-0.566406237,0.824126189,286.6,821,-1.73E+01
5584,4.13,-0.483282383,0.875464527,286.4,822,-1.94E+01
5585,3.33,-0.674302388,0.738455341,286.8,823,-2.11E+01
5586,2.91,-0.819152044,0.573576436,286.3,822,-6.79E+00
5587,2.14,-0.603207988,0.797583929,283.3,823,-5.72E+00
5588,1.39,-0.965925826,-0.258819045,282.6,823,-5.45E+00
5589,0.66,-0.481753674,-0.87630668,283,823,-1.24E+01
5590,0.61,-0.432085749,-0.901832526,282.9,823,-2.34E+01
5591,0.56,0.956304756,-0.292371705,282.4,823,-2.43E+01
5592,1.61,0.307356618,-0.951594404,282,823,-2.50E+01
5593,2.14,0.16848938,-0.985703469,281.5,822,-2.45E+01
5594,2.7,0.327217899,-0.944948912,281.1,822,-2.54E+01
5595,1.79,-0.022687334,-0.999742609,281.2,822,-2.67E+01
5596,1.1,-0.796529918,-0.604599115,281.9,822,-2.89E+01
5597,1.89,0.031410759,-0.99950656,283.4,822,-2.96E+01
5598,2.28,-0.756995056,-0.653420604,284.2,822,-7.42E+00
5599,4.88,-0.960779154,-0.277314653,285.9,822,-4.49E+00
5600,5.3,-0.983254908,-0.182235525,287.5,822,4.05E+00
5601,4.77,-0.963630453,-0.267238376,288.2,821,-1.96E-01
5602,4.51,-0.978147601,-0.207911691,289.3,821,-9.05E+00
5603,4.41,-0.965016494,-0.262189179,290.2,821,-1.79E+01
5604,4.6,-0.982612797,-0.185666615,292.2,821,-2.57E+01
5605,4.45,-0.940288127,-0.34037955,293,820,-9.90E+00
5606,4.2,-0.969015731,-0.246999013,293.4,819,0.00E+00
5607,4.61,-0.984195608,-0.17708474,294,819,-9.64E+00
5608,4.75,-0.980955155,-0.194234351,294,819,-1.65E+01
5609,3.83,-0.972775878,-0.231747903,294.2,817,-7.23E+00
5610,2.6,-0.977783237,-0.209618563,292.6,817,2.00E+00
5611,3.55,-0.713250449,-0.700909264,290,817,1.44E+00
5612,3.28,-0.903335293,-0.428935133,289.4,817,1.38E+00
5613,5.61,-0.858959897,-0.512042865,290.3,816,4.20E+00
5614,5.83,-0.844327926,-0.535826795,290.1,815,4.67E+00
5615,6.33,-0.708339838,-0.705871571,289.9,815,3.03E+00
5616,7.06,-0.75470958,-0.656059029,289.6,815,-1.48E+00
5617,5.67,-0.679441304,-0.733729865,289.4,815,0.00E+00
5618,4.74,-0.507538363,-0.86162916,289.1,814,0.00E+00
5619,6.08,-0.36162457,-0.932323801,290.6,813,0.00E+00
5620,6.05,-0.395545503,-0.918446381,290.4,814,0.00E+00
5621,4.48,-0.416280792,-0.909236109,288.6,813,-6.38E+00
5622,3,-0.63607822,-0.771624583,289.1,813,8.96E+00
5623,2.35,-0.506033764,-0.862513669,290.9,813,4.81E+00
5624,3.56,0.005235964,-0.999986292,291.7,813,-3.22E+00
5625,4.74,0.284015345,-0.958819735,292.3,813,-3.81E-01
5626,4.73,0.509041416,-0.860742027,293,813,1.30E+01
5627,4.79,0.422618262,-0.906307787,293.5,813,4.17E+00
5628,5.85,0.149535343,-0.988756381,294.4,813,3.68E+00
5629,5.8,0.128795597,-0.991671162,294.7,813,2.77E+00
5630,5.39,0.008726535,-0.999961923,294.9,813,-1.46E+00
5631,5.42,-0.278991106,-0.960293686,294.4,812,-1.47E+01
5632,6.31,0.583541211,-0.812083527,294.1,812,-9.78E+00
5633,3.72,0.6142852,-0.789084085,289.2,812,-1.74E+00
5634,1.81,-0.059306374,-0.998239828,289.7,811,-1.46E+00
5635,2.81,-0.299040792,-0.954240329,286.7,811,-1.04E+00
5636,3.56,-0.121869343,-0.992546152,286.5,811,7.37E-01
5637,4.12,0.13225639,-0.99121554,287.1,812,3.85E+00
5638,4.05,-0.04884977,-0.998806137,287.1,812,4.72E+00
5639,5.32,-0.16848938,-0.985703469,286.6,812,4.43E+00
5640,4.7,-0.057564027,-0.998341817,286.5,812,-8.63E-01
5641,5,-0.260504509,-0.965472631,286.4,812,0.00E+00
5642,5.22,0.192521967,-0.981292664,286.7,812,-7.07E+00
5643,4.75,0.304033061,-0.952661481,286.3,811,-9.48E+00
5644,4.61,0.133986185,-0.9909832,285.9,812,1.24E+00
5645,4.74,0.076719028,-0.997052752,285.8,812,1.28E+01
5646,4.78,0.094108313,-0.995561965,287.5,813,1.44E+01
5647,4.6,0.11493715,-0.993372766,290.5,813,1.43E+01
5648,5.29,0.209618563,-0.977783237,292.4,813,7.87E+00
5649,5.54,0.438371147,-0.898794046,294,813,-4.57E+00
5650,5.68,0.603207988,-0.797583929,295.1,813,-2.41E-01
5651,5.37,0.6142852,-0.789084085,295.7,814,2.91E+00
5652,4.66,0.608761429,-0.79335334,296.2,814,-3.65E+01
5653,3.97,0.577857624,-0.81613759,296.6,814,-1.77E+01
5654,3.43,0.444635179,-0.89571176,296.9,814,0.00E+00
5655,2.5,0.54170821,-0.840566603,297.1,813,0.00E+00
5656,1.92,0.35836795,-0.933580426,297.2,814,-3.66E+01
5657,2.04,-0.355106962,-0.934825676,297.3,813,-9.62E+00
5658,1.12,-0.998889875,0.047106451,295.5,812,3.78E-01
5659,3.16,-0.33873792,0.940880769,290.4,812,1.82E+00
5660,0.39,-0.919821497,0.392337117,289.5,813,2.20E+00
5661,1.42,0.845261833,-0.534352349,288.5,813,4.06E+00
5662,1.28,0.917754626,-0.397147891,288.5,813,5.54E+00
5663,5,0.001745328,-0.999998477,289,814,7.18E+00
5664,4.02,0.63607822,-0.771624583,289.2,814,8.48E+00
5665,3.52,0.778243149,-0.627963058,288,814,4.88E+00
5666,1.65,-0.359996808,-0.932953535,288.4,813,1.85E+00
5667,4.03,0.250380004,-0.96814764,288.1,813,-4.19E-01
5668,4.27,-0.127064609,-0.991894443,288.2,814,1.50E+00
5669,4.91,0.22835087,-0.973578903,289.1,814,2.45E+00
5670,4.03,0.033155178,-0.999450216,289.1,814,1.03E+01
5671,3.34,0.213030386,-0.977045574,293.4,814,1.47E+01
5672,5.35,-0.003490651,-0.999993908,294.8,814,1.09E+00
5673,5.08,-0.139173101,-0.990268069,296.2,815,-5.66E-01
5674,5.08,-0.152985836,-0.988228381,297.3,815,-9.89E-01
5675,4.99,-0.069756474,-0.99756405,298.3,815,-5.83E-01
5676,4.79,-0.008726535,-0.999961923,299,815,4.68E+00
5677,4.3,-0.182235525,-0.983254908,299.6,815,3.45E+00
5678,3.99,0.038387809,-0.999262916,299.3,814,-2.70E+00
5679,1.11,0.909236109,0.416280792,298.9,815,-1.85E+00
5680,1.48,-0.969872015,-0.243615012,294.3,815,6.21E-01
5681,2.29,-0.1719291,0.985109326,292.8,815,5.90E+00
5682,2.12,0.722967146,0.690882411,291.6,815,8.03E+00
5683,0.52,-0.284015345,0.958819735,289.5,815,8.95E+00
5684,0.63,-0.927183855,-0.374606593,289.5,815,9.15E+00
5685,0.72,0.366501227,0.930417568,289.2,815,9.95E+00
5686,1.24,0.401947777,0.915662593,288.4,815,2.79E+00
5687,2.01,-0.267238376,0.963630453,287.1,815,1.47E+00
5688,0.91,0.996492859,-0.083677843,286.9,815,2.87E+00
5689,0.58,0.567843745,-0.823136369,287.2,814,3.29E+00
5690,0.51,0.61152704,0.791223533,287.4,813,3.20E+00
5691,2.49,0.866025404,0.5,285.7,813,3.00E+00
5692,2.08,-0.495458668,-0.868631514,285.9,813,3.21E+00
5693,3.96,-0.371367836,-0.928485827,286,812,3.16E+00
5694,4.88,-0.744311546,-0.667832555,289.6,812,2.81E+00
5695,3.99,-0.685818353,-0.727772758,293.1,811,1.73E+00
5696,2.48,-0.97236992,-0.233445364,295,811,1.35E+00
5697,3.99,-0.789084085,-0.6142852,295.9,811,2.16E+00
5698,9.72,-0.55048074,-0.834847863,298.2,810,5.83E-02
5699,10.95,-0.472550765,-0.881303452,298.3,810,1.08E+00
5700,11.04,-0.490903754,-0.871213811,298.6,811,5.64E+00
5701,9.11,-0.443071191,-0.89648643,299.5,810,-2.22E-01
5702,8.23,-0.400349033,-0.91636273,299.5,810,7.70E-02
5703,8.72,-0.4539905,-0.891006524,298.7,810,-1.51E-01
5704,6.59,-0.472550765,-0.881303452,298.1,810,-5.48E-01
5705,2.65,0.417867074,-0.908508178,296.4,809,2.77E+00
5706,2.18,0.963162567,0.268919821,293.8,810,6.05E+00
5707,2.95,0.70463421,-0.709570737,289.3,810,5.69E+00
5708,2.29,0.528438335,-0.848971688,287.5,811,5.91E+00
5709,2.22,-0.121869343,-0.992546152,286.1,810,7.13E+00
5710,0.52,-0.253757945,-0.967267753,285.9,810,7.36E+00
5711,0.53,-0.652098404,-0.758134336,285.3,810,7.89E+00
5712,1.6,0.554844427,-0.831954122,284.3,810,1.31E-01
5713,1.02,-0.815127796,0.579281172,283.9,809,-8.48E+00
5714,1.52,-0.982935349,-0.183951351,283.1,809,-7.51E+00
5715,2.88,-0.848048096,0.529919264,282.8,808,2.02E+00
5716,0.83,-0.890212805,0.455544907,282.9,808,-3.06E+00
5717,1.43,-0.86949493,0.493941867,282.3,807,-4.11E+00
5718,2.12,0.06279052,0.998026728,283.9,807,4.88E-02
5719,3.83,-0.619779032,0.784776371,286,807,-1.70E+00
5720,7.42,-0.86162916,-0.507538363,291.2,806,-1.79E+00
5721,10.06,-0.663926213,-0.74779809,292.4,805,6.12E+00
5722,7.74,-0.504527624,-0.863395551,292.8,807,5.89E+00
5723,10.55,-0.528438335,-0.848971688,293.3,805,5.14E+00
5724,11.7,-0.474088209,-0.880477354,294,806,3.01E+00
5725,11.95,-0.510542918,-0.859852272,294,806,-1.07E+01
5726,10.1,-0.601815023,-0.79863551,293.9,806,-8.82E+00
5727,8.18,-0.630675807,-0.776046407,293.9,806,-5.71E+00
5728,7.84,-0.580702956,-0.814115518,293.6,807,-4.98E+00
5729,6.45,0.590605668,-0.806960312,289.3,808,5.99E-01
5730,4.7,0.650774217,-0.759271307,287.3,809,9.13E+00
5731,3.1,0.745476,-0.66653247,284.9,810,8.68E+00
5732,2.14,0.849892693,-0.526955795,283.3,811,6.84E+00
5733,2.48,0.851726934,-0.523985906,283.6,811,4.14E+00
5734,2.86,0.866896749,-0.49848774,283,811,5.56E+00
5735,1.62,0.258819045,-0.965925826,281.2,812,-2.28E+00
5736,1.54,0.58212297,-0.813100761,283,813,-3.66E+01
5737,2.83,0.522498565,-0.852640164,280.8,813,0.00E+00
5738,3.26,0.37945616,-0.925209718,280.1,813,0.00E+00
5739,3.44,0.406736643,-0.913545458,279.6,813,-1.00E+01
5740,2.14,0.06104854,-0.998134798,278.6,814,4.85E+00
5741,3.4,0.19765734,-0.980271175,279.2,814,8.71E-01
5742,4.1,0.523985906,-0.851726934,280.3,814,-1.03E+01
5743,3.38,0.780430407,-0.625242656,282.2,815,-2.26E+01
5744,3.8,0.840566603,-0.54170821,283.2,815,-4.59E-01
5745,3.8,0.752414909,-0.65868946,284.6,815,7.71E+00
5746,3.77,0.669130606,-0.743144825,285.9,815,6.62E+00
5747,2.73,0.618408395,-0.785856893,286.3,815,-5.00E+00
5748,2.99,0.304033061,-0.952661481,287.2,816,-3.91E+00
5749,3.33,0.683273774,-0.730162277,287,816,3.92E-02
5750,3.89,0.890212805,-0.455544907,286.7,816,-5.15E+00
5751,3.69,0.820151876,-0.572145873,287.1,816,-1.05E+01
5752,4.04,0.828060335,-0.560638995,286.5,817,-7.27E+00
5753,2.27,0.359996808,-0.932953535,287,817,-2.42E+00
5754,1.63,0.350207381,-0.936672189,286.1,817,-6.29E-01
5755,0.91,0.265556117,0.964095404,283.3,818,-6.41E-01
5756,1.16,-0.069756474,-0.99756405,282.2,819,1.12E+00
5757,2.68,-0.294040325,-0.955793015,281.8,818,3.36E-01
5758,3.24,-0.236838146,-0.97154912,281.9,818,-9.81E-01
5759,3.6,-0.369746757,-0.929132572,282.1,818,2.87E+00
5760,3.84,-0.348572047,-0.937281989,282.2,818,-4.70E-01
5761,4.07,-0.397147891,-0.917754626,282.3,818,-9.49E-01
5762,4.03,-0.481753674,-0.87630668,282.3,818,-2.58E+00
5763,4.11,-0.472550765,-0.881303452,282.7,818,-3.19E+00
5764,4.11,-0.576432316,-0.817144898,282.5,819,-2.33E-01
5765,4,-0.546101961,-0.837718717,282.4,819,-9.54E-02
5766,4.13,-0.648119901,-0.761538308,284,819,4.00E+00
5767,4.28,-0.69465837,-0.7193398,286.7,819,1.26E+01
5768,3.38,-0.708339838,-0.705871571,288.9,819,1.10E+01
5769,2.77,-0.660001668,-0.751264134,290.7,818,6.53E+00
5770,2.54,-0.490903754,-0.871213811,291.9,818,1.58E+00
5771,3.28,-0.282341457,-0.959313975,293,818,8.02E-01
5772,2.95,-0.327217899,-0.944948912,293.6,818,6.78E-01
5773,2.75,-0.444635179,-0.89571176,294.2,818,2.78E-01
5774,2.64,-0.368124553,-0.929776486,294.5,817,3.62E+00
5775,2.43,-0.382683432,-0.923879533,294.7,817,8.60E+00
5776,2.28,-0.493941867,-0.86949493,294.7,817,1.05E+01
5777,2.92,-0.250380004,-0.96814764,294.1,815,8.65E+00
5778,0.99,-0.580702956,0.814115518,292.2,816,9.10E+00
5779,2.78,-0.692143174,0.721760228,288.6,816,8.97E+00
5780,1.32,-0.99317065,0.116670737,287,816,8.83E+00
5781,1.38,-0.346935652,-0.937888935,286.6,816,8.73E+00
5782,2.72,-0.493941867,-0.86949493,286.1,816,8.93E+00
5783,4.05,-0.63742399,-0.770513243,287.3,815,8.65E+00
5784,4.33,-0.689619544,-0.724171861,287.8,815,1.05E+01
5785,4.33,-0.489382452,-0.872069272,287.6,815,4.63E+00
5786,4.53,-0.15126082,-0.988493887,287.8,815,5.07E+00
5787,4.5,-0.09063258,-0.995884399,287.9,815,3.31E+00
5788,4.53,-0.372987783,-0.927836254,287.6,815,-2.12E+00
5789,4.57,-0.432085749,-0.901832526,287.1,815,2.53E+00
5790,4.23,-0.328866647,-0.94437637,288.2,815,1.43E+01
5791,2.88,-0.284015345,-0.958819735,292.6,815,1.42E+01
5792,3.05,-0.017452406,-0.999847695,294.6,816,5.99E+00
5793,5.56,-0.080198924,-0.996778878,295.6,816,1.24E+01
5794,6.14,-0.085416923,-0.996345296,296.4,815,6.24E+00
5795,5.96,-0.166768747,-0.985996037,296.8,815,6.12E+00
5796,6.3,-0.15126082,-0.988493887,298.2,815,1.33E+01
5797,6.58,-0.031410759,-0.99950656,299,815,8.46E+00
5798,6.57,0.029666244,-0.99955986,299.6,814,3.75E+00
5799,6.68,-0.346935652,-0.937888935,299.5,814,1.90E+00
5800,5.05,-0.455544907,-0.890212805,299.3,814,2.42E+00
5801,1.36,-0.64678978,-0.76266833,298,813,5.01E+00
5802,6.91,-0.040131793,-0.999194395,293.8,814,6.40E+00
5803,3.93,-0.224951054,-0.974370065,292.1,814,6.79E+00
5804,3.52,-0.725374371,-0.688354576,291,813,9.20E+00
5805,3.74,-0.315649037,-0.948876012,289.9,813,1.08E+01
5806,3.64,-0.506033764,-0.862513669,290.6,813,1.10E+01
5807,3.64,-0.638767818,-0.769399555,291,813,1.19E+01
5808,4.11,-0.64278761,-0.766044443,289.8,813,8.86E+00
5809,4.28,-0.080198924,-0.996778878,289.5,812,6.38E+00
5810,4.51,0.596224875,-0.802817475,288.2,812,-1.35E+01
5811,4.59,0.566406237,-0.824126189,287.3,812,9.58E+00
5812,4.95,0.752414909,-0.65868946,287.3,813,1.13E+01
5813,3.59,0.38912395,-0.921185406,285.6,813,9.81E+00
5814,2.69,0.728968627,-0.684547106,286.6,813,1.13E+01
5815,1.34,0.992757342,0.120136839,289.7,813,1.44E+01
5816,1.41,0.957822495,-0.28736052,291.5,814,3.49E+00
5817,2.55,0.780430407,-0.625242656,293.5,814,2.06E+00
5818,1.79,0.891006524,-0.4539905,294.2,814,-4.05E+00
5819,1.78,0.702153053,-0.712026046,295,814,-3.04E+00
5820,0.6,0.913545458,0.406736643,295.5,815,-1.27E+00
5821,3.95,0.5,0.866025404,292.9,815,-6.44E-01
5822,2.52,0.463296035,0.886203579,293.4,814,-5.34E+00
5823,3.08,0.858959897,0.512042865,293.2,814,-6.41E+00
5824,3.13,0.956304756,0.292371705,292.7,814,-3.09E+00
5825,3.96,0.871213811,0.490903754,291.3,813,5.60E-01
5826,3.17,0.036643709,0.999328394,289.7,814,-3.07E-01
5827,1.61,-0.949972052,-0.312334919,286.9,815,2.64E+00
5828,2.19,-0.885393626,-0.464842046,286.2,815,3.83E+00
5829,1.23,0.282341457,-0.959313975,286,816,2.94E+00
5830,1.88,0.85536426,-0.518027009,285.5,815,-3.38E-01
5831,3.02,0.799684658,-0.600420225,285,816,-1.54E+00
5832,2.92,0.633380873,-0.77384021,284.2,816,-1.32E+00
5833,0.49,-0.904827052,0.425779292,284.4,816,-9.25E+00
5834,0.63,0.343659695,-0.939094252,284.3,816,-3.65E+00
5835,1.66,-0.939094252,-0.343659695,284.4,816,-1.47E+00
5836,1.6,-0.885393626,-0.464842046,284.6,817,-3.64E-01
5837,2.01,-0.763796029,-0.645457688,284.5,816,6.83E+00
5838,1.13,-0.368124553,-0.929776486,285,816,1.35E+01
5839,2.26,-0.54317445,0.839619865,286.7,817,1.24E+01
5840,2.18,-0.866025404,0.5,287.7,817,8.32E+00
5841,3.36,-0.889416373,0.457097927,289.8,817,9.08E+00
5842,4.12,-0.928485827,0.371367836,291.3,816,1.37E+01
5843,4.9,-0.919135339,0.39394191,292.3,817,1.28E+01
5844,5.08,-0.893371388,0.449318999,292.7,817,1.37E+01
5845,4.92,-0.948323655,0.317304656,293.2,816,1.34E+01
5846,5.02,-0.939094252,0.343659695,293.7,815,1.99E+00
5847,4.16,-0.997684279,0.068015291,294.3,815,-4.21E+00
5848,3.56,-0.994337944,-0.106264071,294.5,814,-9.36E+00
5849,4.34,-0.86949493,-0.493941867,294.8,812,-9.12E+00
5850,1.8,-0.992114701,-0.125333234,292.5,813,-8.16E+00
5851,2.22,-0.886203579,-0.463296035,289.2,813,-6.33E+00
5852,3.11,0.104528463,-0.994521895,288.3,813,-1.86E+00
5853,5.36,0.859852272,-0.510542918,289.1,813,4.64E-01
5854,5.37,0.924546034,-0.381070376,288.1,814,3.30E+00
5855,2.77,0.803856861,-0.594822787,285.3,814,4.07E+00
5856,1.89,-0.204496052,-0.978867389,284.6,815,5.10E+00
5857,3.11,0.820151876,-0.572145873,284.3,815,-2.97E+00
5858,1.65,0.877146164,-0.480223497,283.2,815,-3.54E+00
5859,1.82,0.231747903,-0.972775878,282.3,816,-2.98E+00
5860,2.18,-0.734914595,0.67815967,281.7,817,-3.76E+00
5861,1.48,0.125333234,-0.992114701,280.8,817,1.31E-01
5862,2.28,0.970295726,-0.241921896,281.6,818,1.06E+01
5863,2.22,0.89571176,0.444635179,283.7,818,4.67E+00
5864,2.31,0.422618262,0.906307787,285.5,819,4.00E+00
5865,2.04,0.490903754,0.871213811,287.3,819,4.03E+00
5866,2.21,-0.045362988,0.99897057,289.2,819,6.23E+00
5867,2.46,-0.041875654,0.99912283,290.5,819,9.03E+00
5868,2.95,-0.123601477,0.992331938,291.7,819,1.38E+01
5869,3.74,-0.22835087,0.973578903,292.2,818,1.25E+01
5870,4.05,-0.173648178,0.984807753,292.3,818,-3.13E+00
5871,3.99,-0.36325123,0.931691228,292.3,818,-1.29E+01
5872,4.48,-0.510542918,0.859852272,291.9,818,-1.29E+01
5873,3.78,-0.522498565,0.852640164,291.1,816,-1.20E+01
5874,2.13,-0.745476,0.66653247,288.6,817,-1.23E+01
5875,1.69,-0.830012285,0.557745109,285.4,818,-6.84E+00
5876,1.32,-0.088894297,-0.996041065,284.8,818,-5.53E+00
5877,1.5,-0.085416923,-0.996345296,284.5,818,-2.87E+00
5878,2.32,-0.101056297,-0.994880709,284.1,818,-1.61E+00
5879,2.92,-0.045362988,-0.99897057,283.8,818,-1.16E+00
5880,3.12,0.304033061,-0.952661481,283.8,818,-1.67E+00
5881,3.22,0.277314653,-0.960779154,283.7,818,-1.51E+00
5882,3.47,-0.092370587,-0.995724698,284.3,818,-2.39E+00
5883,4.09,-0.75011107,-0.661311865,286.1,817,-2.92E+00
5884,3.63,-0.796529918,-0.604599115,285.7,818,-4.09E+00
5885,4.54,-0.768283524,-0.640109699,286.4,817,-6.94E+00
5886,4.92,-0.751264134,-0.660001668,287.3,817,-9.12E+00
5887,4.51,-0.840566603,-0.54170821,289.8,817,-1.08E+01
5888,5.34,-0.943222658,-0.332161132,292,818,-9.25E+00
5889,5.82,-0.948323655,-0.317304656,293.4,817,-9.67E+00
5890,5.71,-0.964557418,-0.26387305,294.8,817,-1.09E+01
5891,6.13,-0.981627183,-0.190808995,295.4,817,-1.17E+01
5892,5.97,-0.979924705,-0.199367934,296.9,817,-9.28E+00
5893,5.88,-0.974370065,-0.224951054,297.4,816,-8.33E+00
5894,5.96,-0.929776486,-0.368124553,297.3,816,-7.08E+00
5895,4.78,-0.932953535,-0.359996808,297,815,-7.43E+00
5896,4.75,-0.887815385,-0.460199785,297.4,816,-8.50E+00
5897,4.93,-0.999390827,-0.034899497,296.2,813,-2.55E+00
5898,2.21,-0.994880709,0.101056297,293.2,814,2.78E-01
5899,3.94,-0.958322574,-0.285688367,291.9,814,3.83E+00
5900,4.27,-0.86162916,-0.507538363,291.2,814,5.13E+00
5901,4.96,-0.928485827,-0.371367836,291.3,814,6.19E+00
5902,5.59,-0.868631514,-0.495458668,290.9,814,8.02E+00
5903,6.1,-0.823136369,-0.567843745,290.4,815,6.18E+00
5904,5.04,-0.733729865,-0.679441304,289.6,815,-3.13E+00
5905,4.11,0.272280247,-0.962217994,287.7,815,-3.59E+00
5906,4.13,0.083677843,-0.996492859,287.9,815,-3.60E+00
5907,3.31,0.684547106,-0.728968627,286.3,816,-5.47E+00
5908,4.06,0.901077021,-0.433659085,286.9,816,-1.77E+00
5909,4.28,0.914253955,-0.405141587,285.2,816,6.70E+00
5910,3.38,0.9952274,-0.0975829,285.4,817,1.24E+01
5911,3.23,0.992546152,0.121869343,287,817,1.37E+01
5912,3.38,0.852640164,0.522498565,288.6,818,7.65E+00
5913,3.99,0.881303452,0.472550765,289.8,818,1.63E+00
5914,4.34,0.851726934,0.523985906,290.8,819,1.14E+01
5915,4.63,0.812083527,0.583541211,290.9,819,8.36E+00
5916,4.48,0.822144041,0.569279523,291.1,819,6.10E+00
5917,4.42,0.771624583,0.63607822,291.3,819,5.07E+00
5918,4.54,0.734914595,0.67815967,291.5,819,3.63E+00
5919,4.84,0.674302388,0.738455341,291.1,819,3.10E+00
5920,4.42,0.645457688,0.763796029,290.5,820,-5.55E-02
5921,4.06,0.70463421,0.709570737,288.2,819,-9.62E-01
5922,3.34,0.600420225,0.799684658,286.4,819,-2.38E+00
5923,2.58,0.670426619,0.741975841,283.8,821,-4.44E+00
5924,2.7,0.86162916,0.507538363,283,821,-4.40E+00
5925,2.26,0.76266833,0.64678978,282,821,-6.54E+00
5926,2.38,0.702153053,0.712026046,281.4,821,-6.30E+00
5927,1.68,0.772733573,0.634730513,280.9,822,-5.53E+00
5928,2.15,0.829037573,0.559192903,280.2,823,-7.26E+00
5929,2.23,0.85536426,0.518027009,279.5,822,-1.08E+01
5930,2.21,0.243615012,0.969872015,281.5,822,-4.31E+00
5931,0.89,0.76266833,0.64678978,279.3,822,4.88E-02
5932,0.58,-0.199367934,0.979924705,278.8,823,3.99E+00
5933,0.28,0.99074784,-0.135715572,278.5,824,1.97E+00
5934,1.06,-0.981627183,0.190808995,279,824,7.33E+00
5935,1.74,-0.29570805,0.955278362,281.3,824,2.33E+00
5936,2.38,-0.277314653,0.960779154,282.9,825,-5.32E+00
5937,2.66,-0.309016994,0.951056516,284.5,825,-3.02E+00
5938,2.81,-0.432085749,0.901832526,286.1,825,-6.97E+00
5939,3.05,-0.320612991,0.947210278,287.8,825,-7.22E+00
5940,4.29,-0.351841648,0.936059536,288.7,825,2.38E+00
5941,3.98,-0.414693243,0.909961271,289.1,825,1.74E-01
5942,4.39,-0.516533329,0.856267085,289.4,824,-9.15E+00
5943,4.62,-0.525471651,0.850811109,289.3,824,-9.53E+00
5944,4.57,-0.512042865,0.858959897,288.9,824,-8.86E+00
5945,4.59,-0.86162916,0.507538363,289.8,823,-7.33E+00
5946,2.54,-0.863395551,0.504527624,288,824,-5.69E+00
5947,1.32,-0.523985906,0.851726934,285.7,824,-4.86E+00
5948,0.28,0.873772223,0.48633538,285.4,824,-4.34E+00
5949,0.8,0.952661481,-0.304033061,284.8,824,-5.31E+00
5950,0.63,-0.047106451,-0.998889875,284.4,824,-4.31E+00
5951,2.44,0.083677843,-0.996492859,283.8,824,-3.67E+00
5952,1.49,-0.513541252,-0.858064906,284.1,825,-2.64E+00
5953,5.85,-0.875464527,-0.483282383,286.3,824,-2.33E+00
5954,7.8,-0.790155012,-0.612907054,286.5,824,-3.64E+00
5955,8.09,-0.788010754,-0.615661475,286.3,824,-4.61E+00
5956,7.33,-0.722967146,-0.690882411,286.1,824,-7.05E+00
5957,7.45,-0.716910608,-0.697165103,286,823,-4.60E+00
5958,7.76,-0.687087511,-0.726574671,286.3,823,-4.97E+00
5959,8.2,-0.700909264,-0.713250449,287.6,823,-2.34E+00
5960,8.28,-0.715692734,-0.698415285,289.3,824,-1.09E+01
5961,8.04,-0.728968627,-0.684547106,290.9,824,-1.06E+01
5962,8.08,-0.77384021,-0.633380873,292.7,823,-8.36E+00
5963,7.73,-0.817144898,-0.576432316,294,823,-9.08E+00
5964,6.3,-0.860742027,-0.509041416,294.5,823,-1.02E+01
5965,5.75,-0.886203579,-0.463296035,295,823,-9.33E+00
5966,4.84,-0.907044014,-0.421035813,295.3,823,-1.05E+01
5967,4.23,-0.953716951,-0.3007058,295.6,822,-9.85E+00
5968,3.55,-0.962691746,-0.270600446,295.6,822,2.31E-01
5969,4.4,-0.942641491,-0.333806859,292.8,822,8.02E-01
5970,2.43,-0.953190668,-0.302369891,290.5,822,3.05E+00
5971,2.59,-0.525471651,-0.850811109,288.6,823,5.15E+00
5972,3.41,-0.814115518,-0.580702956,287.8,823,5.51E+00
5973,3.92,-0.783693457,-0.62114778,288,822,4.95E+00
5974,5.06,-0.812083527,-0.583541211,288,822,3.19E+00
5975,4.66,-0.823136369,-0.567843745,287.8,823,1.10E+00
5976,4.85,-0.715692734,-0.698415285,287,823,-3.79E+00
5977,4.99,-0.683273774,-0.730162277,286.6,823,-7.73E+00
5978,4.43,-0.622514637,-0.782608157,286,823,-3.02E+00
5979,4.73,-0.597625147,-0.801775644,285.8,823,-1.76E+00
5980,4.78,-0.54317445,-0.839619865,285.1,823,-3.08E+00
5981,4.6,-0.504527624,-0.863395551,284.8,822,-1.28E+00
5982,4.28,-0.472550765,-0.881303452,285.3,822,8.38E+00
5983,3.56,-0.592013179,-0.805928282,288.2,822,3.63E+00
5984,3.01,-0.799684658,-0.600420225,290.4,823,7.11E+00
5985,2.43,-0.902585284,-0.430511097,292,823,4.24E+00
5986,2.83,-0.917060074,-0.398749069,293.3,822,7.86E+00
5987,2.65,-0.974761194,-0.223250116,294.2,822,1.11E+01
5988,3.18,-0.980955155,-0.194234351,294.8,822,1.01E+01
5989,3.19,-0.957822495,-0.28736052,295.2,822,7.88E+00
5990,2.72,-0.983571471,-0.180519145,295.5,821,1.25E+00
5991,2.56,-0.999390827,0.034899497,295.7,821,3.90E+00
5992,3.39,-0.922538089,0.385906042,295.4,821,7.24E+00
5993,3.78,-0.862513669,0.506033764,294.4,821,4.88E+00
5994,3.05,-0.887815385,0.460199785,291,821,4.53E+00
5995,2.9,-0.947210278,-0.320612991,288.2,821,4.76E+00
5996,3.24,-0.783693457,-0.62114778,287.7,822,4.85E+00
5997,3.4,-0.777145961,-0.629320391,287.2,821,3.18E+00
5998,3.81,-0.81613759,-0.577857624,287,821,1.53E+00
5999,4.32,-0.789084085,-0.6142852,286.6,821,-2.88E-01
6000,4.37,-0.799684658,-0.600420225,286.2,821,-4.33E+00
6001,4.75,-0.756995056,-0.653420604,285.8,820,-7.64E+00
6002,5.22,-0.726574671,-0.687087511,285.6,820,-1.04E+01
6003,5.03,-0.728968627,-0.684547106,285.4,819,-9.76E+00
6004,5.15,-0.707106781,-0.707106781,285.4,819,-2.34E+00
6005,5.73,-0.679441304,-0.733729865,285.4,818,-2.61E+00
6006,5.97,-0.702153053,-0.712026046,285.9,818,-1.42E+00
6007,5.96,-0.725374371,-0.688354576,288.2,818,2.53E+00
6008,6.27,-0.781520472,-0.623879597,290.7,818,1.22E+00
6009,6.19,-0.822144041,-0.569279523,292.6,818,2.83E+00
6010,5.6,-0.870355696,-0.49242356,294.2,817,4.37E+00
6011,5.42,-0.873772223,-0.48633538,295,817,3.97E+00
6012,5.51,-0.844327926,-0.535826795,295.8,817,4.69E+00
6013,5.33,-0.898027576,-0.43993917,296.1,816,3.93E+00
6014,4.94,-0.894934362,-0.446197813,296.6,816,-2.71E+00
6015,3.91,-0.901832526,-0.432085749,297.1,815,-2.13E+00
6016,3.05,-0.936672189,-0.350207381,297.2,815,-2.92E+00
6017,3.93,-0.996345296,-0.085416923,288.9,813,1.82E-01
6018,2.68,0.999742609,-0.022687334,286.9,815,3.14E+00
6019,1.95,-0.65868946,0.752414909,286.4,816,6.32E+00
6020,3.48,-0.992114701,-0.125333234,286.2,815,7.33E+00
6021,4.44,-0.873772223,-0.48633538,286.7,814,7.57E+00
6022,5.28,-0.889416373,-0.457097927,287.9,814,6.19E+00
6023,4.99,-0.736097087,-0.67687597,286.4,814,2.66E+00
6024,6.14,-0.75011107,-0.661311865,286.2,814,8.00E+00
6025,5.42,-0.627963058,-0.778243149,285.8,813,4.58E+00
6026,4.45,-0.529919264,-0.848048096,285.5,814,-4.50E+00
6027,4.82,-0.401947777,-0.915662593,285.9,813,2.12E+00
6028,4.69,-0.403545296,-0.914959668,285.9,814,1.71E+00
6029,4.55,-0.258819045,-0.965925826,285.6,813,1.38E+00
6030,3.95,-0.253757945,-0.967267753,286.2,813,-6.96E+00
6031,2.51,-0.464842046,-0.885393626,289.7,813,1.38E+00
6032,1.4,-0.144356201,-0.989525789,292.5,814,7.88E+00
6033,1.9,0.579281172,-0.815127796,293.7,814,1.04E+01
6034,1.53,0.741975841,-0.670426619,294.2,814,1.04E+01
6035,1.59,0.673012514,-0.739631095,295,814,1.10E+01
6036,2.11,0.693401828,-0.720551112,295.8,814,8.44E+00
6037,1.22,0.870355696,0.49242356,295.5,814,6.06E+00
6038,2.67,0.284015345,0.958819735,294.2,814,4.77E+00
6039,3.42,-0.526955795,0.849892693,291.8,814,3.29E+00
6040,1.65,0.594822787,0.803856861,292.8,815,1.11E+00
6041,1.17,0.934204474,0.356737999,291.6,814,1.03E+00
6042,2.45,0.815127796,-0.579281172,289.7,814,6.26E-01
6043,3.21,0.718126298,-0.695912797,288.4,814,1.67E+00
6044,3.03,0.786935022,-0.617035875,287.3,815,4.91E+00
6045,3.21,0.741975841,-0.670426619,287,815,3.41E+00
6046,3.29,0.799684658,-0.600420225,286.6,815,1.00E+00
6047,3.62,0.731353702,-0.68199836,286.6,816,6.77E-02
6048,3.35,0.720551112,-0.693401828,285.7,816,-7.11E-01
6049,3.06,0.538770785,-0.842452397,284.6,816,-5.06E-01
6050,2.22,0.683273774,-0.730162277,284.8,816,2.42E+00
6051,1.52,0.216439614,-0.976296007,284.8,816,4.19E-01
6052,2.8,-0.277314653,-0.960779154,284.4,816,3.95E+00
6053,2.8,-0.095845753,-0.995396198,284.5,815,5.18E+00
6054,2.76,-0.560638995,-0.828060335,284.9,815,7.26E+00
6055,1.58,-0.599023599,-0.800731371,289.2,816,7.59E+00
6056,1.57,-0.987136265,-0.159881188,291.7,816,6.00E+00
6057,2.52,-0.830984469,-0.556295616,293.1,816,5.82E+00
6058,2.47,-0.85445883,-0.519519112,294.1,816,4.45E+00
6059,3.31,-0.866896749,-0.49848774,295.1,815,1.08E+01
6060,4.02,-0.824126189,-0.566406237,295.7,816,1.46E+01
6061,4.87,-0.795473481,-0.6059884,296.1,815,1.25E+01
6062,5.25,-0.85536426,-0.518027009,296.3,814,9.46E+00
6063,4.81,-0.799684658,-0.600420225,296.4,814,9.64E+00
6064,4.69,-0.940288127,-0.34037955,296.2,814,6.86E+00
6065,3.74,-0.999986292,0.005235964,295.3,812,6.35E+00
6066,2.05,-0.815127796,0.579281172,291.3,813,4.06E+00
6067,3.47,-0.351841648,-0.936059536,289.5,812,2.28E+00
6068,5.01,-0.996637387,0.081938509,291,813,3.52E+00
6069,4.03,-0.956304756,-0.292371705,289.5,812,2.53E+00
6070,3.89,-0.830984469,-0.556295616,288.8,812,3.22E-01
6071,4.8,-0.833885822,-0.551936985,290,811,-2.63E-02
6072,4.67,-0.81004164,-0.586372357,289.8,811,3.36E-01
6073,4.33,-0.77384021,-0.633380873,289,811,6.52E-01
6074,4.49,-0.560638995,-0.828060335,288.6,810,2.55E-01
6075,4.65,-0.618408395,-0.785856893,288.2,810,3.38E+00
6076,4.6,-0.275637356,-0.961261696,287.9,811,6.04E+00
6077,4.36,0.080198924,-0.996778878,288.2,811,6.21E+00
6078,5.89,0.490903754,-0.871213811,287.3,811,1.12E+01
6079,5.69,0.755853469,-0.654740814,287.8,811,1.43E+01
6080,3.66,0.774944489,-0.632029303,288.7,813,1.33E+01
6081,2.77,0.935444031,-0.353474844,289.1,813,1.19E+01
6082,2.74,0.821149209,-0.570713568,290.5,813,-2.24E+00
6083,1.92,0.882947593,-0.469471563,292.9,813,-7.58E-02
6084,2.29,0.795473481,0.6059884,293,813,1.27E+01
6085,2.03,0.683273774,0.730162277,293.3,813,2.24E+00
6086,1.51,-0.0662739,0.997801468,295,812,-2.20E+00
6087,4.68,-0.856267085,0.516533329,296.4,812,-3.09E+00
6088,4.92,-0.1719291,0.985109326,293.2,813,-5.39E+00
6089,3.41,-0.087155743,0.996194698,292,813,-8.19E+00
6090,3.16,-0.05059294,0.998719357,289.4,813,-8.29E+00
6091,2.44,0.248689887,0.968583161,287.1,813,-8.27E+00
6092,0.82,0.180519145,0.983571471,286.8,813,2.12E+00
6093,2.32,-0.411514359,0.911403277,285.9,814,8.76E+00
6094,1.44,-0.073238197,0.997314477,285.4,813,7.71E+00
6095,1.01,-0.825113498,0.564967003,285.1,813,3.96E+00
6096,1.02,-0.661311865,0.75011107,284.6,814,1.11E+00
6097,1.13,0.724171861,-0.689619544,284,813,-1.84E+00
6098,0.85,0.990509463,-0.137444546,283.7,812,-4.92E-02
6099,1.23,0.563526049,-0.826098294,283,812,-1.71E+00
6100,1.94,-0.599023599,-0.800731371,283.3,812,-7.02E-03
6101,4.23,-0.080198924,-0.996778878,285.7,811,-2.53E-02
6102,4.48,-0.48480962,-0.874619707,287.8,811,3.72E-01
6103,3.51,-0.721760228,-0.692143174,292.6,811,-3.52E-01
6104,3.3,-0.75011107,-0.661311865,296.5,811,-5.46E-01
6105,3.06,-0.801775644,-0.597625147,298,811,-2.78E-01
6106,3.65,-0.813100761,-0.58212297,298.6,810,2.88E+00
6107,3.36,-0.853550797,-0.521009632,300.3,810,2.45E+00
6108,5.42,-0.748955721,-0.662620048,300.7,810,2.42E+00
6109,6.29,-0.688354576,-0.725374371,301.2,810,-1.25E+00
6110,7.23,-0.685818353,-0.727772758,301.3,809,-5.10E+00
6111,7.94,-0.61152704,-0.791223533,301.2,809,3.18E+00
6112,7.37,-0.656059029,-0.75470958,300.8,809,1.09E+01
6113,2.45,-0.81613759,0.577857624,299.3,809,8.13E+00
6114,3.68,-0.962217994,0.272280247,293.7,809,4.96E+00
6115,3.53,-0.449318999,-0.893371388,293.6,808,9.60E+00
6116,4.09,-0.997440783,0.071497444,293.1,809,1.07E+01
6117,3.12,-0.984807753,-0.173648178,291.1,809,1.09E+01
6118,3.5,-0.853550797,-0.521009632,290.5,810,1.07E+01
6119,3.49,-0.638767818,-0.769399555,288.9,809,1.17E+01
6120,4.22,-0.113203214,-0.993571856,289.3,810,7.40E+00
6121,4.77,0.458649554,-0.888617233,288.6,810,-3.43E+01
6122,3.99,0.737277337,-0.675590208,287.3,810,0.00E+00
6123,2.16,0.369746757,-0.929132572,285.3,811,0.00E+00
6124,3.24,-0.843391446,-0.537299608,284.8,812,0.00E+00
6125,3.09,-0.472550765,-0.881303452,284.5,812,0.00E+00
6126,1.48,0.238533458,-0.97113428,285.3,812,-6.34E+00
6127,0.77,0.245307386,-0.96944535,288.8,812,9.97E+00
6128,0.75,-0.36162457,0.932323801,291.2,813,2.43E+00
6129,1.98,-0.718126298,0.695912797,292.9,813,7.15E+00
6130,4.52,-0.907777479,-0.419452082,295.4,813,1.85E+00
6131,4.81,-0.828060335,-0.560638995,295.3,813,-2.38E+00
6132,5.16,-0.652098404,-0.758134336,295.9,813,2.62E+00
6133,6.97,-0.38912395,-0.921185406,296.9,812,8.83E+00
6134,6.48,-0.40833046,-0.912834177,296.8,812,-6.05E-01
6135,3.72,-0.243615012,-0.969872015,296.6,812,-7.44E-01
6136,3.38,-0.744311546,-0.667832555,297,813,7.39E+00
6137,4.04,-0.003490651,0.999993908,291.8,814,9.88E+00
6138,2.84,0.204496052,0.978867389,289,814,8.88E+00
6139,2.44,-0.055821505,0.998440764,287.1,814,5.36E+00
6140,1.11,0.589196357,0.807989884,286.4,815,9.81E+00
6141,2.37,-0.33545157,0.942057453,285.6,815,9.49E+00
6142,2.42,0.216439614,0.976296007,284.7,815,1.06E+01
6143,2.36,0.337095258,0.941470545,284.1,816,9.60E+00
6144,1.1,0.743144825,0.669130606,283.2,815,2.74E+00
6145,0.7,0.889416373,0.457097927,283.1,815,-2.71E+00
6146,1.28,0.993767919,-0.111468932,282.6,815,5.25E-01
6147,1.12,0.984195608,-0.17708474,282.4,816,4.34E+00
6148,0.5,-0.9952274,0.0975829,284.5,816,5.40E+00
6149,1.28,-0.801775644,-0.597625147,284.4,816,3.31E+00
6150,1.84,-0.284015345,-0.958819735,282.5,816,5.42E-01
6151,1.23,-0.684547106,-0.728968627,287.5,816,-4.11E+00
6152,1.48,-0.953716951,0.3007058,291.1,817,-2.04E+00
6153,1.64,-0.9547608,-0.297374874,293.6,817,8.56E+00
6154,2.95,-0.544639035,-0.838670568,294.9,816,1.24E+01
6155,3.09,-0.522498565,-0.852640164,295.4,817,1.33E+01
6156,2.93,-0.592013179,-0.805928282,296.1,817,1.35E+01
6157,3.86,-0.409923034,-0.912120116,296.5,817,1.31E+01
6158,3.58,-0.49848774,-0.866896749,296.6,817,6.60E+00
6159,3.11,-0.67815967,-0.734914595,296.6,817,2.85E+00
6160,3.7,-0.917754626,-0.397147891,296.5,817,2.35E+00
6161,1.68,-0.999742609,-0.022687334,295.1,816,6.51E+00
6162,2.98,-0.024432178,0.99970149,289.3,817,8.22E+00
6163,0.94,0.996345296,0.085416923,287.1,817,9.02E+00
6164,1.25,0.725374371,0.688354576,286.6,817,9.72E+00
6165,1.05,0.86162916,0.507538363,286,817,9.49E+00
6166,0.28,0.847121921,-0.53139858,286.6,817,7.93E+00
6167,0.56,0.996194698,0.087155743,287.1,817,2.34E+00
6168,1.58,0.834847863,0.55048074,286.6,818,2.71E+00
6169,1.68,0.79335334,0.608761429,286.2,817,4.09E+00
6170,1.26,0.752414909,0.65868946,285.9,817,3.43E+00
6171,1.38,0.48633538,0.873772223,286.2,817,1.00E+00
6172,0.96,0.829037573,0.559192903,286.3,817,1.99E-01
6173,0.98,0.809016994,0.587785252,285.6,817,9.62E+00
6174,3.65,-0.029666244,-0.99955986,286.4,817,7.70E+00
6175,3.86,-0.593418887,-0.804893797,292.3,817,-5.14E-01
6176,3.03,-0.705871571,-0.708339838,295.4,818,-1.71E+00
6177,2.88,-0.692143174,-0.721760228,297.4,817,2.00E+00
6178,2.88,-0.829037573,-0.559192903,298.6,817,2.92E+00
6179,2.99,-0.846193166,-0.532876276,299.4,817,7.77E+00
6180,3.06,-0.856267085,-0.516533329,299.8,817,8.17E+00
6181,3.51,-0.832921241,-0.553391549,300.1,817,1.12E+01
6182,3.78,-0.862513669,-0.506033764,300.1,816,5.62E+00
6183,3.98,-0.862513669,-0.506033764,299.9,815,4.96E+00
6184,3.56,-0.958819735,-0.284015345,299.9,815,6.33E+00
6185,2.93,-0.969872015,0.243615012,297.4,814,1.00E+01
6186,1.94,-0.940880769,0.33873792,292.3,814,1.02E+01
6187,3.1,-0.980271175,-0.19765734,291.1,814,8.35E+00
6188,4.24,-0.99950656,-0.031410759,292.4,814,6.12E+00
6189,6.47,-0.999657325,-0.026176948,294.2,814,7.08E+00
6190,7.14,-0.997915618,-0.064532308,293.8,814,4.24E+00
6191,7.03,-0.996637387,-0.081938509,293.3,813,7.44E+00
6192,5.72,-0.940880769,-0.33873792,292.1,814,-2.72E+00
6193,4.62,-0.865151421,-0.501510737,290.8,814,-1.30E+01
6194,4.57,-0.831954122,-0.554844427,290.9,813,-2.22E+01
6195,2.63,-0.769399555,-0.638767818,288.1,813,-2.25E+01
6196,1.44,-0.984807753,0.173648178,287.8,814,5.07E+00
6197,3.82,-0.710799474,0.703394703,287.3,814,5.85E+00
6198,3.3,-0.307356618,0.951594404,287.3,814,-1.45E+01
6199,0.46,-0.846193166,0.532876276,292.2,815,-7.74E+00
6200,1.77,0.201077921,-0.97957525,294.7,815,9.86E-01
6201,2.52,0.724171861,-0.689619544,295.1,815,2.18E+00
6202,2.1,0.972775878,-0.231747903,296,815,2.79E+00
6203,1.78,0.868631514,-0.495458668,297,816,5.58E+00
6204,2.23,0.458649554,-0.888617233,297.8,816,6.47E+00
6205,2.62,-0.0662739,-0.997801468,298.3,816,-1.35E+01
6206,3.12,-0.68199836,-0.731353702,298.6,816,-1.12E+01
6207,1.08,-0.796529918,-0.604599115,298.6,815,-1.35E+01
6208,5.25,-0.401947777,0.915662593,296,816,-1.19E+01
6209,4.12,-0.419452082,0.907777479,293.2,815,-4.71E+00
6210,2.98,-0.218143241,0.975916762,290.2,815,1.13E-01
6211,2.03,-0.603207988,0.797583929,288.3,815,2.24E+00
6212,2.23,-0.752414909,0.65868946,287.5,815,3.05E+00
6213,1.07,-0.67687597,0.736097087,287.6,815,3.53E+00
6214,2.75,-0.54024032,0.841510782,288.4,815,2.77E+00
6215,3.34,-0.102792537,0.994702817,287.4,815,4.81E+00
6216,2.99,0.907044014,0.421035813,286.2,815,2.81E+00
6217,2.85,0.965925826,-0.258819045,286,815,3.83E+00
6218,2.44,0.983571471,0.180519145,285.6,815,1.99E+00
6219,1.58,0.996917334,0.078459096,284.5,815,7.93E-01
6220,3.98,-0.118403968,-0.992965508,286,815,-7.15E-01
6221,4.83,-0.724171861,-0.689619544,288,814,-3.66E+00
6222,4.6,-0.583541211,-0.812083527,287.5,815,-6.52E+00
6223,4.9,-0.353474844,-0.935444031,291.2,815,-8.73E+00
6224,5.2,0.064532308,-0.997915618,293.9,816,-8.45E+00
6225,5.03,-0.113203214,-0.993571856,296.5,816,-6.52E+00
6226,4.26,-0.245307386,-0.96944535,297,816,4.60E+00
6227,4.07,-0.123601477,-0.992331938,297.3,816,5.28E+00
6228,3.89,-0.211324796,-0.977415894,297.9,816,9.50E+00
6229,3.36,-0.189095443,-0.981958713,298,816,1.21E+01
6230,3.34,-0.64278761,-0.766044443,297.9,816,4.13E+00
6231,3.82,-0.320612991,0.947210278,296.6,816,1.69E+00
6232,3.81,0.140901232,0.990023658,294.5,817,2.53E+00
6233,3.52,-0.076719028,0.997052752,292.2,815,2.52E+00
6234,3.22,0.292371705,0.956304756,289.4,816,1.99E+00
6235,2.14,0.054078813,0.99853667,287.2,816,4.89E-01
6236,1.91,-0.170209499,0.985407898,286.1,816,-1.58E+00
6237,0.74,0.305695305,-0.952129393,285.4,816,-2.14E+00
6238,0.66,-0.06279052,-0.998026728,285,816,1.33E+00
6239,1.78,0.535826795,0.844327926,284.8,816,3.39E+00
6240,2.46,-0.390731128,0.920504853,285.1,817,2.65E+00
6241,2.45,0.525471651,0.850811109,284.8,816,3.46E+00
6242,2.18,0.993372766,0.11493715,283.3,816,2.08E+00
6243,0.73,-0.5,-0.866025404,283.6,815,1.18E+00
6244,0.28,0.178802215,0.983885038,283.1,816,5.71E-01
6245,0.46,-0.325568154,0.945518576,283.4,815,-5.01E-03
6246,0.92,-0.218143241,0.975916762,283.5,815,-9.09E-01
6247,0.82,-0.966376079,0.257132793,283.5,815,-4.85E-01
6248,1.96,0.001745328,0.999998477,285.7,816,-1.28E+00
6249,2.82,-0.455544907,0.890212805,287.6,815,-3.09E-01
6250,2.61,-0.584957675,0.811063819,289.5,815,-1.22E+00
6251,1.85,-0.996917334,-0.078459096,294.3,814,-2.68E+00
6252,1.82,-0.929776486,0.368124553,295.9,814,-8.99E-01
6253,2.92,-0.919821497,-0.392337117,296.9,813,-8.39E-01
6254,3.57,-0.751264134,-0.660001668,297.8,812,-8.68E-01
6255,3.96,-0.751264134,-0.660001668,297.8,811,-1.26E+00
6256,2.1,-0.786935022,0.617035875,295.8,812,-2.00E+00
6257,2.64,-0.275637356,0.961261696,288.5,813,-3.42E+00
6258,4.39,-0.759271307,0.650774217,286.4,813,-4.04E+00
6259,5.54,-0.901832526,0.432085749,284.9,814,-4.48E+00
6260,1.68,-0.981627183,0.190808995,284.3,813,-4.90E+00
6261,1.91,0.083677843,-0.996492859,284.2,813,-5.18E+00
6262,3.18,0.080198924,0.996778878,283.9,813,-5.61E+00
6263,3.12,-0.526955795,0.849892693,284.3,813,-6.71E+00
6264,2.14,-0.092370587,0.995724698,284.1,813,-6.65E+00
6265,1.28,0.322265695,0.94664926,284,813,-7.75E+00
6266,1.03,-0.996637387,-0.081938509,284.5,812,-9.00E+00
6267,0.87,0.213030386,0.977045574,284.9,812,-1.08E+01
6268,2,0.297374874,0.9547608,285.1,811,-1.31E+01
6269,2.86,0.653420604,0.756995056,284.5,812,-1.56E+01
6270,2.3,0.294040325,0.955793015,283,812,-2.05E+01
6271,0.79,0.99912283,0.041875654,283.4,813,-2.29E+01
6272,1.04,0.398749069,0.917060074,284.2,813,-2.36E+01
6273,1.52,0.146083029,0.989272333,284.7,814,-1.77E+01
6274,2.24,0.275637356,0.961261696,285,813,-1.63E+01
6275,2.24,0.159881188,0.987136265,285.5,814,-6.92E+00
6276,3.15,0.173648178,0.984807753,285.9,814,-1.64E+01
6277,3.24,0.221548498,0.975149354,285.8,814,-1.77E+01
6278,3.58,0.250380004,0.96814764,285.6,813,-1.18E+01
6279,3.6,0.224951054,0.974370065,285.3,813,-1.56E+01
6280,4.21,0.260504509,0.965472631,285.3,813,-1.12E+01
6281,3.19,0.147809411,0.989015863,284,814,-1.32E+01
6282,3.46,0.118403968,0.992965508,283.5,814,-5.74E+00
6283,2.71,-0.068015291,0.997684279,283.3,815,-3.66E+00
6284,4.05,0.163325962,0.986572162,283,814,-4.43E+00
6285,3.7,0.102792537,0.994702817,282.6,814,-5.35E+00
6286,2.87,0.175366726,0.98450318,282.2,813,-1.20E+01
6287,3.61,0.033155178,0.999450216,282.1,813,-1.42E+01
6288,3.06,0.06104854,0.998134798,281.7,812,-1.98E+01
6289,2.88,0.121869343,0.992546152,281.5,811,-1.61E+01
6290,1.46,0.455544907,0.890212805,281.5,811,-1.35E+01
6291,0.28,0.078459096,0.996917334,281.6,810,-9.25E+00
6292,1.55,-0.501510737,0.865151421,281.9,809,-7.29E+00
6293,1.21,-0.031410759,0.99950656,282.1,808,-3.77E+00
6294,1.46,-0.139173101,0.990268069,282.4,808,-6.23E+00
6295,0.85,0.135715572,0.99074784,282.7,807,-8.49E+00
6296,1.46,-0.949972052,-0.312334919,284.8,807,-1.03E+01
6297,2.42,-0.917754626,-0.397147891,286,807,-9.58E+00
6298,3.19,-0.654740814,-0.755853469,286.7,807,-9.88E+00
6299,5.45,-0.166768747,-0.985996037,287.7,807,-9.65E+00
6300,3.82,0.376224263,-0.926528631,288.1,807,-9.02E+00
6301,5.21,0.452434709,-0.89179753,288.9,807,-8.61E+00
6302,6.04,0.424199423,-0.905568799,289.2,807,-8.83E+00
6303,6.43,0.4539905,-0.891006524,288.5,808,-8.57E+00
6304,8.34,0.398749069,-0.917060074,287.3,809,-9.04E+00
6305,8.04,0.460199785,-0.887815385,282.5,811,-7.06E+00
6306,6.15,0.460199785,-0.887815385,281.5,812,9.29E+00
6307,6.1,0.513541252,-0.858064906,280.8,813,6.40E+00
6308,4.12,0.458649554,-0.888617233,279.7,814,3.54E+00
6309,3.17,0.353474844,-0.935444031,278.7,814,4.06E+00
6310,4.8,0.559192903,-0.829037573,278.4,814,5.31E-01
6311,5.2,0.547563223,-0.836764313,277.9,815,-5.47E+00
6312,6.24,0.596224875,-0.802817475,277.7,816,-9.00E+00
6313,5.48,0.652098404,-0.758134336,276.8,816,-1.54E+01
6314,0.44,0.566406237,-0.824126189,274.9,817,1.05E+00
6315,2.68,-0.999847695,-0.017452406,274.2,818,1.13E+01
6316,1.56,-0.62114778,-0.783693457,274.4,818,1.43E+01
6317,1.28,-0.96770917,-0.252069358,274.9,819,1.20E+01
6318,4.38,-0.909961271,0.414693243,275.9,820,3.44E+00
6319,2.78,0.221548498,-0.975149354,279,820,0.00E+00
6320,0.95,0.377840787,-0.925870585,281.8,822,-7.93E+00
6321,0.59,-0.213030386,-0.977045574,283.4,822,-2.41E-01
6322,1.8,-0.043619387,-0.999048222,285,821,2.69E+00
6323,2.53,-0.09931975,-0.99505557,286.2,821,-2.87E+00
6324,3.48,-0.535826795,-0.844327926,286.9,821,1.42E+01
6325,4.7,-0.630675807,-0.776046407,287.3,821,1.44E+01
6326,4.96,-0.656059029,-0.75470958,288.4,820,3.01E+00
6327,4.56,-0.626603811,-0.779337965,289.1,820,6.96E+00
6328,4.73,-0.743144825,-0.669130606,289.7,820,1.81E+00
6329,3.92,-0.966376079,-0.257132793,286,819,3.01E+00
6330,3.16,-0.589196357,-0.807989884,283,819,7.80E+00
6331,4.31,-0.919135339,-0.39394191,283.4,819,6.75E+00
6332,4.75,-0.933580426,-0.35836795,284.2,820,4.83E+00
6333,4.9,-0.891006524,-0.4539905,284,819,3.63E+00
6334,6.19,-0.94664926,-0.322265695,284.7,819,3.02E+00
6335,5.87,-0.912120116,-0.409923034,284.4,819,3.21E+00
6336,6.19,-0.882126866,-0.471011881,284.5,819,1.26E+00
6337,5.54,-0.693401828,-0.720551112,284,818,-2.41E+00
6338,5.09,-0.529919264,-0.848048096,283.8,818,-2.30E+00
6339,4.85,-0.425779292,-0.904827052,283.6,818,-4.70E-01
6340,4.8,-0.371367836,-0.928485827,283.7,818,-1.60E+00
6341,4.75,-0.409923034,-0.912120116,283.6,817,-9.40E+00
6342,4.72,-0.444635179,-0.89571176,283.7,817,-1.58E+00
6343,4.1,-0.447759088,-0.894154237,288.1,817,3.20E+00
6344,4.77,-0.243615012,-0.969872015,291.1,818,3.51E+00
6345,6.64,-0.250380004,-0.96814764,292,818,9.11E+00
6346,7.13,-0.199367934,-0.979924705,292.9,817,1.21E+01
6347,5.11,-0.088894297,-0.996041065,294,817,7.12E+00
6348,4.59,0.074978727,-0.997185134,294.9,817,9.53E-02
6349,4.51,-0.01396218,-0.999902524,295,817,-2.81E+00
6350,4.3,0.069756474,-0.99756405,295.4,816,-2.88E+00
6351,3.33,0.017452406,-0.999847695,295.6,816,-8.63E-01
6352,1.2,0.348572047,-0.937281989,295.7,816,-2.59E+00
6353,1.05,-0.689619544,-0.724171861,293.4,814,-2.56E+00
6354,1.49,-0.516533329,-0.856267085,290.1,815,3.17E+00
6355,3.73,0.372987783,-0.927836254,288,815,4.50E+00
6356,3.25,0.805928282,-0.592013179,287.2,814,1.87E+00
6357,1.74,-0.121869343,-0.992546152,287.3,814,3.12E+00
6358,3.91,-0.619779032,-0.784776371,286.5,814,5.80E+00
6359,4.39,-0.649448048,-0.760405966,286.9,814,7.95E+00
6360,4.36,-0.534352349,-0.845261833,286.2,814,4.48E+00
6361,4.6,-0.003490651,-0.999993908,286.7,813,1.30E+01
6362,4.63,0.003490651,-0.999993908,286.7,813,1.26E+01
6363,4.71,-0.265556117,-0.964095404,286.7,813,1.45E+01
6364,4.79,-0.156434465,-0.987688341,286.9,813,1.06E+01
6365,4.84,0.06279052,-0.998026728,287.4,813,1.28E+01
6366,4.74,0.146083029,-0.989272333,287,813,5.91E+00
6367,2.68,-0.299040792,-0.954240329,289.8,813,3.00E+00
6368,2.61,-0.626603811,-0.779337965,294.3,813,1.45E+01
6369,5.94,-0.538770785,-0.842452397,296.1,813,1.46E+01
6370,6.95,-0.518027009,-0.85536426,296.5,812,9.53E+00
6371,7.04,-0.600420225,-0.799684658,296.8,812,1.37E+01
6372,8.96,-0.504527624,-0.863395551,297.3,812,1.31E+01
6373,7.6,-0.481753674,-0.87630668,297.7,811,1.29E+01
6374,7.94,-0.414693243,-0.909961271,298,810,-2.45E-01
6375,8.77,-0.471011881,-0.882126866,297.4,810,-3.50E+00
6376,7.16,-0.478691858,-0.877982975,297,810,-5.77E+00
6377,2.81,-0.192521967,0.981292664,287.9,810,3.82E+00
6378,3.4,0.862513669,0.506033764,287.2,811,9.14E+00
6379,2.85,-0.572145873,0.820151876,284.8,811,9.48E+00
6380,2.12,-0.405141587,-0.914253955,285.8,811,9.55E+00
6381,3.2,0.781520472,-0.623879597,287,811,8.81E+00
6382,3.08,-0.350207381,-0.936672189,286.7,811,7.91E+00
6383,3.8,-0.510542918,-0.859852272,285.5,811,7.71E+00
6384,1.89,0.925209718,0.37945616,285.3,811,-8.46E-01
6385,3.38,-0.509041416,-0.860742027,284.2,812,-1.73E+00
6386,3.08,-0.09063258,-0.995884399,283.3,811,-2.78E+00
6387,3.94,0.346935652,-0.937888935,283.4,811,-6.89E-01
6388,1.88,0.183951351,-0.982935349,283.9,811,1.13E+00
6389,3.02,-0.506033764,-0.862513669,282.5,811,1.78E+00
6390,2.15,-0.557745109,-0.830012285,281.4,811,5.82E-01
6391,2.73,0.907777479,-0.419452082,280.7,811,1.79E+00
6392,3.37,0.992331938,-0.123601477,281.7,812,1.05E+01
6393,1.89,0.956304756,0.292371705,282.2,812,1.21E+01
6394,1.64,0.881303452,0.472550765,284.2,812,1.23E+00
6395,0.68,-0.201077921,-0.97957525,283.6,812,1.01E+01
6396,1.89,0.554844427,-0.831954122,283.9,812,1.24E+01
6397,2.51,-0.633380873,0.77384021,283.3,812,1.34E+01
6398,2.21,-0.37945616,0.925209718,282.7,812,9.18E+00
6399,1.44,-0.19765734,0.980271175,282.9,812,7.61E+00
6400,1.3,0.983254908,0.182235525,283.4,812,5.93E+00
6401,2.46,0.804893797,0.593418887,281,811,5.02E+00
6402,2.01,-0.663926213,-0.74779809,280.5,813,4.34E+00
6403,1.42,0.948323655,0.317304656,279,813,5.98E+00
6404,2.58,0.977415894,-0.211324796,279.1,813,7.67E+00
6405,1.14,-0.185666615,-0.982612797,279.3,812,7.13E+00
6406,3.93,0.697165103,-0.716910608,279.6,812,5.45E+00
6407,2.58,0.012217001,-0.99992537,279,813,4.98E+00
6408,5.99,0.665230355,-0.746638182,277.5,814,5.04E+00
6409,3.53,0.882947593,-0.469471563,275.7,814,5.54E+00
6410,3.47,0.881303452,-0.472550765,276.2,814,4.74E+00
6411,4.07,0.880477354,-0.474088209,276.6,814,4.01E+00
6412,0.63,0.999780683,-0.02094242,276.3,815,2.48E+00
6413,2.8,-0.743144825,0.669130606,274.5,815,2.11E+00
6414,2.67,-0.980271175,-0.19765734,273.8,815,2.32E+00
6415,3.92,0.630675807,-0.776046407,276.1,816,-7.72E-01
6416,4.29,0.713250449,-0.700909264,277.5,817,-1.31E+01
6417,4.75,0.760405966,-0.649448048,278.3,817,-5.60E+00
6418,3.51,0.722967146,-0.690882411,278.9,817,-1.70E+01
6419,5.25,0.444635179,-0.89571176,276.4,818,-8.87E+00
6420,4.98,0.608761429,-0.79335334,278.8,818,-4.12E+00
6421,6.75,0.521009632,-0.853550797,279.8,817,-6.42E+00
6422,7.48,0.490903754,-0.871213811,279.9,817,-6.70E+00
6423,6.78,0.64278761,-0.766044443,279.2,818,-2.18E+01
6424,6.42,0.638767818,-0.769399555,279.4,819,-1.41E+01
6425,5.1,0.580702956,-0.814115518,279.6,818,-4.68E+00
6426,2.89,0.040131793,-0.999194395,277.1,819,-4.51E+00
6427,3.71,0.447759088,-0.894154237,276.5,820,-6.80E+00
6428,4.08,0.449318999,-0.893371388,276.3,820,-8.83E+00
6429,3.85,0.424199423,-0.905568799,275.7,819,-8.00E+00
6430,2.67,-0.245307386,-0.96944535,274,819,-9.75E+00
6431,2.87,-0.471011881,-0.882126866,274.2,820,-1.25E+01
6432,3.16,-0.89648643,-0.443071191,275.4,820,-3.66E+01
6433,3.18,-0.732542899,-0.680720869,276,821,2.80E+00
6434,3.11,-0.820151876,-0.572145873,276.1,820,1.26E+01
6435,4.18,-0.64278761,-0.766044443,275.1,821,1.31E+01
6436,4.73,-0.5,-0.866025404,275,821,6.16E+00
6437,5.22,-0.387515586,-0.921863152,275.3,820,1.19E+01
6438,5.08,-0.460199785,-0.887815385,275.5,820,1.30E+01
6439,4.63,-0.430511097,-0.902585284,278.7,820,5.85E+00
6440,5.69,-0.369746757,-0.929132572,281,820,6.14E+00
6441,6.34,-0.364876784,-0.931055816,282.5,819,8.73E+00
6442,6.14,-0.28736052,-0.957822495,283.4,819,6.89E+00
6443,6.3,-0.292371705,-0.956304756,284.5,818,8.74E+00
6444,6.07,-0.231747903,-0.972775878,285,818,1.44E+01
6445,6.04,-0.366501227,-0.930417568,285,818,1.35E+01
6446,6.27,-0.045362988,-0.99897057,287.3,816,1.27E+01
6447,6.25,0.180519145,-0.983571471,287,816,8.36E+00
6448,5.55,0.292371705,-0.956304756,286.2,816,9.54E+00
6449,2,0.005235964,-0.999986292,285.4,814,9.92E+00
6450,1.32,-0.052335956,-0.998629535,281.7,815,1.07E+01
6451,2.77,-0.776046407,-0.630675807,280,816,1.07E+01
6452,3.07,-0.507538363,-0.86162916,279.1,816,9.92E+00
6453,3.05,-0.204496052,-0.978867389,279.1,815,5.26E+00
6454,3.1,-0.043619387,-0.999048222,279,815,1.41E+00
6455,3.22,-0.095845753,-0.995396198,279,815,1.06E+00
6456,3.67,-0.071497444,-0.997440783,279.1,815,-2.58E+00
6457,4.46,-0.040131793,-0.999194395,280.4,814,-1.56E+00
6458,3.51,0.166768747,-0.985996037,279,814,-1.96E+00
6459,3.16,-0.107999356,-0.994150964,277.6,814,-9.34E+00
6460,3.08,-0.48480962,-0.874619707,277.6,813,-2.53E+00
6461,3.66,-0.728968627,-0.684547106,277.2,813,-6.12E+00
6462,4.2,-0.243615012,-0.969872015,278,812,-3.84E+00
6463,4.46,0.455544907,-0.890212805,280.5,813,-2.23E+00
6464,3.38,0.755853469,-0.654740814,281.5,813,5.89E+00
6465,3.08,0.899557779,-0.436801788,281.4,813,6.11E+00
6466,2.68,0.948876012,-0.315649037,280.7,813,4.68E+00
6467,4,0.99074784,0.135715572,279.3,814,3.75E+00
6468,4.46,0.993767919,-0.111468932,279.6,814,-1.63E+00
6469,3.55,0.9952274,0.0975829,279.9,814,8.71E-01
6470,3.8,0.987688341,0.156434465,278.9,814,-4.23E-01
6471,3.42,0.99955986,-0.029666244,277.9,814,-1.17E+01
6472,3.55,0.999998477,0.001745328,277.1,815,-1.07E+01
6473,2.66,0.369746757,0.929132572,276.6,814,-6.11E+00
6474,1.53,0.425779292,0.904827052,274.6,814,-6.17E+00
6475,0.35,0.610145164,0.792289643,273.3,814,-7.29E+00
6476,0.9,0.045362988,0.99897057,273.3,815,-7.62E+00
6477,2.15,0.617035875,0.786935022,273.3,815,-2.31E+00
6478,2.26,0.751264134,0.660001668,272.8,816,-2.22E-01
6479,2.49,0.770513243,0.63742399,272.6,817,-4.15E+00
6480,1.49,0.509041416,0.860742027,272.5,817,-1.07E+01
6481,1.91,0.669130606,0.743144825,272.5,817,-1.67E+01
6482,1.93,0.64278761,0.766044443,272.4,817,-1.74E+01
6483,1.56,0.753563392,0.657375246,272.2,818,-2.39E+01
6484,1.49,0.914253955,0.405141587,272.3,818,-1.99E+01
6485,1.73,0.988756381,-0.149535343,270.2,818,-1.89E+01
6486,1.95,0.692143174,-0.721760228,270.2,818,-1.09E+01
6487,1.47,0.974370065,-0.224951054,271.4,819,-1.22E+01
6488,1.39,0.999876632,0.015707317,272.6,820,-1.57E+01
6489,1.37,0.96770917,0.252069358,273.5,820,-2.02E+01
6490,0.93,0.813100761,0.58212297,274.4,819,-1.88E+01
6491,0.9,-0.104528463,0.994521895,275.3,819,8.61E+00
6492,0.69,-0.777145961,0.629320391,276.1,819,7.69E+00
6493,0.83,-0.372987783,-0.927836254,277.6,819,6.64E+00
6494,1.23,-0.525471651,0.850811109,277.9,818,9.30E+00
6495,2.23,-0.351841648,0.936059536,276.2,818,1.15E+01
6496,2.32,-0.752414909,0.65868946,275.3,818,1.09E+01
6497,3.1,-0.999945169,0.010471784,275.5,816,9.59E+00
6498,1.41,-0.65868946,0.752414909,273.8,816,9.17E+00
6499,0.59,-0.97154912,0.236838146,273.9,816,9.00E+00
6500,1.09,-0.998026728,-0.06279052,274.7,815,7.43E+00
6501,0.99,0.516533329,0.856267085,273.8,814,5.24E+00
6502,1.27,0.414693243,-0.909961271,272.4,814,4.23E+00
6503,2.14,-0.121869343,-0.992546152,272.7,813,3.48E+00
6504,4.92,-0.794414621,-0.60737584,274.8,812,2.67E+00
6505,6.17,-0.807989884,-0.589196357,275.3,810,6.47E-01
6506,5.34,-0.687087511,-0.726574671,275.1,809,-2.84E+00
6507,4.83,-0.509041416,-0.860742027,275.4,809,-3.35E+00
6508,4.65,-0.419452082,-0.907777479,276.1,809,-4.39E+00
6509,3.72,-0.166768747,-0.985996037,275.2,809,-6.64E+00
6510,3.8,-0.185666615,-0.982612797,275.4,809,-1.08E+01
6511,2.5,0.348572047,-0.937281989,279.6,809,-1.41E+01
6512,1.96,0.847121921,-0.53139858,281.9,810,-1.50E+01
6513,2.01,0.994880709,0.101056297,282.9,810,-1.56E+01
6514,1.86,0.794414621,0.60737584,283.8,811,-5.56E+00
6515,2.12,0.703394703,0.710799474,284.2,811,-5.00E+00
6516,2.24,0.403545296,0.914959668,284.5,812,-3.06E+00
6517,1.8,0.441505853,0.89725837,284.9,812,7.08E+00
6518,2.28,-0.010471784,0.999945169,285.3,812,2.50E+00
6519,2.9,-0.253757945,0.967267753,284.6,812,3.19E+00
6520,3.07,0.109734311,0.993960955,283.2,813,5.00E+00
6521,3.06,-0.11493715,0.993372766,280.1,814,3.54E+00
6522,2.93,0.003490651,0.999993908,279.1,815,3.09E+00
6523,2.32,0.033155178,0.999450216,278.5,814,2.99E+00
6524,2.4,0.146083029,0.989272333,278.3,815,2.94E+00
6525,2.35,0.04884977,0.998806137,278.2,815,2.63E+00
6526,2.44,-0.041875654,0.99912283,278,816,2.57E+00
6527,2.2,0.241921896,0.970295726,277.9,815,1.56E+00
6528,2.84,0.248689887,0.968583161,277.7,815,-2.46E-01
6529,2.39,0.165047606,0.986285602,277.4,815,-1.64E+00
6530,3.02,0.158158067,0.987413807,277.4,816,-4.28E+00
6531,3.11,0.118403968,0.992965508,276.9,815,-3.66E+00
6532,2.83,-0.088894297,0.996041065,276.7,815,-4.25E+00
6533,2.16,-0.17708474,0.984195608,276.6,815,-3.51E+00
6534,2.28,-0.137444546,0.990509463,276.5,815,-4.61E+00
6535,2.68,-0.304033061,0.952661481,276.5,816,-6.68E+00
6536,3.55,-0.464842046,0.885393626,276.6,816,-7.93E+00
6537,4.39,-0.503019947,0.864274802,276.4,816,-8.39E+00
6538,4.65,-0.478691858,0.877982975,276.5,816,-9.23E+00
6539,4.63,-0.467929814,0.88376563,276.7,816,-9.90E+00
6540,4.6,-0.510542918,0.859852272,276.9,816,-1.10E+01
6541,4.11,-0.589196357,0.807989884,277.3,815,-1.14E+01
6542,3.83,-0.590605668,0.806960312,277.9,814,-1.25E+01
6543,3.66,-0.610145164,0.792289643,277.8,814,-1.35E+01
6544,3.52,-0.634730513,0.772733573,277.5,814,-1.47E+01
6545,3.36,-0.695912797,0.718126298,275.9,815,-1.70E+01
6546,3.08,-0.662620048,0.748955721,275.5,815,-1.85E+01
6547,2.03,-0.662620048,0.748955721,275.5,815,-1.91E+01
6548,2.34,-0.929776486,0.368124553,275.4,816,-1.58E+01
6549,3.06,-0.807989884,0.589196357,275.4,815,-1.87E+01
6550,2.21,-0.822144041,0.569279523,275.8,815,-1.62E+01
6551,1.81,-0.999902524,0.01396218,276.2,814,-1.58E+01
6552,2.18,-0.920504853,-0.390731128,276.5,814,-1.21E+01
6553,7.16,-0.772733573,-0.634730513,278.9,813,0.00E+00
6554,0.47,0.844327926,0.535826795,275.7,813,0.00E+00
6555,2.08,-0.53139858,-0.847121921,275.4,813,0.00E+00
6556,5.92,-0.518027009,-0.85536426,277.7,813,0.00E+00
6557,4.13,-0.725374371,-0.688354576,278,813,0.00E+00
6558,4.28,-0.405141587,-0.914253955,278.9,814,0.00E+00
6559,3.71,-0.252069358,-0.96770917,281.3,815,0.00E+00
6560,3.51,0.106264071,-0.994337944,284.1,815,0.00E+00
6561,3.53,0.457097927,-0.889416373,286.3,815,0.00E+00
6562,3.28,0.397147891,-0.917754626,287.7,815,0.00E+00
6563,3.2,0.022687334,-0.999742609,288.9,816,-4.51E+00
6564,3.48,-0.057564027,-0.998341817,289.7,816,-1.94E+00
6565,3.95,-0.430511097,-0.902585284,289.8,816,1.11E+01
6566,4.38,-0.307356618,-0.951594404,289.2,816,8.17E+00
6567,3.9,-0.427357863,-0.90408255,288.8,815,3.56E+00
6568,2.59,-0.649448048,-0.760405966,287.7,816,3.86E+00
6569,1.6,-0.791223533,0.61152704,285.5,814,8.07E+00
6570,1.45,-0.04884977,0.998806137,282,815,8.97E+00
6571,1.64,0.800731371,-0.599023599,281,815,8.65E+00
6572,2.63,0.125333234,-0.992114701,279.9,815,9.21E+00
6573,3.73,-0.180519145,-0.983571471,281.1,815,1.08E+01
6574,3.76,-0.472550765,-0.881303452,281.1,815,2.12E+00
6575,4.06,-0.513541252,-0.858064906,281.8,815,2.15E+00
6576,3.86,-0.4539905,-0.891006524,281.5,816,2.65E+00
6577,4.35,-0.618408395,-0.785856893,281.9,815,3.90E+00
6578,4.4,-0.390731128,-0.920504853,282.8,814,2.72E+00
6579,4.36,-0.31067643,-0.950515732,281.9,814,5.79E+00
6580,3.98,-0.49242356,-0.870355696,281.2,814,7.29E+00
6581,4.16,-0.292371705,-0.956304756,281.2,814,5.09E+00
6582,4.2,-0.4539905,-0.891006524,281.2,813,1.86E+00
6583,3.72,-0.66653247,-0.745476,285.5,812,2.11E+00
6584,4.26,-0.600420225,-0.799684658,289.7,812,1.45E+00
6585,3.75,-0.600420225,-0.799684658,290.7,812,5.46E+00
6586,4.92,-0.493941867,-0.86949493,292,812,1.13E+01
6587,4.52,-0.34037955,-0.940288127,293.1,812,1.26E+01
6588,4.44,-0.441505853,-0.89725837,293.3,812,7.93E+00
6589,4.49,-0.258819045,-0.965925826,293.3,812,4.43E+00
6590,3.9,-0.09063258,-0.995884399,292.9,810,1.52E+00
6591,2.95,-0.753563392,0.657375246,292.3,810,6.15E+00
6592,2.29,-0.944948912,0.327217899,291.9,810,3.59E+00
6593,3.1,-0.962691746,0.270600446,289.9,808,2.31E-01
6594,2.77,-0.534352349,-0.845261833,286,808,-7.40E-01
6595,2.06,-0.879648573,-0.475624209,286,808,-1.51E-02
6596,3.57,-0.36162457,0.932323801,286,808,7.99E+00
6597,3.28,-0.461748613,0.887010833,285.5,807,9.86E+00
6598,1.16,-0.994150964,0.107999356,285.5,806,1.05E+01
6599,0.8,-0.612907054,0.790155012,285.8,805,9.85E+00
6600,3.45,-0.583541211,-0.812083527,286.2,805,1.05E+01
6601,3.62,-0.535826795,-0.844327926,285.6,804,1.07E+01
6602,1.67,0.48480962,-0.874619707,284.5,804,1.39E+01
6603,2.85,0.02094242,0.999780683,283.4,804,1.48E+01
6604,6.15,0.207911691,-0.978147601,286.2,804,1.08E+01
6605,10.87,0.417867074,-0.908508178,287.1,804,8.18E+00
6606,11.55,0.414693243,-0.909961271,286.8,803,1.44E+01
6607,11.73,0.416280792,-0.909236109,286.7,804,1.45E+01
6608,10.54,0.39394191,-0.919135339,287.4,805,1.35E+01
6609,8.12,0.369746757,-0.929132572,288.4,805,1.35E+01
6610,4.72,0.796529918,-0.604599115,287,807,-5.86E+00
6611,4.12,0.966376079,-0.257132793,285,809,-5.79E+00
6612,5.08,0.680720869,-0.732542899,284.6,810,-1.49E+01
6613,6.69,0.652098404,-0.758134336,283.9,811,-8.67E+00
6614,6.63,0.625242656,-0.780430407,282.5,812,6.63E+00
6615,6.44,0.708339838,-0.705871571,281.1,813,-2.50E+01
6616,4.15,0.831954122,-0.554844427,279.8,814,-1.82E+01
6617,3.82,0.903335293,-0.428935133,276.3,815,-3.41E+00
6618,0.28,0.121869343,-0.992546152,274.9,816,-1.13E+01
6619,2.03,-0.817144898,0.576432316,274.3,817,-1.57E+01
6620,1.5,0.163325962,-0.986572162,274.1,817,-2.35E+01
6621,0.97,-0.435231099,0.900318771,274,817,-2.40E+01
6622,1.64,-0.36325123,0.931691228,273.2,817,-2.97E+01
6623,1.33,-0.956813584,-0.290702194,273.3,818,0.00E+00
6624,1.64,-0.241921896,0.970295726,273.8,818,0.00E+00
6625,0.8,-0.173648178,0.984807753,273.1,818,-2.04E+01
6626,1.93,-0.231747903,0.972775878,273.5,818,-1.30E+01
6627,2.14,-0.797583929,0.603207988,272.7,818,-8.68E-01
6628,3.43,-0.87630668,-0.481753674,275.1,817,-1.67E+01
6629,1.92,-0.858959897,-0.512042865,273.8,816,-2.11E+01
6630,3.48,-0.977045574,-0.213030386,277.4,815,-2.13E+01
6631,4.27,-0.864274802,-0.503019947,277.9,815,-5.56E+00
6632,2.32,-0.936672189,-0.350207381,277.6,815,-2.81E+01
6633,3.97,-0.980271175,0.19765734,277.2,814,-2.86E+01
6634,5.66,-0.996345296,0.085416923,277.9,813,-2.19E+01
6635,6.51,-0.996345296,-0.085416923,276.9,812,-1.24E+01
6636,6.52,-0.967267753,-0.253757945,277.3,811,-9.06E+00
6637,7.38,-0.981958713,-0.189095443,279.6,810,-5.90E+00
6638,7.47,-0.917060074,-0.398749069,279,809,-5.15E+00
6639,5.81,-0.976296007,-0.216439614,277.5,809,-5.68E+00
6640,5.41,-0.983254908,-0.182235525,277.9,809,-7.32E+00
6641,3.66,-0.899557779,-0.436801788,279.1,807,-1.06E+01
6642,1.13,0.201077921,-0.97957525,278.2,807,-1.25E+01
6643,1.33,-0.02094242,-0.999780683,278.9,807,-1.98E+01
6644,5.37,-0.743144825,-0.669130606,280.5,807,-1.39E+01
6645,6.2,-0.75011107,-0.661311865,280.9,806,-7.19E+00
6646,3.8,-0.63742399,-0.770513243,279.9,806,-1.81E+01
6647,4.76,-0.512042865,-0.858959897,280.4,806,-3.02E+01
6648,5.24,-0.532876276,-0.846193166,281,806,-3.04E+01
6649,4.14,-0.397147891,-0.917754626,280.4,805,-2.48E+01
6650,3.88,-0.139173101,-0.990268069,280.2,805,-2.29E+01
6651,0.82,0.89179753,-0.452434709,278,806,-2.14E+01
6652,2.87,-0.957822495,-0.28736052,276.8,807,-1.15E+01
6653,2.57,0.052335956,-0.998629535,275.6,807,-2.96E+00
6654,4.24,0.31067643,-0.950515732,274.5,808,4.80E+00
6655,4.54,0.626603811,-0.779337965,275.2,808,1.04E+01
6656,5.34,0.725374371,-0.688354576,275.5,808,1.29E+01
6657,4.9,0.807989884,-0.589196357,276.2,809,9.11E+00
6658,5.6,0.821149209,-0.570713568,276.9,809,1.44E+01
6659,5.56,0.736097087,-0.67687597,276.6,810,1.68E+00
6660,4.93,0.791223533,-0.61152704,277.3,811,-3.84E-01
6661,4.89,0.842452397,-0.538770785,277.3,811,-3.99E+00
6662,4.64,0.792289643,-0.610145164,277.3,812,-4.71E+00
6663,3.61,0.693401828,-0.720551112,276.7,812,-6.32E+00
6664,3.17,0.601815023,-0.79863551,276.4,813,-1.05E+01
6665,2.57,0.731353702,-0.68199836,275.8,813,-1.54E+01
6666,2.9,-0.907777479,-0.419452082,273.1,814,-1.94E+01
6667,3.04,-0.937888935,-0.346935652,272.7,815,-2.08E+01
6668,2.39,-0.863395551,-0.504527624,271.9,815,-1.47E+01
6669,3.19,0.083677843,-0.996492859,272.1,815,-9.52E+00
6670,2.57,-0.414693243,-0.909961271,271.4,815,-1.71E+01
6671,2.99,-0.699663341,-0.71447268,271.8,815,-2.49E+01
6672,3.01,-0.019197442,-0.999815712,271.8,815,-1.96E+01
6673,3.16,-0.819152044,-0.573576436,271.8,815,1.08E+01
6674,3.58,-0.121869343,-0.992546152,272.2,815,1.12E+01
6675,4.4,0.199367934,-0.979924705,273.1,815,4.88E+00
6676,3.22,-0.573576436,-0.819152044,271.6,815,2.20E+00
6677,3.25,-0.475624209,-0.879648573,271.4,815,2.19E+00
6678,3.83,-0.662620048,-0.748955721,271.7,815,2.60E+00
6679,3.08,-0.633380873,-0.77384021,274.5,815,3.53E+00
6680,3.08,-0.546101961,-0.837718717,277.2,815,8.28E+00
6681,1.56,-0.877146164,0.480223497,279.5,815,1.40E+01
6682,3.18,-0.400349033,0.91636273,280.6,815,1.39E+01
6683,4.17,-0.53139858,0.847121921,281.1,815,1.36E+01
6684,4.95,-0.516533329,0.856267085,280.5,814,1.38E+01
6685,5.22,-0.74779809,0.663926213,280.3,814,1.37E+01
6686,4.94,-0.782608157,0.622514637,279.8,814,1.19E+01
6687,4.63,-0.759271307,0.650774217,279.7,814,8.58E+00
6688,4.79,-0.781520472,0.623879597,279.1,814,7.90E+00
6689,4.13,-0.54170821,0.840566603,277.5,813,3.42E+00
6690,3.43,-0.525471651,0.850811109,276.5,813,1.30E+00
6691,3.02,-0.216439614,0.976296007,275.9,814,1.29E+00
6692,1.21,0.559192903,0.829037573,273.1,815,1.40E+00
6693,2.35,-0.113203214,0.993571856,273.5,814,1.06E+00
6694,3.31,-0.449318999,0.893371388,273.4,815,1.66E-01
6695,1.59,-0.246999013,0.969015731,272.4,814,-7.40E-01
6696,1.01,-0.763796029,0.645457688,272.7,815,-1.69E+00
6697,0.5,-0.638767818,0.769399555,273,814,-3.39E+00
6698,1.9,0.047106451,0.998889875,272.9,813,-5.17E+00
6699,1.3,-0.320612991,0.947210278,272.6,813,-9.96E+00
6700,1.55,0.106264071,0.994337944,272.6,813,-1.63E+01
6701,1.28,0.252069358,0.96770917,272.4,813,-2.16E+01
6702,1.77,0.187381315,0.982287251,272.4,813,-2.74E+01
6703,2.93,-0.087155743,0.996194698,272.5,813,0.00E+00
6704,3.77,-0.06279052,0.998026728,272.6,814,0.00E+00
6705,4.04,-0.069756474,0.99756405,272.9,813,0.00E+00
6706,4.41,-0.161603821,0.986855716,273.2,813,-3.65E+01
6707,4.79,-0.285688367,0.958322574,273.4,813,-2.58E+01
6708,4.94,-0.297374874,0.9547608,272.9,813,-2.77E+01
6709,4.77,-0.372987783,0.927836254,272.6,813,-2.42E+01
6710,3.95,-0.192521967,0.981292664,272.6,812,-2.35E+01
6711,4.8,-0.231747903,0.972775878,272.6,812,-2.53E+01
6712,3.18,0.204496052,0.978867389,272.1,812,-2.93E+01
6713,3.25,0.121869343,0.992546152,272.1,812,-3.65E+01
6714,3.67,0.257132793,0.966376079,271.4,814,0.00E+00
6715,2.8,0.106264071,0.994337944,270.9,813,0.00E+00
6716,0.72,0.66653247,0.745476,270.8,813,0.00E+00
6717,1.16,0.165047606,0.986285602,270.6,813,0.00E+00
6718,1.4,0.427357863,0.90408255,270.2,812,0.00E+00
6719,0.55,-0.837718717,0.546101961,269.6,812,0.00E+00
6720,0.67,-0.89725837,-0.441505853,270.4,812,0.00E+00
6721,0.52,-0.975534544,0.219846204,271.1,811,0.00E+00
6722,1.69,0.557745109,0.830012285,271.4,811,0.00E+00
6723,0.86,0.824126189,0.566406237,271.5,811,0.00E+00
6724,1.97,-0.024432178,0.99970149,271,812,0.00E+00
6725,1.71,0.213030386,0.977045574,270.4,812,0.00E+00
6726,1.86,0.907777479,0.419452082,270.1,811,0.00E+00
6727,2.63,0.812083527,0.583541211,270.4,812,0.00E+00
6728,2.6,0.792289643,0.610145164,271,812,0.00E+00
6729,2.99,0.615661475,0.788010754,271.5,812,0.00E+00
6730,3.57,0.528438335,0.848971688,272.1,812,-3.43E+01
6731,3.92,0.503019947,0.864274802,272.8,811,-3.12E+01
6732,4.1,0.447759088,0.894154237,273,812,-2.71E+01
6733,3.91,0.512042865,0.858959897,273.1,811,-2.33E+01
6734,3.67,0.441505853,0.89725837,272.8,811,-2.18E+01
6735,2.76,0.641449632,0.767165152,272.7,810,-2.10E+01
6736,2.51,0.69465837,0.7193398,272.7,811,-2.10E+01
6737,2.09,0.350207381,0.936672189,271.7,812,-2.36E+01
6738,2.81,0.464842046,0.885393626,271.6,813,-2.76E+01
6739,2.39,0.493941867,0.86949493,271.4,813,-2.84E+01
6740,2.11,0.163325962,0.986572162,270.9,813,-2.98E+01
6741,1.71,0.457097927,0.889416373,270.6,813,-3.24E+01
6742,1.26,-0.1719291,0.985109326,269.6,812,0.00E+00
6743,1.17,0.435231099,0.900318771,270.3,812,0.00E+00
6744,0.84,0.563526049,0.826098294,270.5,813,-2.38E+01
6745,0.94,0.626603811,0.779337965,270.5,813,-3.39E+01
6746,1.49,0.909961271,0.414693243,269.8,813,0.00E+00
6747,0.72,0.6059884,0.795473481,268.2,813,0.00E+00
6748,0.61,-0.455544907,0.890212805,268,813,0.00E+00
6749,0.87,0.989015863,-0.147809411,267.1,812,-2.85E+01
6750,2.02,0.958819735,-0.284015345,266.9,812,-3.29E+01
6751,1.9,0.712026046,0.702153053,269.1,812,-3.33E+01
6752,2.97,0.446197813,0.894934362,270.2,813,0.00E+00
6753,3.21,0.512042865,0.858959897,271,813,0.00E+00
6754,3.56,0.350207381,0.936672189,271.8,813,-3.38E+00
6755,4.15,0.219846204,0.975534544,272.1,813,-1.21E+00
6756,3.02,0.325568154,0.945518576,272.4,813,1.14E+00
6757,2.97,0.566406237,0.824126189,273.3,812,-2.68E-01
6758,3.86,0.623879597,0.781520472,273.3,811,-2.45E+01
6759,4.08,0.692143174,0.721760228,272.5,811,-3.23E+01
6760,3,0.575005252,0.818149717,271.7,811,-2.67E+01
6761,3.03,0.467929814,0.88376563,271.2,812,-1.84E+01
6762,2.92,0.77384021,0.633380873,270.6,811,-1.79E+01
6763,3.3,0.752414909,0.65868946,270.5,811,-1.61E+01
6764,3.85,0.566406237,0.824126189,270.4,812,-1.76E+01
6765,3.63,0.65868946,0.752414909,270,812,-1.87E+01
6766,3.15,0.728968627,0.684547106,269.6,811,-2.05E+01
6767,2.84,0.744311546,0.667832555,269.5,811,-2.20E+01
6768,2.9,0.822144041,0.569279523,269.2,811,-2.38E+01
6769,2.44,0.978147601,0.207911691,268.4,811,-2.52E+01
6770,2.49,0.980955155,0.194234351,266.8,810,-2.84E+01
6771,2.48,0.999902524,0.01396218,266.8,810,-1.01E+01
6772,2.59,0.963162567,-0.268919821,266,810,-1.22E+01
6773,2.67,0.999998477,-0.001745328,266,810,-3.07E+01
6774,2.83,0.999961923,-0.008726535,265.1,809,-3.39E+01
6775,3.17,0.893371388,0.449318999,267.1,809,-9.57E+00
6776,3.35,0.833885822,0.551936985,268.2,810,2.01E+00
6777,4.38,0.788010754,0.615661475,269.1,809,4.31E+00
6778,4.06,0.728968627,0.684547106,269.9,809,8.28E+00
6779,4.2,0.710799474,0.703394703,270.4,809,8.43E+00
6780,3.45,0.777145961,0.629320391,270.8,810,1.35E+00
6781,3.36,0.823136369,0.567843745,270.9,810,-4.72E+00
6782,3.49,0.919821497,0.392337117,270.7,810,-1.37E+01
6783,2.95,0.894934362,0.446197813,270.6,810,-1.65E+01
6784,3.25,0.890212805,0.455544907,270.1,811,-1.86E+01
6785,1.46,0.894154237,-0.447759088,268.4,812,-1.93E+01
6786,2.18,-0.592013179,-0.805928282,267.2,812,-1.78E+01
6787,2.48,-0.516533329,-0.856267085,267.9,813,-1.38E+01
6788,3.12,0.221548498,-0.975149354,265.6,813,-8.60E+00
6789,3.12,-0.064532308,-0.997915618,265.6,813,-8.63E+00
6790,3.31,0.02094242,-0.999780683,266.4,813,-9.12E+00
6791,3.23,-0.34037955,-0.940288127,267.6,813,-9.74E+00
6792,3.73,-0.436801788,-0.899557779,267.5,813,-8.92E+00
6793,3.56,-0.377840787,-0.925870585,267.3,813,-1.05E+01
6794,3.3,-0.332161132,-0.943222658,267.1,812,-9.34E+00
6795,3.28,-0.356737999,-0.934204474,267.2,812,-6.17E+00
6796,3.32,-0.425779292,-0.904827052,267.4,813,-1.82E+00
6797,3.56,-0.421035813,-0.907044014,267.8,813,1.62E+00
6798,3.3,-0.438371147,-0.898794046,267.7,812,3.93E+00
6799,1.87,-0.128795597,-0.991671162,270.2,813,6.39E+00
6800,0.58,-0.996194698,-0.087155743,272.9,813,7.65E+00
6801,2.45,-0.307356618,0.951594404,273.4,813,5.13E+00
6802,2.65,-0.356737999,0.934204474,273.5,812,-1.57E-01
6803,2.63,-0.368124553,0.929776486,274.8,812,-3.24E+00
6804,2.8,-0.703394703,0.710799474,275.8,812,-3.61E+00
6805,2.95,-0.952129393,0.305695305,276.2,812,-4.52E+00
6806,2.91,-0.912834177,0.40833046,276.3,811,-6.40E+00
6807,2.85,-0.981958713,0.189095443,276,810,-6.82E+00
6808,3.36,-0.97113428,0.238533458,275,811,-7.59E+00
6809,1.99,-0.871213811,-0.490903754,271.7,810,-8.06E+00
6810,3.41,-0.538770785,-0.842452397,270.7,810,-2.27E+00
6811,3.84,-0.483282383,-0.875464527,271.1,811,-2.31E+00
6812,3.28,-0.464842046,-0.885393626,271.5,811,-3.01E+00
6813,3.12,-0.240228042,-0.970716482,271.5,810,-2.23E+00
6814,2.71,0.481753674,-0.87630668,273.1,811,-6.07E+00
6815,1.19,-0.814115518,-0.580702956,272.4,811,-1.50E+01
6816,2.47,-0.460199785,-0.887815385,269.2,811,-1.51E+01
6817,3.39,0.113203214,-0.993571856,267.9,811,-8.22E+00
6818,3.46,0.213030386,-0.977045574,267.8,811,-3.66E+00
6819,4.46,0.41310443,-0.910683661,268.6,811,-2.27E+00
6820,5.07,0.483282383,-0.875464527,268.9,812,-2.54E+00
6821,3.54,-0.02094242,-0.999780683,267.5,812,-5.35E+00
6822,3.94,0.022687334,-0.999742609,267.8,811,7.89E+00
6823,4.97,0.107999356,-0.994150964,270.2,811,-1.18E+00
6824,5.68,0.106264071,-0.994337944,271.9,811,3.37E+00
6825,6.53,0.088894297,-0.996041065,273.4,811,4.01E+00
6826,6.4,0.140901232,-0.990023658,275.3,810,4.88E+00
6827,6.67,0.05059294,-0.998719357,276.1,810,3.41E+00
6828,6.78,0.04884977,-0.998806137,277.1,810,2.87E+00
6829,6.39,0.09931975,-0.99505557,278,810,2.59E+00
6830,6.59,0.161603821,-0.986855716,278.9,809,3.62E+00
6831,6.49,0.149535343,-0.988756381,279.2,809,-3.37E+00
6832,5.61,0.081938509,-0.996637387,278.8,809,-4.28E+00
6833,4.49,-0.302369891,-0.953190668,277.4,807,-6.74E+00
6834,5.67,-0.236838146,-0.97154912,277.1,807,-6.44E+00
6835,4.51,-0.273959219,-0.96174131,276.4,807,-6.14E+00
6836,4.11,-0.350207381,-0.936672189,275.5,807,-8.43E+00
6837,4.24,-0.450877541,-0.892585818,275.9,807,-1.07E+01
6838,4.23,-0.241921896,-0.970295726,275.6,806,-8.02E+00
6839,4.15,-0.064532308,-0.997915618,275.2,807,-2.27E+01
6840,3.63,-0.767165152,-0.641449632,273.4,807,2.25E+00
6841,4.06,-0.962217994,-0.272280247,274.1,807,9.52E+00
6842,4.11,-0.998889875,-0.047106451,274,807,1.40E+01
6843,2.84,-0.881303452,-0.472550765,274.3,807,1.24E+01
6844,1.08,-0.997684279,-0.068015291,274.4,807,-5.85E-01
6845,2.22,0.782608157,-0.622514637,272.8,807,-1.25E+00
6846,2.23,0.641449632,-0.767165152,273.9,807,-3.84E-01
6847,1.77,0.490903754,-0.871213811,273.9,807,1.55E+00
6848,3.33,0.838670568,-0.544639035,273.8,807,1.15E+00
6849,3.58,0.873772223,-0.48633538,273.9,807,1.28E+01
6850,3.28,0.899557779,-0.436801788,274,807,1.13E+01
6851,2.25,0.987136265,-0.159881188,273.8,807,2.67E+00
6852,4.93,0.996637387,0.081938509,273.2,808,-4.27E+00
6853,5.05,0.990023658,-0.140901232,272.5,808,-3.91E+00
6854,4.73,0.949972052,-0.312334919,271.5,808,6.63E-01
6855,5.01,0.946085359,-0.323917418,270.7,808,-8.36E+00
6856,4.93,0.970295726,-0.241921896,269.8,809,-1.03E+01
6857,4.65,0.994337944,0.106264071,267.9,809,-5.66E+00
6858,4.76,0.9952274,0.0975829,266.9,810,-8.98E+00
6859,3.76,0.99992537,0.012217001,266.1,811,-1.33E+01
6860,4.41,0.998806137,-0.04884977,265.5,811,-1.64E+01
6861,4.01,0.999262916,-0.038387809,265.1,811,-7.75E+00
6862,3.77,0.999048222,0.043619387,264.7,812,-3.38E+00
6863,3.74,0.989525789,-0.144356201,264.5,812,-8.15E+00
6864,3.47,0.987413807,-0.158158067,264.3,812,-2.00E+01
6865,3.17,0.990268069,-0.139173101,264,812,-2.14E+01
6866,2.47,0.998719357,0.05059294,264.1,812,-2.00E+01
6867,2.08,0.998134798,0.06104854,263.9,813,-1.57E+01
6868,2.52,0.955278362,-0.29570805,263.7,813,-9.56E+00
6869,3.79,0.927183855,-0.374606593,263.4,813,-9.18E+00
6870,2.63,0.891006524,-0.4539905,262.8,814,-1.19E+01
6871,3.91,0.877146164,-0.480223497,263.2,814,-1.77E+01
6872,5.05,0.88376563,-0.467929814,263.7,815,-2.31E+01
6873,4.91,0.915662593,-0.401947777,264.4,815,-2.04E+01
6874,5.17,0.912834177,-0.40833046,265.2,815,1.66E-01
6875,5.03,0.903335293,-0.428935133,265.9,815,1.07E+01
6876,4.61,0.905568799,-0.424199423,266.5,816,1.23E+01
6877,4.47,0.901832526,-0.432085749,266.8,816,8.47E+00
6878,4.38,0.877982975,-0.478691858,266.9,816,-6.25E+00
6879,4.18,0.795473481,-0.6059884,266.8,816,-3.17E+01
6880,3.98,0.679441304,-0.733729865,266.3,816,-3.06E+01
6881,2.41,0.026176948,-0.999657325,264.2,816,0.00E+00
6882,2.96,-0.718126298,-0.695912797,262.3,817,-3.62E+01
6883,3.4,-0.515038075,-0.857167301,263,818,-3.67E+01
6884,3.47,-0.428935133,-0.903335293,263.1,817,-3.65E+01
6885,3.38,-0.189095443,-0.981958713,263,817,-3.41E+01
6886,3.74,0.05059294,-0.998719357,263.8,817,-3.55E+01
6887,4.3,0.057564027,-0.998341817,264.5,817,0.00E+00
6888,4.88,0.19765734,-0.980271175,265.1,817,-2.95E+01
6889,6,0.289031797,-0.957319498,265.6,816,5.75E+00
6890,5.06,0.073238197,-0.997314477,265.4,816,1.09E+01
6891,5.7,0.088894297,-0.996041065,266,817,1.08E+01
6892,6.33,0.04884977,-0.998806137,266.6,817,1.18E+01
6893,5.9,-0.192521967,-0.981292664,266.5,816,1.17E+01
6894,5.44,-0.294040325,-0.955793015,266.4,816,3.07E+00
6895,6.47,-0.11493715,-0.993372766,268.6,817,1.46E+00
6896,7.49,-0.128795597,-0.991671162,270.6,817,5.83E+00
6897,7.61,-0.008726535,-0.999961923,272.4,817,3.34E+00
6898,7.54,0.043619387,-0.999048222,273.9,817,-4.74E+00
6899,6.91,0.064532308,-0.997915618,275.2,817,-2.16E+00
6900,7.29,0.057564027,-0.998341817,276.1,817,-2.06E+00
6901,7.34,0.1719291,-0.985109326,276.9,817,-3.40E+00
6902,6.43,0.120136839,-0.992757342,277.4,817,-5.50E+00
6903,6.47,0.085416923,-0.996345296,277.7,817,0.00E+00
6904,5.74,0.123601477,-0.992331938,277.4,817,0.00E+00
6905,4.74,-0.133986185,-0.9909832,274.2,818,0.00E+00
6906,4.93,0.092370587,-0.995724698,273.9,818,-1.57E+01
6907,4.01,-0.0662739,-0.997801468,272.9,818,-1.33E+01
6908,4.02,-0.00698126,-0.999975631,272.8,819,-1.08E+01
6909,3.52,-0.322265695,-0.94664926,272,818,-8.72E+00
6910,3.34,0.218143241,-0.975916762,274.2,819,-8.36E+00
6911,3.7,0.493941867,-0.86949493,275,820,-1.30E+00
6912,6.65,0.720551112,-0.693401828,276,820,7.70E-01
6913,5.82,0.577857624,-0.81613759,275.4,820,-3.07E+00
6914,4.52,0.411514359,-0.911403277,274.1,820,-1.51E+00
6915,4.23,0.328866647,-0.94437637,273.2,820,6.13E+00
6916,4.32,0.282341457,-0.959313975,273.3,821,4.44E+00
6917,4.75,0.309016994,-0.951056516,274.1,820,3.07E-01
6918,5.62,0.209618563,-0.977783237,274.6,820,-1.31E+00
6919,6.41,0.166768747,-0.985996037,275.1,820,1.42E+00
6920,6.15,0.120136839,-0.992757342,276.3,821,-4.81E+00
6921,5.72,0.104528463,-0.994521895,277.5,821,-9.27E+00
6922,5.61,0.26387305,-0.964557418,278.5,821,-4.39E+00
6923,5.15,0.376224263,-0.926528631,279.3,821,4.55E+00
6924,4.81,0.458649554,-0.888617233,279.8,822,1.05E+01
6925,4.3,0.487859659,-0.872922077,279.9,822,3.42E+00
6926,3.97,0.457097927,-0.889416373,279.7,822,-3.13E+00
6927,3.98,0.369746757,-0.929132572,279.2,821,0.00E+00
6928,3.51,0.364876784,-0.931055816,278.2,822,-2.03E+01
6929,3.93,0.199367934,-0.979924705,275.1,822,0.00E+00
6930,4.38,0.372987783,-0.927836254,275,822,-1.69E+01
6931,4.39,0.315649037,-0.948876012,274.9,822,0.00E+00
6932,4.55,0.355106962,-0.934825676,274.9,823,-3.66E+01
6933,4.85,0.58212297,-0.813100761,275,823,0.00E+00
6934,4.97,0.579281172,-0.815127796,275.1,823,0.00E+00
6935,4.37,0.67687597,-0.736097087,274.8,824,0.00E+00
6936,2.67,-0.424199423,-0.905568799,272.2,824,8.60E+00
6937,4.03,-0.534352349,-0.845261833,273.7,824,1.39E+01
6938,4.26,-0.026176948,-0.999657325,274.1,824,1.01E+01
6939,4.41,0.173648178,-0.984807753,274.7,825,6.39E+00
6940,4.46,0.102792537,-0.994702817,274.7,825,-2.52E+00
6941,4.74,0.008726535,-0.999961923,274.7,825,-2.22E+01
6942,4.45,-0.015707317,-0.999876632,274.2,825,-4.64E+00
6943,4.52,-0.010471784,-0.999945169,275.9,826,-3.09E+00
6944,4.01,-0.183951351,-0.982935349,278.5,827,-2.61E+00
6945,5.14,-0.381070376,-0.924546034,279.5,827,7.84E-01
6946,4.85,-0.09063258,-0.995884399,280.6,826,6.81E+00
6947,3.36,-0.074978727,-0.997185134,281.9,826,5.56E+00
6948,3.35,-0.250380004,-0.96814764,282.2,827,3.33E+00
6949,1.83,-0.267238376,-0.963630453,282.9,826,1.74E-01
6950,2.57,-0.315649037,-0.948876012,282.7,826,-4.75E+00
6951,2.51,-0.351841648,-0.936059536,282.1,825,-4.05E+00
6952,1.91,-0.238533458,-0.97113428,280.9,825,-2.27E-01
6953,4.2,-0.392337117,-0.919821497,277.6,823,-1.34E+00
6954,4.29,-0.327217899,-0.944948912,276.7,824,4.51E-01
6955,4.34,-0.377840787,-0.925870585,276.6,824,4.34E+00
6956,4.36,-0.554844427,-0.831954122,276.6,824,1.05E+01
6957,5,-0.718126298,-0.695912797,277,823,1.11E+01
6958,4.39,-0.458649554,-0.888617233,276.1,823,9.38E+00
6959,4.9,-0.450877541,-0.892585818,276.4,823,7.92E+00
6960,5.82,-0.707106781,-0.707106781,277.6,823,6.79E+00
6961,6.51,-0.784776371,-0.619779032,278,822,4.25E+00
6962,4.57,-0.53139858,-0.847121921,276.5,821,4.62E+00
6963,4.68,-0.368124553,-0.929776486,276.7,821,1.14E+01
6964,4.69,-0.428935133,-0.903335293,276.5,820,1.29E+01
6965,4.43,-0.441505853,-0.89725837,275.9,820,1.06E+01
6966,5.22,-0.487859659,-0.872922077,276.2,819,1.05E+01
6967,4.93,-0.592013179,-0.805928282,277.6,819,9.75E+00
6968,5.93,-0.48480962,-0.874619707,281.1,819,1.21E+00
6969,6.87,-0.525471651,-0.850811109,282.1,819,-6.02E-03
6970,8.39,-0.49848774,-0.866896749,283.4,818,3.39E+00
6971,6.49,-0.422618262,-0.906307787,284.4,818,4.18E+00
6972,5.27,-0.401947777,-0.915662593,285,819,-9.51E+00
6973,4.02,-0.268919821,-0.963162567,285.3,819,8.43E+00
6974,4.3,-0.369746757,-0.929132572,285.3,818,1.38E+01
6975,4.35,-0.350207381,-0.936672189,285.1,818,7.94E+00
6976,3.36,-0.546101961,-0.837718717,283.7,818,4.68E+00
6977,4.1,-0.236838146,-0.97154912,281.8,814,9.25E+00
6978,4.41,0.078459096,-0.996917334,281.3,815,5.28E+00
6979,4.34,0.313992456,-0.949425478,280.7,815,2.57E+00
6980,4.7,0.325568154,-0.945518576,280.8,815,3.06E+00
6981,4.71,0.374606593,-0.927183855,280.7,815,4.72E+00
6982,4.42,0.302369891,-0.953190668,279.9,815,6.41E+00
6983,4.54,0.366501227,-0.930417568,279.3,815,5.70E+00
6984,5.54,0.618408395,-0.785856893,279.8,815,1.41E+01
6985,5.96,0.657375246,-0.753563392,279.8,816,6.75E+00
6986,5.49,0.649448048,-0.760405966,278.9,815,-5.00E+00
6987,4.99,0.634730513,-0.772733573,278.5,816,8.37E-01
6988,5.25,0.692143174,-0.721760228,278.8,817,5.31E+00
6989,5.43,0.764921401,-0.64412363,279,817,-1.84E+00
6990,7.51,0.807989884,-0.589196357,278.3,817,-2.13E+00
6991,6.94,0.865151421,-0.501510737,278.1,818,-6.01E+00
6992,6.41,0.946085359,-0.323917418,279.6,819,1.88E+00
6993,6.84,0.981292664,-0.192521967,280.9,820,3.65E+00
6994,6.21,0.984195608,-0.17708474,281.8,821,-6.21E+00
6995,5.86,0.954240329,-0.299040792,282.4,822,-7.00E+00
6996,4.86,0.934825676,-0.355106962,282.8,822,-4.20E-01
6997,3.88,0.824126189,-0.566406237,283,822,-3.19E+01
6998,3.64,0.71447268,-0.699663341,283.2,822,-6.82E+00
6999,3.81,0.674302388,-0.738455341,282.9,822,-2.72E+01
7000,3.7,0.685818353,-0.727772758,282,822,-2.37E+01
7001,2.62,0.330514393,-0.943800952,278.6,822,-1.85E+01
7002,3.5,0.16848938,-0.985703469,277.6,822,-1.10E+01
7003,3.73,0.204496052,-0.978867389,277.3,823,-2.65E+00
7004,3.35,0.390731128,-0.920504853,276.2,823,9.53E-02
7005,3.14,0.146083029,-0.989272333,275.1,823,3.72E-01
7006,3.2,0.282341457,-0.959313975,274.6,823,-6.87E+00
7007,3.72,0.111468932,-0.993767919,275,824,-2.43E+01
7008,4.38,0.544639035,-0.838670568,275.6,824,-5.28E+00
7009,4.39,0.436801788,-0.899557779,275.4,824,9.44E-01
7010,4.22,0.534352349,-0.845261833,274.9,823,9.67E-01
7011,4.2,0.58212297,-0.813100761,274.7,824,5.88E-01
7012,3.82,0.382683432,-0.923879533,274.3,824,2.99E+00
7013,4.26,0.355106962,-0.934825676,275.2,824,7.80E+00
7014,4.52,0.567843745,-0.823136369,275.5,824,1.00E+01
7015,2.72,0.40833046,-0.912834177,276.1,825,4.04E+00
7016,2.68,0.828060335,-0.560638995,279.9,825,-3.81E-01
7017,2.29,0.89648643,-0.443071191,281.5,825,4.98E+00
7018,1.82,0.860742027,-0.509041416,282.9,825,5.02E+00
7019,2.03,0.38912395,-0.921185406,284.2,824,4.01E+00
7020,2.67,0.01396218,-0.999902524,284.9,824,2.46E+00
7021,3.6,-0.127064609,-0.991894443,285.3,824,5.80E+00
7022,3.38,-0.038387809,-0.999262916,285.3,823,8.63E+00
7023,3.27,0.008726535,-0.999961923,285,823,1.21E+01
7024,3.13,-0.31067643,-0.950515732,284.1,823,7.90E+00
7025,5.14,-0.562083378,-0.827080574,281.2,820,5.20E+00
7026,5.92,-0.567843745,-0.823136369,281.5,819,4.21E+00
7027,6.22,-0.590605668,-0.806960312,282.3,819,7.27E+00
7028,6.23,-0.593418887,-0.804893797,282.3,820,8.84E+00
7029,6.12,-0.547563223,-0.836764313,282.4,819,7.65E+00
7030,5.91,-0.493941867,-0.86949493,282.6,819,2.48E+00
7031,5.27,-0.443071191,-0.89648643,282.8,818,2.38E+00
7032,4.81,-0.512042865,-0.858959897,282.4,818,2.14E+00
7033,4.34,-0.284015345,-0.958819735,281.5,818,1.03E+01
7034,3.79,-0.37945616,-0.925209718,279.9,818,1.16E+01
7035,3.57,-0.567843745,-0.823136369,279.6,818,1.16E+01
7036,3.66,-0.724171861,-0.689619544,278.8,819,1.47E+01
7037,4.09,-0.669130606,-0.743144825,278.8,818,1.44E+01
7038,3.72,-0.504527624,-0.863395551,278.4,818,9.03E+00
7039,3.37,-0.183951351,-0.982935349,280.3,818,3.05E+00
7040,3.46,0.604599115,-0.796529918,286.1,818,2.18E+00
7041,1.82,0.994337944,-0.106264071,287.7,818,2.83E+00
7042,2.35,0.932323801,0.36162457,288,818,1.33E+00
7043,2.55,0.258819045,0.965925826,287.7,819,-7.74E-01
7044,2.51,0.19765734,0.980271175,287.9,819,4.05E+00
7045,3,0.095845753,0.995396198,286.6,818,1.89E+00
7046,2.63,-0.017452406,0.999847695,286.7,818,4.38E-01
7047,3.2,-0.00698126,0.999975631,285.8,818,-1.51E-02
7048,2.38,-0.158158067,0.987413807,284.5,818,-9.01E-01
7049,2.31,0.102792537,0.994702817,281.4,817,-7.55E-01
7050,0.65,0.435231099,0.900318771,280.2,817,-7.59E-01
7051,0.28,-0.528438335,-0.848971688,279.6,817,-6.08E-02
7052,0.75,0.977415894,-0.211324796,278.9,817,4.51E-01
7053,0.71,-0.934825676,-0.355106962,278.4,817,-1.51E-02
7054,3.49,-0.33545157,-0.942057453,278.1,817,-1.11E+00
7055,3.03,-0.366501227,-0.930417568,277.4,817,-2.56E+00
7056,3.62,-0.194234351,-0.980955155,277.7,817,-3.91E+00
7057,3.99,-0.40833046,-0.912834177,278.2,817,-8.92E-01
7058,4.29,-0.425779292,-0.904827052,278.6,817,9.90E-01
7059,4.71,-0.40833046,-0.912834177,279.3,817,-3.66E+00
7060,4.49,-0.307356618,-0.951594404,278.9,818,-1.55E+00
7061,4.42,-0.337095258,-0.941470545,278.8,818,2.83E+00
7062,4.71,-0.343659695,-0.939094252,279.1,818,2.27E+00
7063,4.09,-0.41310443,-0.910683661,280.3,818,3.52E+00
7064,0.31,-0.094108313,-0.995561965,283.6,819,4.76E-01
7065,1.58,0.564967003,0.825113498,284.4,819,-5.37E+00
7066,2.13,0.033155178,0.999450216,285.4,819,-4.77E+00
7067,2.58,0.127064609,0.991894443,286,819,-6.25E-01
7068,3.57,0.11493715,0.993372766,286,820,3.66E+00
7069,3.81,-0.010471784,0.999945169,285.5,820,9.85E+00
7070,3.6,-0.284015345,0.958819735,285,820,7.84E+00
7071,3.39,-0.369746757,0.929132572,284.2,820,-2.23E+00
7072,3.39,-0.377840787,0.925870585,282.8,820,-1.35E+00
7073,2.67,0.133986185,0.9909832,279.5,820,-5.32E+00
7074,1.49,0.111468932,0.993767919,277.9,821,-5.49E+00
7075,0.9,-0.661311865,0.75011107,277.3,821,-5.47E+00
7076,0.91,-0.996637387,0.081938509,276.4,822,-5.47E+00
7077,1.17,-0.973975967,0.226651307,276.1,821,-5.44E+00
7078,0.28,0.608761429,-0.79335334,276.1,821,-4.14E+00
7079,1.09,0.726574671,-0.687087511,275.8,821,-3.61E+00
7080,1.05,0.997684279,-0.068015291,275.5,822,-3.94E+00
7081,1.25,0.40833046,-0.912834177,275.3,821,-6.47E+00
7082,3.17,0.211324796,-0.977415894,275.5,820,-8.29E+00
7083,4.63,-0.629320391,-0.777145961,277.6,820,1.20E+00
7084,5.2,-0.650774217,-0.759271307,278.3,820,-6.10E+00
7085,4.37,-0.669130606,-0.743144825,277.9,820,-5.43E+00
7086,4.14,-0.516533329,-0.856267085,277,820,1.98E+00
7087,4.57,-0.718126298,-0.695912797,278.4,820,-1.38E-01
7088,4.72,-0.86949493,-0.493941867,281.8,820,-1.70E+01
7089,4.34,-0.88376563,-0.467929814,281.8,821,-8.77E+00
7090,5.82,-0.963630453,-0.267238376,284.7,820,-1.29E+01
7091,5.88,-0.928485827,-0.371367836,285.9,819,-5.06E+00
7092,5.68,-0.919821497,-0.392337117,287.1,819,-9.85E+00
7093,6.87,-0.954240329,-0.299040792,286.8,819,9.95E-03
7094,7.26,-0.963630453,-0.267238376,285.2,818,-1.95E+01
7095,5.23,-0.982287251,0.187381315,285.2,817,-1.09E+01
7096,4.88,-0.925209718,0.37945616,284.2,818,-1.39E+01
7097,2.83,-0.638767818,-0.769399555,280.5,815,-8.07E+00
7098,3.33,-0.823136369,-0.567843745,280.2,816,-5.60E+00
7099,5.2,-0.968583161,-0.248689887,281,816,-4.18E+00
7100,5.91,-0.907044014,-0.421035813,281,816,-5.46E+00
7101,8.13,-0.885393626,-0.464842046,281.5,815,-1.43E+01
7102,7.78,-0.879648573,-0.475624209,281.6,815,0.00E+00
7103,5.36,-0.863395551,-0.504527624,281.1,815,0.00E+00
7104,4.39,-0.826098294,-0.563526049,280.6,815,0.00E+00
7105,5.62,-0.857167301,-0.515038075,280.6,814,-2.24E+01
7106,5.55,-0.847121921,-0.53139858,280.7,814,-3.28E+00
7107,5.5,-0.732542899,-0.680720869,280.6,813,-5.81E+00
7108,5.18,-0.62114778,-0.783693457,280.4,814,-2.11E+01
7109,5.34,-0.433659085,-0.901077021,280.9,813,0.00E+00
7110,4.72,-0.475624209,-0.879648573,281.1,813,0.00E+00
7111,4.44,-0.584957675,-0.811063819,282,813,0.00E+00
7112,4.15,-0.69465837,-0.7193398,284,813,0.00E+00
7113,4.83,-0.648119901,-0.761538308,285.8,813,-7.53E+00
7114,5.32,-0.618408395,-0.785856893,286.4,812,7.99E+00
7115,5.2,-0.641449632,-0.767165152,287.4,812,1.27E+01
7116,4.58,-0.419452082,-0.907777479,288.4,812,1.37E+01
7117,3.43,0.158158067,-0.987413807,288.2,812,1.38E+01
7118,2.84,0.416280792,-0.909236109,288,812,1.45E+01
7119,2.65,0.828060335,-0.560638995,287.7,812,1.38E+01
7120,0.52,0.982287251,0.187381315,286.5,813,1.27E+01
7121,1.12,-0.36162457,-0.932323801,282.3,812,1.11E+01
7122,3.29,0.419452082,-0.907777479,281.4,812,1.17E+01
7123,3.49,0.359996808,-0.932953535,281,812,1.04E+01
7124,3.7,0.496973961,-0.867765453,280.4,812,7.01E+00
7125,3.66,0.490903754,-0.871213811,279.7,812,5.49E+00
7126,3.72,0.392337117,-0.919821497,279,812,3.01E+00
7127,3.86,0.464842046,-0.885393626,278.7,812,1.19E+00
7128,4.81,0.560638995,-0.828060335,279.3,812,1.35E+00
7129,5.6,0.603207988,-0.797583929,279.8,812,1.57E+00
7130,4.24,0.604599115,-0.796529918,279.7,812,1.29E+00
7131,4.35,0.670426619,-0.741975841,279.8,812,6.68E-01
7132,5.53,0.725374371,-0.688354576,279.6,812,-1.29E+00
7133,5.78,0.736097087,-0.67687597,279.5,812,-5.47E+00
7134,5.74,0.748955721,-0.662620048,279.1,812,-9.44E+00
7135,5.63,0.821149209,-0.570713568,279.5,813,-8.52E+00
7136,4.89,0.931055816,-0.364876784,281.5,813,-1.57E+01
7137,4.7,0.975916762,-0.218143241,282.7,814,-1.95E+01
7138,4.96,0.974761194,-0.223250116,283.6,814,-1.07E+01
7139,5.1,0.978508985,-0.206204185,283.9,814,0.00E+00
7140,5.05,0.978147601,-0.207911691,283.8,814,-1.24E+01
7141,4.39,0.941470545,-0.337095258,283.2,814,-5.36E+00
7142,3.82,0.771624583,-0.63607822,283,814,-8.01E+00
7143,4.08,0.563526049,-0.826098294,282.4,814,-1.54E+01
7144,4.43,0.452434709,-0.89179753,280.3,814,0.00E+00
7145,2.53,0.443071191,-0.89648643,280.8,813,-3.44E+01
7146,3.04,0.417867074,-0.908508178,280.4,813,-3.61E+01
7147,3.53,0.211324796,-0.977415894,278.8,814,-3.11E+01
7148,3.78,0.318959309,-0.94776841,278.4,814,-3.09E+01
7149,3.45,0.202787295,-0.979222811,277.3,814,-2.09E+01
7150,4.02,0.130526192,-0.991444861,277.3,814,0.00E+00
7151,4.67,0.26387305,-0.964557418,277.7,814,0.00E+00
7152,4.53,0.190808995,-0.981627183,276.9,814,9.75E+00
7153,3.64,-0.13225639,-0.99121554,275.3,814,2.62E+00
7154,3.46,-0.769399555,-0.638767818,274.4,813,7.67E+00
7155,3.66,0.09063258,-0.995884399,275.1,813,9.42E+00
7156,3.62,-0.778243149,-0.627963058,274.6,814,2.92E+00
7157,3.54,-0.430511097,-0.902585284,274.3,814,-4.81E-02
7158,4.42,0.253757945,-0.967267753,275.3,813,1.84E+00
7159,5.3,0.403545296,-0.914959668,276.7,813,1.71E+00
7160,5.81,0.22835087,-0.973578903,278.9,814,-2.39E+00
7161,6.03,0.272280247,-0.962217994,280.2,814,-2.85E+00
7162,7.55,0.277314653,-0.960779154,280.9,814,-2.38E+00
7163,9.36,0.289031797,-0.957319498,281,813,-4.99E+00
7164,9.98,0.342020143,-0.939692621,281.7,813,-5.17E+00
7165,9.99,0.372987783,-0.927836254,282.1,812,-2.12E+00
7166,9.63,0.366501227,-0.930417568,282.9,812,-4.08E-02
7167,8.46,0.238533458,-0.97113428,282.8,812,-1.75E+01
7168,5.82,0.235142113,-0.971961001,281.9,812,0.00E+00
7169,3.37,-0.960293686,-0.278991106,279.5,812,-1.23E+01
7170,3.37,-0.870355696,-0.49242356,278.9,813,-8.21E+00
7171,3.23,-0.790155012,-0.612907054,277.9,813,-8.39E+00
7172,3.22,-0.693401828,-0.720551112,277.5,813,-1.01E+01
7173,3.39,-0.255445758,-0.966823389,277.2,812,-9.46E+00
7174,3.68,-0.123601477,-0.992331938,277.7,812,-2.59E+01
7175,5.06,0.068015291,-0.997684279,278.6,813,0.00E+00
7176,5.5,0.182235525,-0.983254908,279,813,-3.66E+01
7177,6.76,0.278991106,-0.960293686,279.6,812,-1.73E+00
7178,7.84,0.350207381,-0.936672189,280,812,4.21E+00
7179,6.86,0.356737999,-0.934204474,279.6,812,4.36E+00
7180,5.78,0.305695305,-0.952129393,279.3,812,1.45E+00
7181,4.78,0.130526192,-0.991444861,278.5,812,3.93E+00
7182,4.16,-0.094108313,-0.995561965,278.3,811,-1.88E-01
7183,7.1,0.444635179,-0.89571176,279.9,811,1.06E+00
7184,8.42,0.501510737,-0.865151421,281.1,812,3.64E+00
7185,7.58,0.512042865,-0.858959897,281.4,812,4.73E+00
7186,6.22,0.516533329,-0.856267085,281.3,813,5.78E+00
7187,6.51,0.49242356,-0.870355696,282.3,813,4.99E+00
7188,6.95,0.579281172,-0.815127796,282.4,813,2.95E+00
7189,7.26,0.6059884,-0.795473481,281.8,814,1.84E+00
7190,7.91,0.557745109,-0.830012285,281.3,813,1.63E+00
7191,7.49,0.576432316,-0.817144898,280.9,813,-4.00E+00
7192,6.25,0.645457688,-0.763796029,278.1,814,-1.54E+01
7193,8.34,0.67815967,-0.734914595,278.3,812,-2.85E+01
7194,2.33,0.317304656,-0.948323655,275.8,814,-1.06E+01
7195,1.13,0.65868946,-0.752414909,274.8,814,-3.67E+01
7196,1.77,0.209618563,-0.977783237,274.1,815,0.00E+00
7197,1.71,-0.194234351,-0.980955155,273.6,815,0.00E+00
7198,2.57,-0.97113428,-0.238533458,273,816,0.00E+00
7199,2.95,-0.99121554,-0.13225639,273,816,0.00E+00
7200,3.55,-0.248689887,-0.968583161,273.8,817,0.00E+00
7201,4.62,0.064532308,-0.997915618,274.8,816,-6.16E+00
7202,4.61,-0.187381315,-0.982287251,274.5,816,-3.71E+00
7203,3.77,-0.575005252,-0.818149717,273.9,816,9.75E-01
7204,3.98,-0.877146164,-0.480223497,273.8,817,2.15E+00
7205,3.86,-0.86162916,-0.507538363,273.5,817,2.79E+00
7206,3.8,-0.89179753,-0.452434709,273.4,817,2.48E+00
7207,3.41,-0.760405966,-0.649448048,274.3,817,2.90E+00
7208,1.78,-0.430511097,-0.902585284,277.7,817,3.91E+00
7209,1.75,-0.057564027,-0.998341817,280.4,817,7.52E+00
7210,2.13,-0.159881188,-0.987136265,282.3,817,1.25E+01
7211,2.78,-0.260504509,-0.965472631,283.5,817,1.28E+01
7212,3.21,-0.376224263,-0.926528631,284,817,1.14E+01
7213,3.15,-0.320612991,-0.947210278,284.5,817,6.98E+00
7214,3.64,-0.289031797,-0.957319498,284.9,816,9.88E+00
7215,3.42,-0.366501227,-0.930417568,284.8,816,1.26E+01
7216,2.2,-0.650774217,-0.759271307,283.4,816,4.20E+00
7217,4.31,-0.553391549,-0.832921241,281.2,813,-9.62E-01
7218,3.97,-0.601815023,-0.79863551,280.7,813,7.27E+00
7219,3.94,-0.549022818,-0.835807361,280.3,814,8.87E+00
7220,3.87,-0.638767818,-0.769399555,279.9,813,7.11E+00
7221,3.75,-0.687087511,-0.726574671,279.7,812,7.30E+00
7222,3.76,-0.455544907,-0.890212805,279.3,812,6.38E+00
7223,3.87,-0.592013179,-0.805928282,279.4,812,5.32E+00
7224,2.82,-0.22835087,-0.973578903,278.8,811,4.27E+00
7225,2.71,-0.981627183,-0.190808995,278.5,810,3.00E+00
7226,2.55,-0.69465837,-0.7193398,278.8,810,2.42E+00
7227,1.43,-0.515038075,0.857167301,279.1,810,2.56E+00
7228,1.74,0.97154912,0.236838146,278.9,810,2.68E+00
7229,4.12,0.166768747,-0.985996037,279,809,3.25E+00
7230,4.9,0.245307386,-0.96944535,279.5,808,4.49E+00
7231,2.56,-0.400349033,-0.91636273,277.8,809,7.64E+00
7232,0.43,0.284015345,-0.958819735,282.9,809,7.79E-01
7233,2.53,0.432085749,0.901832526,284.9,810,1.68E+00
7234,2.2,0.328866647,-0.94437637,286.2,810,2.36E+00
7235,2.48,0.313992456,-0.949425478,285.1,809,1.15E+00
7236,0.93,0.305695305,-0.952129393,286,809,-9.19E-01
7237,1.69,0.975149354,-0.221548498,284.8,809,1.39E+01
7238,1.18,0.149535343,-0.988756381,284.4,809,-6.50E+00
7239,2.98,-0.104528463,-0.994521895,283.7,809,5.99E-01
7240,4.09,0.912120116,-0.409923034,280,810,-5.14E-01
7241,5.27,0.713250449,-0.700909264,277.8,809,-3.65E+00
7242,1.46,0.959313975,0.282341457,276,811,-5.51E+00
7243,1.14,-0.952129393,0.305695305,274.8,811,-6.56E+00
7244,2.64,0.998239828,-0.059306374,275.7,811,-7.90E+00
7245,1.6,0.041875654,-0.99912283,273.8,811,-7.91E+00
7246,2.34,-0.6142852,-0.789084085,273.7,812,-8.41E+00
7247,3.33,0.521009632,-0.853550797,273.4,812,-8.73E+00
7248,2.07,0.419452082,-0.907777479,272.3,812,-1.04E+01
7249,2.39,-0.803856861,-0.594822787,271.6,812,-1.22E+01
7250,2.73,-0.923879533,-0.382683432,271.8,812,-1.18E+01
7251,2.77,-0.684547106,-0.728968627,271.8,812,-9.95E+00
7252,2.59,0.213030386,-0.977045574,271.5,813,-8.73E+00
7253,1.93,-0.248689887,-0.968583161,271.6,812,5.32E+00
7254,2.37,-0.772733573,-0.634730513,271.4,813,4.83E+00
7255,2.16,-0.995396198,0.095845753,272.3,813,-3.24E+00
7256,1.98,0.999780683,-0.02094242,274.2,814,-5.29E+00
7257,2.05,0.985996037,0.166768747,274.7,814,-1.35E+01
7258,1.18,0.899557779,0.436801788,274.6,814,-3.76E+00
7259,0.88,-0.513541252,-0.858064906,275.2,814,-5.74E+00
7260,2.56,0.997052752,-0.076719028,273.2,814,-2.23E+00
7261,3.06,0.914959668,-0.403545296,276.2,813,-2.19E+00
7262,3.1,0.904827052,-0.425779292,276.5,813,-2.02E+00
7263,2.97,0.622514637,-0.782608157,276,813,-7.03E+00
7264,2.63,0.447759088,-0.894154237,274.8,814,-1.22E+01
7265,2.26,0.332161132,-0.943222658,272.6,813,-9.21E+00
7266,2.07,0.008726535,-0.999961923,272,813,-4.55E+00
7267,2.62,0.189095443,-0.981958713,272.1,814,1.02E+00
7268,2.92,0.107999356,-0.994150964,272.1,814,2.95E+00
7269,3.2,0.068015291,-0.997684279,272.1,815,-1.10E+00
7270,2.74,-0.183951351,-0.982935349,271.6,815,-1.37E+01
7271,2.66,-0.322265695,-0.94664926,271.4,815,-2.29E+01
7272,2.96,-0.576432316,-0.817144898,271.3,815,-1.71E+00
7273,3.5,-0.11493715,-0.993372766,271.5,815,4.37E+00
7274,3.82,0.033155178,-0.999450216,271.5,815,5.42E+00
7275,3.54,0.026176948,-0.999657325,271.1,815,4.53E+00
7276,3.61,0.01396218,-0.999902524,271.1,815,2.42E+00
7277,5.2,0.240228042,-0.970716482,271.7,814,3.82E+00
7278,6.64,0.282341457,-0.959313975,272,814,4.01E+00
7279,6.61,0.255445758,-0.966823389,272.1,815,5.54E-01
7280,6.76,0.201077921,-0.97957525,273.7,815,1.03E+00
7281,6.72,0.159881188,-0.987136265,274.6,815,6.60E+00
7282,6.18,0.128795597,-0.991671162,275.1,815,5.55E+00
7283,5.87,0.275637356,-0.961261696,275.5,815,-1.31E+00
7284,5.56,0.29570805,-0.955278362,275.9,814,-2.65E+00
7285,5.45,0.320612991,-0.947210278,276.4,814,-5.21E+00
7286,5.03,0.233445364,-0.97236992,276.5,813,-6.15E+00
7287,4.77,0.069756474,-0.99756405,276,813,0.00E+00
7288,2.77,-0.142628934,-0.989776231,274.8,813,-1.07E+01
7289,2.15,-0.564967003,-0.825113498,273.6,811,-3.65E+01
7290,3.38,-0.364876784,-0.931055816,273.8,811,-6.49E+00
7291,3.23,-0.159881188,-0.987136265,273.9,811,-3.96E+00
7292,3.52,-0.233445364,-0.97236992,272.1,810,-3.92E+00
7293,3.24,-0.304033061,-0.952661481,272.4,809,-3.59E+00
7294,2.91,-0.260504509,-0.965472631,273.6,809,-3.85E+00
7295,3.01,0.199367934,-0.979924705,274.3,809,-6.67E+00
7296,3.02,0.139173101,-0.990268069,274.1,809,-4.50E+00
7297,3.07,0.202787295,-0.979222811,271.6,808,9.83E+00
7298,3.28,0.253757945,-0.967267753,272.2,808,9.53E+00
7299,3.63,0.403545296,-0.914959668,271.9,808,1.29E+01
7300,3.85,0.297374874,-0.9547608,270.7,808,1.36E+01
7301,3.01,-0.233445364,-0.97236992,270.4,807,-2.29E+00
7302,2.83,-0.290702194,-0.956813584,270.7,807,-4.76E+00
7303,2.4,-0.534352349,-0.845261833,271.2,807,-1.44E+00
7304,6.02,0.48633538,-0.873772223,273.5,807,-7.96E+00
7305,8.67,0.5,-0.866025404,274.7,807,-3.16E-01
7306,9.29,0.490903754,-0.871213811,275.5,807,-4.76E+00
7307,8,0.483282383,-0.875464527,276.1,807,-1.39E+01
7308,6.46,0.277314653,-0.960779154,276.1,808,-1.21E+01
7309,5.39,0.318959309,-0.94776841,275.8,808,-6.63E+00
7310,4.97,0.464842046,-0.885393626,275.2,808,3.88E+00
7311,4.68,0.64278761,-0.766044443,275,808,0.00E+00
7312,4.46,0.665230355,-0.746638182,273.8,808,0.00E+00
7313,3.89,-0.4539905,-0.891006524,272.2,809,-1.55E+01
7314,3.89,-0.64678978,-0.76266833,271.4,809,-9.23E+00
7315,2.62,0.052335956,-0.998629535,270.3,810,-1.06E+01
7316,7.37,0.790155012,-0.612907054,271,810,-1.34E+01
7317,9.31,0.837718717,-0.546101961,270.6,808,-3.66E+01
7318,7.49,0.848048096,-0.529919264,270.3,809,0.00E+00
7319,4.53,0.923210217,-0.384295323,269.8,810,0.00E+00
7320,3.26,-0.932953535,0.359996808,269.4,811,-6.77E+00
7321,3.47,-0.993372766,0.11493715,269.5,812,-1.71E+01
7322,1.24,-0.474088209,-0.880477354,269.1,811,-4.11E+00
7323,2.28,-0.964557418,-0.26387305,269.1,811,-1.37E+00
7324,2.5,-0.716910608,-0.697165103,268.8,811,2.91E+00
7325,3.67,-0.55048074,-0.834847863,268.9,810,2.41E+00
7326,4.06,-0.374606593,-0.927183855,268.9,810,-4.31E+00
7327,4.28,-0.076719028,-0.997052752,270.8,810,-3.70E+00
7328,3.85,-0.194234351,-0.980955155,272.2,810,-2.81E+00
7329,2.43,-0.299040792,-0.954240329,273,809,-2.72E+00
7330,1.88,-0.716910608,-0.697165103,274.2,808,5.93E-01
7331,4.4,-0.506033764,-0.862513669,276.1,807,-2.87E+00
7332,5.92,-0.455544907,-0.890212805,275.9,807,-1.45E+00
7333,6.28,-0.292371705,-0.956304756,276.3,806,-4.29E-01
7334,4.89,-0.015707317,-0.999876632,277.3,805,-7.55E+00
7335,3.92,-0.113203214,-0.993571856,277.2,805,-2.73E+00
7336,2.34,-0.662620048,-0.748955721,276.2,804,5.71E-01
7337,6.23,0.495458668,-0.868631514,276.4,803,1.04E+01
7338,4.8,0.46638664,-0.884580975,275.8,803,4.27E+00
7339,6.56,0.33873792,-0.940880769,276.6,801,1.74E-01
7340,4.16,0.526955795,-0.849892693,275.9,801,3.46E+00
7341,3.18,-0.997801468,-0.0662739,274.9,801,1.14E+01
7342,2.41,-0.596224875,-0.802817475,274.9,802,1.13E+01
7343,3.31,-0.111468932,-0.993767919,274.4,802,1.16E+01
7344,3.16,-0.180519145,-0.983571471,273.9,802,2.94E+00
7345,4.34,0.359996808,-0.932953535,274.2,801,5.21E+00
7346,5.92,0.570713568,-0.821149209,274,801,5.73E+00
7347,1.04,-0.889416373,-0.457097927,271.8,802,1.32E+01
7348,2.61,-0.851726934,-0.523985906,270.9,803,4.68E+00
7349,8.07,0.654740814,-0.755853469,271.3,803,4.32E+00
7350,8.41,0.538770785,-0.842452397,270.6,804,2.01E+00
7351,9.23,0.707106781,-0.707106781,270.3,804,-2.56E+00
7352,7.2,0.91636273,-0.400349033,270.3,806,-4.91E+00
7353,7.08,0.994337944,-0.106264071,270.9,807,-5.67E+00
7354,7.23,0.999975631,0.00698126,271.4,808,-1.97E+00
7355,7.49,0.99955986,0.029666244,272,809,-8.01E+00
7356,7.45,0.998440764,0.055821505,272.6,811,-6.12E+00
7357,6.17,0.996778878,0.080198924,272.6,811,0.00E+00
7358,5.86,0.995724698,-0.092370587,272.5,811,-7.64E-01
7359,5,0.982935349,-0.183951351,272.3,812,0.00E+00
7360,4.26,0.96944535,-0.245307386,271.7,813,0.00E+00
7361,2.02,0.932953535,-0.359996808,269.4,813,0.00E+00
7362,2.34,0.371367836,-0.928485827,269.3,813,-2.32E+01
7363,2.6,0.435231099,-0.900318771,269.3,813,-2.50E+01
7364,2.33,0.307356618,-0.951594404,269.1,813,-3.07E+01
7365,2.59,0.183951351,-0.982935349,269.2,813,0.00E+00
7366,2.82,0.1719291,-0.985109326,269.5,813,0.00E+00
7367,3.19,0.262189179,-0.965016494,269.7,813,0.00E+00
7368,3.83,0.270600446,-0.962691746,270.2,813,-1.12E+01
7369,4.86,0.330514393,-0.943800952,270.7,812,4.74E+00
7370,5.16,0.36325123,-0.931691228,271.1,812,4.67E+00
7371,5.28,0.248689887,-0.968583161,271.1,812,7.12E+00
7372,5,0.238533458,-0.97113428,271.1,812,1.20E+01
7373,4.46,0.211324796,-0.977415894,271,811,1.23E+01
7374,4.21,0.199367934,-0.979924705,271.2,810,1.32E+01
7375,4.21,0.15126082,-0.988493887,271.8,810,1.40E+01
7376,3.89,-0.054078813,-0.99853667,274.1,810,1.25E+01
7377,3.4,-0.11493715,-0.993372766,275.7,809,7.89E+00
7378,2.76,-0.09931975,-0.99505557,277.2,808,9.54E+00
7379,2.84,-0.133986185,-0.9909832,277.5,807,1.10E+01
7380,3.05,-0.600420225,-0.799684658,277.8,806,1.21E+01
7381,4.44,-0.576432316,-0.817144898,276.2,806,1.32E+01
7382,4.81,-0.63607822,-0.771624583,276.1,804,1.28E+01
7383,4.64,-0.693401828,-0.720551112,275.2,803,1.30E+01
7384,3.6,-0.679441304,-0.733729865,274.6,803,1.13E+01
7385,3.31,-0.289031797,-0.957319498,274.9,800,9.17E+00
7386,3.73,0.450877541,-0.892585818,275,800,8.75E+00
7387,1.78,-0.33873792,-0.940880769,273.8,799,9.66E+00
7388,2.89,0.133986185,-0.9909832,274.3,799,3.65E-01
7389,3.95,0.490903754,-0.871213811,274.3,799,-5.85E+00
7390,3.89,0.525471651,-0.850811109,274.5,800,1.01E+01
7391,4.26,0.580702956,-0.814115518,274.6,800,1.09E+01
7392,4.96,0.573576436,-0.819152044,274.5,800,-4.34E+00
7393,4.41,0.738455341,-0.674302388,273.5,800,-5.42E+00
7394,6.57,0.612907054,-0.790155012,273.1,800,-5.10E+00
7395,3.14,0.443071191,-0.89648643,271.3,800,-4.28E+00
7396,2.69,0.149535343,-0.988756381,270.7,801,-1.31E+01
7397,2.04,-0.427357863,-0.90408255,270.4,801,-4.70E+00
7398,1.99,-0.258819045,-0.965925826,270,801,-2.22E+01
7399,5.44,0.522498565,-0.852640164,271.7,801,-9.12E+00
7400,9.08,0.496973961,-0.867765453,272.7,802,-3.84E+00
7401,9.77,0.54170821,-0.840566603,273.2,802,-1.22E+01
7402,9.33,0.510542918,-0.859852272,273.7,802,-5.02E+00
7403,8.48,0.47715876,-0.878817113,274,802,-7.33E+00
7404,8.14,0.472550765,-0.881303452,274.2,803,-6.50E+00
7405,7.9,0.443071191,-0.89648643,274.3,803,-6.36E+00
7406,7.65,0.29570805,-0.955278362,273.9,803,-1.69E+01
7407,4.86,0.390731128,-0.920504853,273.4,803,0.00E+00
7408,5.35,0.024432178,-0.99970149,272.3,803,0.00E+00
7409,1.16,-0.348572047,-0.937281989,270.1,804,0.00E+00
7410,2.68,-0.899557779,-0.436801788,269.9,805,0.00E+00
7411,2.79,-0.246999013,-0.969015731,269.9,805,0.00E+00
7412,3.95,0.273959219,-0.96174131,270.3,805,0.00E+00
7413,5.88,0.526955795,-0.849892693,270.2,805,0.00E+00
7414,4.88,0.322265695,-0.94664926,269.8,805,-1.33E+01
7415,6.32,0.382683432,-0.923879533,269.5,806,0.00E+00
7416,7.83,0.447759088,-0.894154237,269.2,805,1.67E+00
7417,7.78,0.322265695,-0.94664926,268.7,806,7.35E+00
7418,8.15,0.395545503,-0.918446381,268.1,805,8.54E+00
7419,8.9,0.435231099,-0.900318771,267.7,806,3.44E-01
7420,9.05,0.372987783,-0.927836254,267.4,806,-4.56E+00
7421,9.44,0.376224263,-0.926528631,267.2,806,-3.63E+00
7422,9.3,0.403545296,-0.914959668,266.9,806,-2.15E+00
7423,9.21,0.444635179,-0.89571176,266.8,807,4.75E+00
7424,8.3,0.441505853,-0.89725837,267.4,807,8.87E+00
7425,8.82,0.464842046,-0.885393626,268.5,808,5.18E+00
7426,9.16,0.43993917,-0.898027576,269,808,1.58E+00
7427,9.15,0.450877541,-0.892585818,269.6,808,-5.45E-01
7428,8.87,0.424199423,-0.905568799,269.7,808,7.79E-01
7429,8.39,0.48633538,-0.873772223,269.8,809,3.15E-01
7430,7.61,0.501510737,-0.865151421,269.5,809,-1.17E+00
7431,6.7,0.532876276,-0.846193166,269,810,-1.01E+01
7432,4.77,0.587785252,-0.809016994,267.8,810,0.00E+00
7433,5.24,0.328866647,-0.94437637,266.3,811,-3.67E+01
7434,4.82,0.633380873,-0.77384021,265.9,811,-3.66E+01
7435,1.45,-0.657375246,-0.753563392,264.7,812,-3.66E+01
7436,1.4,-0.49242356,-0.870355696,264.4,812,-3.66E+01
7437,1.6,-0.641449632,-0.767165152,264.2,812,-1.24E+01
7438,2.41,-0.744311546,0.667832555,264.8,813,-3.66E+01
7439,2,-0.999194395,0.040131793,265.1,814,0.00E+00
7440,1.65,-0.4539905,-0.891006524,265.1,814,4.89E-01
7441,2.34,-0.653420604,-0.756995056,264.8,814,-1.96E-01
7442,2.2,-0.768283524,-0.640109699,264.1,814,-3.78E+00
7443,2.3,-0.596224875,-0.802817475,264.2,814,-1.58E+01
7444,2.14,-0.569279523,-0.822144041,264.6,814,-1.12E+01
7445,2.18,-0.700909264,-0.713250449,264.9,814,1.06E+00
7446,2.36,-0.903335293,-0.428935133,264.9,813,2.15E-01
7447,2.76,-0.69465837,-0.7193398,265.2,814,5.18E+00
7448,2.46,-0.00698126,-0.999975631,267.6,814,4.55E+00
7449,2.35,0.137444546,-0.990509463,269.7,814,2.93E+00
7450,2.24,0.137444546,-0.990509463,270.8,814,7.70E-02
7451,1.79,-0.068015291,-0.997684279,271.4,813,4.73E+00
7452,0.48,0.211324796,-0.977415894,271.4,814,2.60E+00
7453,0.7,-0.452434709,-0.89179753,271.6,814,1.22E+00
7454,1.42,-0.376224263,-0.926528631,271.8,813,3.39E+00
7455,1.76,-0.480223497,-0.877146164,271.7,813,2.18E+00
7456,1.5,-0.671720589,-0.740804596,269.7,813,2.59E+00
7457,1.05,0.001745328,-0.999998477,266.1,813,7.54E+00
7458,3.97,-0.348572047,-0.937281989,266.5,813,9.74E+00
7459,3.7,-0.570713568,-0.821149209,266,814,8.77E+00
7460,4.06,-0.569279523,-0.822144041,266.5,813,6.14E+00
7461,4.91,-0.6059884,-0.795473481,267.3,813,5.19E+00
7462,4.74,-0.525471651,-0.850811109,267.4,813,5.38E+00
7463,4.12,-0.559192903,-0.829037573,267.8,814,5.49E+00
7464,2.27,-0.277314653,0.960779154,267.6,814,5.29E+00
7465,1.62,-0.027921639,0.999610115,265.8,813,4.84E+00
7466,1.54,0.330514393,0.943800952,265.4,813,4.35E+00
7467,2.57,0.975534544,-0.219846204,264.2,814,3.89E+00
7468,2.44,0.912834177,0.40833046,264.3,814,3.66E+00
7469,2.5,0.981627183,0.190808995,263.7,814,2.87E+00
7470,2.74,0.998134798,0.06104854,263.4,814,2.93E+00
7471,2.94,0.997314477,-0.073238197,262.9,814,2.48E+00
7472,2.33,0.858064906,-0.513541252,262.6,815,2.31E+00
7473,2.8,0.726574671,-0.687087511,263.6,815,2.26E+00
7474,3.92,0.67687597,-0.736097087,264.5,815,1.89E+00
7475,4.65,0.53139858,-0.847121921,265.3,815,2.75E+00
7476,4.5,0.376224263,-0.926528631,265.4,815,2.17E+00
7477,4.59,0.199367934,-0.979924705,265.5,814,2.14E+00
7478,5.7,0.204496052,-0.978867389,265,814,1.79E+00
7479,6.15,0.278991106,-0.960293686,265.2,813,2.44E+00
7480,4.91,0.292371705,-0.956304756,264.2,814,4.51E+00
7481,5.27,-0.221548498,-0.975149354,265.2,813,3.23E+00
7482,5.13,0.223250116,-0.974761194,265.7,814,-3.04E+00
7483,4.33,0.880477354,-0.474088209,265.4,814,-1.50E+01
7484,4.15,0.510542918,-0.859852272,263.8,814,-2.91E+01
7485,2.78,0.512042865,-0.858959897,261.5,814,-3.66E+01
7486,4.28,0.58212297,-0.813100761,261.2,814,-1.98E+01
7487,3.61,0.525471651,-0.850811109,259.3,815,0.00E+00
7488,2.69,0.351841648,-0.936059536,257.4,816,2.19E+00
7489,2.36,0.015707317,-0.999876632,256.1,816,9.27E+00
7490,2.49,-0.017452406,-0.999847695,255.5,816,1.23E+01
7491,2.55,-0.054078813,-0.99853667,255,817,8.95E+00
7492,2.89,0.224951054,-0.974370065,255.1,818,-3.75E+00
7493,2.6,0.127064609,-0.991894443,254.4,817,-8.24E+00
7494,2.82,-0.89648643,-0.443071191,254.2,817,-8.16E+00
7495,2.94,-0.4539905,-0.891006524,254.7,817,0.00E+00
7496,3.65,0.679441304,-0.733729865,258.7,818,0.00E+00
7497,3.53,0.684547106,-0.728968627,260.8,818,0.00E+00
7498,2.69,0.641449632,-0.767165152,262.9,818,0.00E+00
7499,3.41,0.432085749,-0.901832526,264.5,818,0.00E+00
7500,3.73,0.285688367,-0.958322574,265.4,817,0.00E+00
7501,3.77,0.195946144,-0.980614659,266,817,0.00E+00
7502,4.03,0.071497444,-0.997440783,266.1,816,0.00E+00
7503,4.22,-0.06279052,-0.998026728,266,815,-3.66E+01
7504,5.66,-0.202787295,-0.979222811,265.3,815,-1.37E+01
7505,4.89,-0.411514359,-0.911403277,267.7,813,-9.52E+00
7506,5.56,-0.463296035,-0.886203579,267.4,813,-3.65E+01
7507,6,-0.54317445,-0.839619865,267.3,813,-3.66E+01
7508,5.62,-0.573576436,-0.819152044,267.7,812,-2.26E+01
7509,5.6,-0.495458668,-0.868631514,268.4,811,-2.24E+01
7510,4.9,-0.478691858,-0.877982975,269,811,-1.29E+00
7511,4.43,-0.409923034,-0.912120116,268.2,811,9.37E+00
7512,4.08,-0.559192903,-0.829037573,267.6,811,7.41E+00
7513,3.54,-0.767165152,-0.641449632,269.4,810,4.85E+00
7514,3.43,-0.850811109,-0.525471651,268.7,809,3.86E+00
7515,3.77,-0.960779154,-0.277314653,268,809,2.74E+00
7516,2.89,-0.948876012,-0.315649037,268.3,808,8.41E+00
7517,2.56,-0.403545296,-0.914959668,268.1,807,7.36E+00
7518,3.29,-0.209618563,-0.977783237,269.4,807,9.02E+00
7519,5.33,0.142628934,-0.989776231,269.1,806,4.14E+00
7520,9.57,0.265556117,-0.964095404,269.9,808,4.58E+00
7521,8.37,0.278991106,-0.960293686,270.4,808,4.64E+00
7522,6.77,0.348572047,-0.937281989,270.9,807,4.52E+00
7523,6.76,0.395545503,-0.918446381,271.5,807,4.16E+00
7524,7.28,0.424199423,-0.905568799,271.7,808,4.55E+00
7525,7.45,0.425779292,-0.904827052,271.5,808,1.28E+01
7526,7.63,0.443071191,-0.89648643,270.9,808,8.44E+00
7527,7.51,0.406736643,-0.913545458,270,808,5.04E+00
7528,6.4,0.345298199,-0.938493023,268.6,808,2.19E+00
7529,7.46,0.63742399,-0.770513243,268.5,810,-2.53E+00
7530,6.68,0.573576436,-0.819152044,268.4,810,-6.05E+00
7531,6.68,0.569279523,-0.822144041,268.1,810,-1.16E+01
7532,5.82,0.554844427,-0.831954122,267.5,811,-2.38E+01
7533,4.86,0.384295323,-0.923210217,266.9,811,0.00E+00
7534,4.06,0.400349033,-0.91636273,266.6,812,0.00E+00
7535,2.06,-0.889416373,-0.457097927,264.8,812,-3.66E+01
7536,2.89,-0.875464527,0.483282383,264.6,813,-2.00E+00
7537,3.81,0.353474844,-0.935444031,263.8,812,1.99E-01
7538,6.46,0.619779032,-0.784776371,263.5,812,6.71E+00
7539,1.45,-0.33873792,-0.940880769,261.9,813,1.03E+01
7540,2.71,-0.031410759,-0.99950656,261.8,814,1.14E+01
7541,4.51,0.584957675,-0.811063819,261.8,813,7.37E+00
7542,4.93,0.633380873,-0.77384021,261.8,813,1.96E+00
7543,2.47,0.290702194,-0.956813584,260.9,814,-3.42E+00
7544,5.08,0.744311546,-0.667832555,263.5,815,-5.65E+00
7545,5.55,0.815127796,-0.579281172,264.9,815,-7.23E+00
7546,5.42,0.862513669,-0.506033764,265.9,815,-9.57E+00
7547,4.91,0.913545458,-0.406736643,266.4,815,-1.26E+01
7548,4.19,0.943800952,-0.330514393,266.6,816,-2.50E+01
7549,4.12,0.946085359,-0.323917418,266.6,816,-2.19E+01
7550,3.93,0.936672189,-0.350207381,266.6,815,-2.40E+01
7551,3.72,0.872069272,-0.489382452,266.3,815,-2.26E+01
7552,2.82,0.720551112,-0.693401828,265.7,816,-2.27E+01
7553,1.61,-0.702153053,-0.712026046,264.6,816,-2.14E+01
7554,2.76,-0.85536426,-0.518027009,264.4,817,-1.83E+01
7555,0.86,0.974761194,0.223250116,265.3,818,-1.70E+01
7556,1.47,0.920504853,0.390731128,264.3,819,-1.64E+01
7557,1.33,0.952661481,0.304033061,264.4,819,-1.37E+01
7558,2.61,0.846193166,0.532876276,263.8,819,-1.15E+01
7559,2.37,0.987136265,0.159881188,260.8,820,-7.48E+00
7560,2.53,0.764921401,-0.64412363,259.6,821,-6.10E+00
7561,2.05,0.109734311,-0.993960955,258.2,821,-3.24E-01
7562,2.25,-0.590605668,-0.806960312,257.7,821,5.48E-01
7563,2.49,-0.976296007,-0.216439614,257.4,822,1.23E+00
7564,2.45,-0.427357863,-0.90408255,257.2,822,1.42E+00
7565,2.51,0.214735327,-0.976672278,257.2,822,3.51E+00
7566,3.03,0.218143241,-0.975916762,257.3,822,3.72E+00
7567,3.18,0.262189179,-0.965016494,257.5,822,-8.29E+00
7568,3.68,0.584957675,-0.811063819,260.5,823,-2.15E+01
7569,3.33,0.630675807,-0.776046407,261.5,823,-2.48E+01
7570,2.54,0.685818353,-0.727772758,262.9,823,-1.65E+01
7571,3.09,0.692143174,-0.721760228,264.4,823,6.30E+00
7572,4.52,0.697165103,-0.716910608,265.2,822,1.36E+01
7573,4.82,0.62114778,-0.783693457,265.7,822,-1.99E+00
7574,4,0.450877541,-0.892585818,265.3,822,-3.06E+00
7575,3.85,0.280666709,-0.959805292,264.6,822,-3.43E+01
7576,2.48,-0.147809411,-0.989015863,263,822,-1.94E+01
7577,4.5,-0.189095443,-0.981958713,264.2,820,-1.09E+01
7578,4.68,-0.022687334,-0.999742609,264.6,820,-3.42E+01
7579,4.12,0.041875654,-0.99912283,264.6,820,-3.38E+01
7580,3.93,-0.038387809,-0.999262916,264.4,820,-3.66E+01
7581,3.73,0.034899497,-0.999390827,264.5,819,-1.49E+01
7582,3.9,0.218143241,-0.975916762,264.9,819,-3.66E+01
7583,3.48,-0.447759088,-0.894154237,264.3,820,0.00E+00
7584,3.65,-0.202787295,-0.979222811,264.7,821,3.32E+00
7585,4.63,-0.01396218,-0.999902524,265.4,820,1.05E+01
7586,4.86,0.116670737,-0.99317065,265.8,820,1.29E+01
7587,4.34,0.01396218,-0.999902524,266.1,820,-3.55E+00
7588,5.46,0.230049737,-0.973178873,267.1,821,-3.29E+00
7589,6.2,0.140901232,-0.990023658,267.5,821,-3.43E+00
7590,6.56,0.078459096,-0.996917334,267.9,821,-6.98E+00
7591,6.74,0.123601477,-0.992331938,268.2,821,-6.76E+00
7592,7.08,0.332161132,-0.943222658,270.4,822,-9.92E+00
7593,6.42,0.207911691,-0.978147601,270.5,822,-7.28E+00
7594,7,0.15126082,-0.988493887,271.6,821,-7.01E+00
7595,7.04,0.123601477,-0.992331938,272.7,821,-3.40E+00
7596,7.06,0.235142113,-0.971961001,273.7,822,-8.26E+00
7597,6.7,0.309016994,-0.951056516,274.5,822,-1.58E+01
7598,6.28,0.346935652,-0.937888935,274.7,822,0.00E+00
7599,5.65,0.390731128,-0.920504853,274.4,822,-1.15E+01
7600,7.04,0.419452082,-0.907777479,273.8,822,0.00E+00
7601,6.56,0.330514393,-0.943800952,273.2,821,0.00E+00
7602,6.73,0.305695305,-0.952129393,273.5,821,0.00E+00
7603,6.82,0.36325123,-0.931691228,274.3,822,0.00E+00
7604,6.98,0.382683432,-0.923879533,274.7,822,0.00E+00
7605,7.04,0.39394191,-0.919135339,274.7,821,0.00E+00
7606,6.6,0.260504509,-0.965472631,274.8,821,-3.65E+01
7607,7.3,0.16848938,-0.985703469,275.3,822,4.52E+00
7608,8.17,0.201077921,-0.97957525,275.5,822,2.79E+00
7609,7.78,0.238533458,-0.97113428,275,821,-7.70E-01
7610,7.52,0.195946144,-0.980614659,274.9,821,-1.55E+00
7611,7.49,0.258819045,-0.965925826,274.9,821,2.86E+00
7612,7.77,0.359996808,-0.932953535,275.6,821,2.31E+00
7613,8.5,0.475624209,-0.879648573,276.1,821,1.60E+00
7614,7.87,0.4539905,-0.891006524,275.7,820,1.23E+00
7615,8.31,0.40833046,-0.912834177,275.4,821,6.63E-01
7616,8.24,0.376224263,-0.926528631,276.6,821,1.13E+01
7617,7.85,0.330514393,-0.943800952,278,821,1.38E+01
7618,9.04,0.307356618,-0.951594404,278.4,821,9.96E+00
7619,8.7,0.353474844,-0.935444031,279.2,821,-3.37E+00
7620,7.94,0.290702194,-0.956813584,279.8,821,1.17E+00
7621,7.73,0.257132793,-0.966376079,279.6,821,3.10E+00
7622,7.57,0.240228042,-0.970716482,279.7,820,4.99E+00
7623,6.43,0.173648178,-0.984807753,278.8,819,7.18E-01
7624,5.72,0.092370587,-0.995724698,277.1,819,0.00E+00
7625,4.69,-0.221548498,-0.975149354,276.6,817,0.00E+00
7626,5.36,0.166768747,-0.985996037,276.9,816,-3.67E+01
7627,6.05,0.481753674,-0.87630668,277.2,817,-2.32E+01
7628,6.28,0.560638995,-0.828060335,276.9,817,0.00E+00
7629,5.47,0.633380873,-0.77384021,275.7,817,0.00E+00
7630,4.23,0.490903754,-0.871213811,274.3,817,0.00E+00
7631,3.72,-0.966376079,-0.257132793,273,817,1.75E+00
7632,3.46,-0.96770917,-0.252069358,272.3,815,2.06E+00
7633,9.23,0.538770785,-0.842452397,275.3,814,2.93E+00
7634,12.1,0.475624209,-0.879648573,274.8,814,-2.63E-01
7635,10.77,0.43993917,-0.898027576,274.1,814,-3.17E+00
7636,10.15,0.428935133,-0.903335293,273.7,815,-4.37E+00
7637,10.15,0.506033764,-0.862513669,272.8,815,-1.54E+01
7638,9.87,0.563526049,-0.826098294,272.3,814,-8.12E+00
7639,8.45,0.403545296,-0.914959668,271.5,815,2.94E+00
7640,9.6,0.4539905,-0.891006524,272.1,815,0.00E+00
7641,8.59,0.364876784,-0.931055816,272.3,816,-4.40E+00
7642,8.65,0.469471563,-0.882947593,272.7,816,-1.60E+00
7643,8.38,0.549022818,-0.835807361,272.9,816,9.48E-01
7644,8.55,0.60737584,-0.794414621,273.2,816,-2.12E+00
7645,8.29,0.573576436,-0.819152044,273.3,816,-1.96E+00
7646,7.4,0.49848774,-0.866896749,273.1,816,-1.15E+00
7647,6.06,0.425779292,-0.904827052,272.6,817,-7.85E+00
7648,4.25,0.231747903,-0.972775878,271.3,817,-3.65E+01
7649,3.56,-0.594822787,-0.803856861,270.4,815,0.00E+00
7650,3.34,-0.67687597,-0.736097087,269.9,815,0.00E+00
7651,3.5,-0.894154237,-0.447759088,270.2,816,0.00E+00
7652,3.59,-0.748955721,-0.662620048,270.3,816,0.00E+00
7653,3.56,-0.721760228,-0.692143174,270.2,815,0.00E+00
7654,3.4,-0.685818353,-0.727772758,270.1,815,0.00E+00
7655,3.54,-0.560638995,-0.828060335,270.4,815,-3.35E+00
7656,3.71,-0.713250449,-0.700909264,270.7,815,1.98E-02
7657,4.2,-0.786935022,-0.617035875,270.9,814,2.42E+00
7658,3.76,-0.85536426,-0.518027009,270.7,813,7.56E-01
7659,3.59,-0.888617233,-0.458649554,270.4,812,-2.40E+00
7660,3.59,-0.866896749,-0.49848774,270.7,812,2.76E+00
7661,3.55,-0.794414621,-0.60737584,270.6,811,6.92E+00
7662,2.99,-0.847121921,-0.53139858,270,809,6.61E+00
7663,5.34,-0.121869343,-0.992546152,272.7,808,5.61E+00
7664,10.47,0.206204185,-0.978508985,274.7,808,4.96E+00
7665,10.19,0.317304656,-0.948323655,274.9,808,3.28E+00
7666,10.85,0.219846204,-0.975534544,275.1,808,2.84E+00
7667,9.98,0.146083029,-0.989272333,275.3,808,1.21E+01
7668,8.55,0.28736052,-0.957822495,275.4,808,-1.02E+00
7669,7.3,0.397147891,-0.917754626,275.4,809,5.11E+00
7670,7.15,0.398749069,-0.917060074,275.3,808,2.90E+00
7671,6.55,0.438371147,-0.898794046,274.4,809,2.19E+00
7672,4.53,0.384295323,-0.923210217,272.6,809,-1.00E+00
7673,2.72,-0.992965508,-0.118403968,271.1,811,-7.58E+00
7674,0.86,-0.627963058,0.778243149,271.6,813,-1.26E+01
7675,4.01,0.958322574,0.285688367,268.9,814,-1.72E+01
7676,3.82,0.9909832,0.133986185,267.8,814,-2.74E+01
7677,3.79,0.983254908,0.182235525,266.6,814,0.00E+00
7678,3.23,0.907044014,0.421035813,265.7,815,0.00E+00
7679,3.29,0.887815385,0.460199785,264.8,815,0.00E+00
7680,3.32,0.941470545,0.337095258,264.1,816,-5.43E+00
7681,2.55,0.938493023,0.345298199,263.6,816,-1.36E+01
7682,2.89,0.648119901,0.761538308,263.3,816,-3.36E+01
7683,2.94,0.560638995,0.828060335,262.6,817,-6.61E+00
7684,1.82,0.369746757,0.929132572,262.2,818,-3.35E+00
7685,1.29,0.19765734,0.980271175,262,818,-1.19E+01
7686,0.92,-0.00698126,0.999975631,262.1,818,-3.43E+01
7687,0.64,-0.586372357,0.81004164,262.3,818,0.00E+00
7688,0.28,-0.811063819,0.584957675,263.1,818,0.00E+00
7689,0.41,-0.66653247,-0.745476,264.7,818,0.00E+00
7690,0.31,-0.702153053,0.712026046,266.7,818,0.00E+00
7691,1.33,0.057564027,0.998341817,267.6,818,0.00E+00
7692,1.6,0.02094242,0.999780683,268.2,818,0.00E+00
7693,2.25,0.033155178,0.999450216,268.1,818,0.00E+00
7694,1.75,0.248689887,0.968583161,267.5,818,0.00E+00
7695,0.77,0.102792537,0.994702817,267,818,0.00E+00
7696,0.28,0.575005252,-0.818149717,266.2,818,0.00E+00
7697,3.18,-0.243615012,-0.969872015,264.5,817,0.00E+00
7698,3.84,-0.1719291,-0.985109326,264.6,818,0.00E+00
7699,4.43,-0.214735327,-0.976672278,265.3,818,0.00E+00
7700,4.7,-0.322265695,-0.94664926,265.2,818,-1.69E+01
7701,4.84,-0.320612991,-0.947210278,265.1,817,0.00E+00
7702,5,-0.299040792,-0.954240329,265.2,816,-1.18E+01
7703,5.25,-0.29570805,-0.955278362,265,817,-9.33E+00
7704,5.09,-0.400349033,-0.91636273,265,816,8.56E+00
7705,5.45,-0.333806859,-0.942641491,265.2,816,1.14E+01
7706,5.58,-0.346935652,-0.937888935,265.6,816,1.40E+01
7707,5.75,-0.377840787,-0.925870585,265.8,815,1.28E+01
7708,5.79,-0.368124553,-0.929776486,266.1,816,1.17E+01
7709,6.05,-0.328866647,-0.94437637,266.6,815,9.89E+00
7710,6.64,-0.299040792,-0.954240329,267,814,4.68E+00
7711,6.82,-0.318959309,-0.94776841,267.4,814,1.46E+00
7712,6.87,-0.305695305,-0.952129393,269.2,814,1.24E+00
7713,6.7,-0.207911691,-0.978147601,270.9,813,2.04E+00
7714,5.42,-0.282341457,-0.959313975,272.1,812,5.26E+00
7715,5.03,-0.207911691,-0.978147601,272.7,812,6.82E+00
7716,5.84,-0.05059294,-0.998719357,273.8,812,6.73E+00
7717,6.03,-0.047106451,-0.998889875,273.7,811,4.14E+00
7718,6.3,0.017452406,-0.999847695,273.1,810,3.90E+00
7719,8.85,0.156434465,-0.987688341,272.3,810,3.84E+00
7720,7.85,0.219846204,-0.975534544,271.3,810,-8.00E+00
7721,7.94,0.49242356,-0.870355696,270.3,810,-6.69E+00
7722,7.26,0.547563223,-0.836764313,270.1,811,-7.17E+00
7723,8.03,0.623879597,-0.781520472,269.5,811,-7.42E+00
7724,9.23,0.60737584,-0.794414621,269.5,810,-8.81E+00
7725,9.3,0.513541252,-0.858064906,269.2,810,-1.21E+01
7726,8.95,0.521009632,-0.853550797,269.5,811,-1.25E+01
7727,9.34,0.522498565,-0.852640164,269.7,811,-9.50E+00
7728,8.55,0.519519112,-0.85445883,269.6,811,-3.54E+00
7729,7.25,0.580702956,-0.814115518,268.7,811,4.19E-01
7730,7.07,0.610145164,-0.792289643,268.4,812,3.75E+00
7731,5.46,0.487859659,-0.872922077,267.8,812,6.02E+00
7732,5.21,0.443071191,-0.89648643,267.5,813,1.26E+01
7733,6.22,0.526955795,-0.849892693,267.6,813,1.41E+01
7734,5.29,0.518027009,-0.85536426,267.3,813,1.37E+01
7735,3.93,0.238533458,-0.97113428,266.5,814,1.34E+01
7736,5.16,0.523985906,-0.851726934,269.1,815,1.34E+00
7737,4.97,0.528438335,-0.848971688,270.1,815,-2.41E+00
7738,4.93,0.521009632,-0.853550797,271.3,815,-2.66E+00
7739,4.95,0.55048074,-0.834847863,272,815,-2.30E+01
7740,4.81,0.521009632,-0.853550797,272.3,816,-1.36E+01
7741,4.68,0.509041416,-0.860742027,272.4,816,-2.06E+01
7742,4.28,0.49848774,-0.866896749,272.3,815,1.06E+00
7743,3.7,0.268919821,-0.963162567,271.7,816,-9.25E+00
7744,2.94,-0.401947777,-0.915662593,269.4,816,-5.10E+00
7745,3.34,0.040131793,-0.999194395,269.6,815,-3.67E+01
7746,4.1,0.158158067,-0.987413807,270.2,816,-3.68E+01
7747,4.51,0.178802215,-0.983885038,270.4,816,0.00E+00
7748,4.77,0.236838146,-0.97154912,270.7,816,0.00E+00
7749,4.51,0.218143241,-0.975916762,270.8,816,0.00E+00
7750,4.51,0.04884977,-0.998806137,270.8,815,0.00E+00
7751,4.74,-0.085416923,-0.996345296,270.5,816,6.68E-01
7752,4.64,-0.185666615,-0.982612797,270.4,816,-1.81E+00
7753,4.87,-0.22835087,-0.973578903,270.6,815,8.84E-01
7754,4.89,-0.304033061,-0.952661481,270.9,815,6.06E+00
7755,5.45,-0.165047606,-0.986285602,271.2,815,1.07E+01
7756,5.94,-0.121869343,-0.992546152,271.4,816,1.15E+01
7757,6.25,0.036643709,-0.999328394,271.4,815,6.21E+00
7758,6.59,0.127064609,-0.991894443,271.6,815,7.11E+00
7759,6.42,0.190808995,-0.981627183,271.7,815,1.31E-01
7760,6.91,0.356737999,-0.934204474,273.7,816,1.27E+01
7761,6.28,0.39394191,-0.919135339,275,816,1.24E+01
7762,6.12,0.346935652,-0.937888935,276.5,816,9.67E+00
7763,6.14,0.246999013,-0.969015731,277,816,8.59E+00
7764,6.37,0.216439614,-0.976296007,277.4,816,8.90E+00
7765,6.27,0.302369891,-0.953190668,277.8,816,1.16E+01
7766,5.86,0.231747903,-0.972775878,277.7,816,1.45E+01
7767,6.29,0.15126082,-0.988493887,276.6,816,7.51E+00
7768,6.81,0.156434465,-0.987688341,275.2,816,-5.19E+00
7769,4.43,-0.231747903,-0.972775878,273.1,815,-2.67E+01
7770,4.57,-0.4539905,-0.891006524,273.1,816,-8.17E+00
7771,4.56,-0.572145873,-0.820151876,273.1,816,-8.67E+00
7772,4.86,-0.592013179,-0.805928282,273.5,816,-1.14E+01
7773,4.78,-0.521009632,-0.853550797,273.4,815,-5.45E-02
7774,4.85,-0.46638664,-0.884580975,273.9,815,4.33E+00
7775,4.83,-0.38912395,-0.921185406,274.2,815,5.04E+00
7776,4.9,-0.348572047,-0.937281989,274.3,816,-5.62E-01
7777,5.31,-0.130526192,-0.991444861,275.2,815,-5.15E+00
7778,5.33,0.008726535,-0.999961923,275.5,815,-6.65E+00
7779,4.97,0.085416923,-0.996345296,274.9,815,-1.07E+01
7780,5.24,0.118403968,-0.992965508,275.3,816,7.35E+00
7781,5.36,0.201077921,-0.97957525,275.6,815,1.09E+01
7782,5.17,0.253757945,-0.967267753,275.4,816,1.02E+01
7783,4.89,0.250380004,-0.96814764,275,816,6.49E+00
7784,3.64,0.118403968,-0.992965508,276.3,816,3.85E-01
7785,1.87,-0.942641491,0.333806859,279,817,-2.69E+00
7786,2.17,-0.982935349,0.183951351,280.7,817,-3.36E+00
7787,2.2,-0.458649554,-0.888617233,281.4,817,-7.03E-01
7788,2.12,-0.359996808,-0.932953535,281.5,817,-1.62E+00
7789,2.02,-0.104528463,-0.994521895,281.8,817,-5.56E+00
7790,1.36,-0.556295616,-0.830984469,281.8,817,-4.00E+00
7791,1.46,-0.99950656,-0.031410759,280,817,-6.04E+00
7792,3.24,-0.444635179,-0.89571176,274.9,817,-4.94E+00
7793,6.47,-0.387515586,-0.921863152,275.8,814,-4.65E+00
7794,6.21,-0.346935652,-0.937888935,276.1,814,-7.55E+00
7795,5.86,-0.387515586,-0.921863152,276.2,814,-2.03E+01
7796,6.35,-0.411514359,-0.911403277,276.2,814,-1.15E+01
7797,6.15,-0.37945616,-0.925209718,275.9,813,-1.06E+00
7798,6.42,-0.40833046,-0.912834177,275.9,813,1.01E+01
7799,6.74,-0.433659085,-0.901077021,275.7,813,1.30E+01
7800,6.29,-0.368124553,-0.929776486,275.6,813,9.91E+00
7801,6.37,-0.417867074,-0.908508178,276.4,812,6.41E+00
7802,6.55,-0.376224263,-0.926528631,276,812,6.77E+00
7803,5.66,-0.372987783,-0.927836254,275.6,812,4.28E+00
7804,5.04,-0.238533458,-0.97113428,274.5,812,2.25E+00
7805,4.99,-0.33545157,-0.942057453,274.1,812,-2.74E+00
7806,5.16,-0.252069358,-0.96770917,274.5,811,-1.77E+01
7807,5.31,-0.343659695,-0.939094252,274.8,811,2.03E+00
7808,5.69,-0.28736052,-0.957822495,276.8,811,3.78E+00
7809,5.79,-0.312334919,-0.949972052,278.1,811,1.06E+01
7810,5.26,-0.240228042,-0.970716482,279.1,810,1.28E+01
7811,6.99,-0.142628934,-0.989776231,280.4,810,1.29E+01
7812,4.74,-0.333806859,-0.942641491,280.5,810,1.30E+01
7813,5.11,-0.546101961,-0.837718717,278.7,809,7.42E+00
7814,5.21,-0.487859659,-0.872922077,278.6,808,5.26E+00
7815,5.18,-0.452434709,-0.89179753,277.1,808,4.19E+00
7816,4.72,-0.516533329,-0.856267085,275.4,807,6.82E+00
7817,6.14,-0.337095258,-0.941470545,274.9,803,4.90E+00
7818,6.12,-0.443071191,-0.89648643,273.9,804,3.46E+00
7819,6.79,-0.09063258,-0.995884399,274,803,6.40E+00
7820,5.75,0.173648178,-0.984807753,274.3,802,8.53E+00
7821,4.6,0.299040792,-0.954240329,274.6,803,1.26E+01
7822,2.89,0.224951054,-0.974370065,273.2,804,1.30E+01
7823,6.01,0.385906042,-0.922538089,274.1,804,1.44E+01
7824,6.19,0.504527624,-0.863395551,272.9,803,1.20E+01
7825,2.78,0.278991106,-0.960293686,270.6,803,9.79E+00
7826,3.36,-0.940288127,-0.34037955,270.7,803,6.08E+00
7827,3.31,-0.779337965,-0.626603811,270.1,803,5.79E+00
7828,3.55,0.272280247,-0.962217994,270.9,803,3.42E+00
7829,4.25,0.472550765,-0.881303452,271.7,802,4.76E-01
7830,2.48,-0.752414909,-0.65868946,269.5,802,-4.97E+00
7831,3.53,-0.257132793,-0.966376079,270.3,803,-7.23E+00
7832,5.74,0.353474844,-0.935444031,272.9,803,-6.34E+00
7833,6.15,0.359996808,-0.932953535,274.2,803,-1.81E+01
7834,5.88,0.397147891,-0.917754626,275,803,-6.35E+00
7835,4.24,0.446197813,-0.894934362,275.4,803,-6.97E+00
7836,3.85,0.36325123,-0.931691228,275.4,803,1.93E+00
7837,4.65,0.549022818,-0.835807361,275.2,803,3.35E+00
7838,4.28,0.246999013,-0.969015731,274.6,802,2.44E+00
7839,6.3,0.147809411,-0.989015863,273,802,2.51E+00
7840,7.93,0.192521967,-0.981292664,272.4,803,-7.67E+00
7841,7.48,0.253757945,-0.967267753,271.8,802,0.00E+00
7842,5.76,0.392337117,-0.919821497,271.1,804,0.00E+00
7843,5.05,0.346935652,-0.937888935,271.1,804,-2.72E+01
7844,5.08,0.34037955,-0.940288127,270.7,803,-9.85E+00
7845,3.63,0.180519145,-0.983571471,269.9,803,-2.38E+01
7846,3.37,0.010471784,-0.999945169,269.4,802,-3.66E+01
7847,3.56,-0.278991106,-0.960293686,269.7,803,-2.30E+01
7848,3.74,-0.406736643,-0.913545458,269.7,802,0.00E+00
7849,3.73,-0.554844427,-0.831954122,270,801,-8.79E+00
7850,2.67,-0.68199836,-0.731353702,271.3,800,-1.72E+01
7851,1.47,-0.929132572,-0.369746757,271.3,799,1.66E+00
7852,0.9,-0.917060074,-0.398749069,271.8,799,2.77E+00
7853,3.33,-0.948323655,0.317304656,271.8,798,1.32E+00
7854,2.92,-0.638767818,0.769399555,270.4,797,1.02E+01
7855,2.45,-0.06279052,0.998026728,270.3,796,1.17E+01
7856,2.94,-0.080198924,0.996778878,270.6,796,1.16E+01
7857,3.35,-0.125333234,0.992114701,271.1,796,1.45E+01
7858,4.35,-0.010471784,0.999945169,271.1,795,1.27E+01
7859,4.66,0.493941867,0.86949493,270.3,796,3.38E+00
7860,5.06,0.38912395,0.921185406,270.3,797,-1.22E+01
7861,5.03,0.467929814,0.88376563,270,798,-6.79E+00
7862,5.64,0.687087511,0.726574671,269.4,799,5.82E-01
7863,5.42,0.867765453,0.496973961,268.5,800,1.01E+01
7864,4.94,0.931691228,0.36325123,267.2,802,1.07E+01
7865,5.55,0.831954122,0.554844427,267.5,804,-2.70E+00
7866,5.19,0.792289643,0.610145164,266.8,805,-3.07E+00
7867,5.5,0.88376563,0.467929814,266.7,807,-7.19E-01
7868,4.43,0.920504853,0.390731128,266.6,808,2.79E+00
7869,2.02,0.933580426,0.35836795,265.4,809,2.08E+00
7870,2.63,0.999328394,0.036643709,262.8,809,8.11E-01
7871,1.33,0.957822495,-0.28736052,261.2,810,-1.29E+00
7872,0.67,0.187381315,-0.982287251,260.9,811,-5.84E+00
7873,3.25,0.371367836,-0.928485827,259.5,812,-6.80E+00
7874,2.76,0.253757945,-0.967267753,259.2,811,-4.76E+00
7875,2.64,-0.430511097,-0.902585284,259.3,812,-6.55E+00
7876,3.38,-0.560638995,-0.828060335,259.7,813,-8.94E+00
7877,3.49,-0.387515586,-0.921863152,259.9,813,-2.59E+00
7878,3.39,0.309016994,-0.951056516,260.2,813,1.65E+00
7879,3.51,0.104528463,-0.994521895,260.4,813,5.56E+00
7880,3.47,0.559192903,-0.829037573,265.1,814,-1.50E+00
7881,4.18,0.725374371,-0.688354576,267.3,814,5.77E-01
7882,4.02,0.770513243,-0.63742399,268.2,814,1.09E+01
7883,3.41,0.802817475,-0.596224875,268.8,814,1.35E+01
7884,3.05,0.728968627,-0.684547106,269.3,815,1.43E+01
7885,3.22,0.546101961,-0.837718717,269.5,815,1.17E+01
7886,3.36,0.371367836,-0.928485827,269.2,815,9.39E+00
7887,3.19,0.302369891,-0.953190668,268.4,815,-5.05E+00
7888,3.67,-0.632029303,-0.774944489,264.4,815,-1.10E+01
7889,3.96,-0.120136839,-0.992757342,266.3,813,-1.16E+01
7890,3.68,-0.125333234,-0.992114701,266.4,814,-1.35E+01
7891,3.6,0.376224263,-0.926528631,265.9,814,-3.05E+01
7892,3.12,0.401947777,-0.915662593,268.5,814,-1.65E+01
7893,2.96,0.580702956,-0.814115518,264.9,813,0.00E+00
7894,2.48,-0.268919821,-0.963162567,265.5,814,0.00E+00
7895,3.33,-0.693401828,-0.720551112,266.4,814,-4.34E+00
7896,3.12,-0.024432178,-0.99970149,266.1,815,4.89E+00
7897,2.93,0.235142113,-0.971961001,264.1,814,-7.68E-01
7898,3.42,-0.826098294,-0.563526049,264.3,814,2.80E+00
7899,3.39,-0.716910608,-0.697165103,264.3,815,-1.98E+00
7900,3.48,-0.630675807,-0.776046407,264,815,-2.99E+00
7901,3.52,-0.507538363,-0.86162916,263.8,815,-4.07E+00
7902,3.5,-0.390731128,-0.920504853,263.1,815,-5.28E+00
7903,3.39,-0.40833046,-0.912834177,263.3,815,-6.63E+00
7904,3.34,-0.045362988,-0.99897057,265.4,816,-1.72E+01
7905,4.18,0.33545157,-0.942057453,267.2,815,-2.01E+01
7906,4.73,0.43993917,-0.898027576,268.4,815,-2.21E+01
7907,4.07,0.557745109,-0.830012285,269.3,815,-2.31E+01
7908,3.52,0.601815023,-0.79863551,270.1,816,-7.13E+00
7909,3.34,0.53139858,-0.847121921,270.4,816,-7.26E+00
7910,2.97,0.436801788,-0.899557779,270.5,815,0.00E+00
7911,2.64,0.194234351,-0.980955155,270.2,814,0.00E+00
7912,3.38,-0.89648643,-0.443071191,267.5,815,0.00E+00
7913,3.56,-0.374606593,-0.927183855,266.5,812,0.00E+00
7914,4.06,-0.158158067,-0.987413807,267.4,813,-3.66E+01
7915,3.91,-0.15126082,-0.988493887,267.9,812,0.00E+00
7916,3.61,-0.446197813,-0.894934362,267.5,812,-9.09E+00
7917,3.67,-0.33873792,-0.940880769,267.1,812,0.00E+00
7918,3.72,-0.185666615,-0.982612797,267.8,812,-3.55E+01
7919,4.39,0.087155743,-0.996194698,268.1,813,-3.28E+00
7920,4.34,0.192521967,-0.981292664,269.3,812,5.70E+00
7921,3.61,0.278991106,-0.960293686,269.1,812,5.50E+00
7922,3.99,0.19765734,-0.980271175,269.4,812,3.24E+00
7923,3.47,-0.080198924,-0.996778878,268.4,812,3.47E+00
7924,4.22,0.142628934,-0.989776231,269.8,812,4.53E+00
7925,4.17,-0.034899497,-0.999390827,270.1,812,9.40E+00
7926,3.97,-0.246999013,-0.969015731,269.8,811,7.44E+00
7927,4.63,-0.348572047,-0.937281989,269.8,811,1.38E+01
7928,5.82,0.087155743,-0.996194698,271.7,811,5.53E+00
7929,6.5,0.156434465,-0.987688341,273,811,6.63E-01
7930,6.09,0.092370587,-0.995724698,273.5,810,3.79E+00
7931,5.72,0.304033061,-0.952661481,274.8,810,7.56E-01
7932,6.5,0.149535343,-0.988756381,275.2,810,2.42E+00
7933,5.84,0.364876784,-0.931055816,275.5,810,3.38E+00
7934,5.43,0.537299608,-0.843391446,275.9,809,-5.03E+00
7935,4.3,0.216439614,-0.976296007,275.1,809,-1.28E+01
7936,3.64,-0.156434465,-0.987688341,273.9,809,-5.96E+00
7937,5.94,-0.309016994,-0.951056516,274.3,805,0.00E+00
7938,5.41,-0.154710386,-0.987959866,275,806,-1.77E+01
7939,5.74,-0.024432178,-0.99970149,274.4,805,-3.66E+01
7940,5.88,0.33545157,-0.942057453,274.2,806,0.00E+00
7941,5.85,0.553391549,-0.832921241,273.7,805,-1.12E+01
7942,4.93,0.403545296,-0.914959668,273.1,805,4.12E-01
7943,4.01,-0.564967003,-0.825113498,271.4,805,-1.74E+00
7944,4.54,-0.06279052,-0.998026728,272.3,805,6.62E+00
7945,3.61,-0.63607822,-0.771624583,272.7,804,5.24E+00
7946,3.64,-0.671720589,-0.740804596,270.3,804,3.86E+00
7947,4.34,-0.315649037,-0.948876012,271.5,804,3.51E-01
7948,4.39,-0.355106962,-0.934825676,271.7,804,3.13E+00
7949,3.78,-0.34037955,-0.940288127,271.5,804,-4.17E-01
7950,5.71,-0.142628934,-0.989776231,271.7,803,-1.85E+00
7951,7.06,0.128795597,-0.991671162,272.9,803,-1.80E+00
7952,6.5,0.045362988,-0.99897057,273.9,803,5.83E-02
7953,6.18,0.107999356,-0.994150964,274.3,803,9.08E-01
7954,3.86,-0.147809411,-0.989015863,275.1,803,3.27E+00
7955,5.34,-0.127064609,-0.991894443,275.5,803,-2.76E+00
7956,5.5,-0.074978727,-0.997185134,275.7,803,-1.88E+00
7957,4.81,0.144356201,-0.989525789,275.4,803,-2.23E+01
7958,4.01,0.272280247,-0.962217994,274.7,803,-1.08E+01
7959,2.45,0.113203214,-0.993571856,273.9,803,-4.20E+00
7960,3.22,-0.96944535,-0.245307386,270.7,804,0.00E+00
7961,3.37,-0.024432178,-0.99970149,270.1,802,-8.99E+00
7962,2.6,-0.54317445,-0.839619865,269.4,804,0.00E+00
7963,2.88,-0.6059884,-0.795473481,269.1,804,-5.74E+00
7964,3.16,-0.720551112,-0.693401828,268.9,804,0.00E+00
7965,3.43,-0.438371147,-0.898794046,269.3,804,-7.04E+00
7966,3.54,-0.043619387,-0.999048222,269.5,804,-1.10E+01
7967,3.77,0.214735327,-0.976672278,269.9,804,-2.10E+00
7968,3.51,-0.297374874,-0.9547608,268.8,804,-1.90E+00
7969,3.9,-0.390731128,-0.920504853,269.3,805,-2.28E+00
7970,3.8,0.071497444,-0.997440783,269.5,805,-3.07E+00
7971,3.52,0.189095443,-0.981958713,268.5,805,-3.82E+00
7972,3.84,0.587785252,-0.809016994,269.4,805,-3.70E+00
7973,3.65,0.202787295,-0.979222811,268.7,805,-4.00E+00
7974,3.29,-0.526955795,-0.849892693,267.5,806,1.52E+00
7975,4.11,0.22835087,-0.973578903,269.7,806,-8.04E+00
7976,3.67,0.052335956,-0.998629535,271,806,-3.54E+00
7977,2.65,0.0975829,-0.9952274,273.1,806,-1.24E+00
7978,3.01,0.332161132,-0.943222658,274.2,806,1.41E+00
7979,2.73,0.325568154,-0.945518576,274.9,806,9.00E+00
7980,2.12,0.372987783,-0.927836254,275.3,806,1.09E+01
7981,0.86,-0.999945169,0.010471784,275.6,806,4.00E+00
7982,1.14,-0.921185406,-0.38912395,275.5,805,6.67E+00
7983,1.47,-0.89648643,-0.443071191,274.7,805,-5.57E+00
7984,1.8,-0.650774217,-0.759271307,270.9,805,-9.77E+00
7985,2.58,-0.350207381,-0.936672189,268.2,805,2.55E-01
7986,2.71,-0.277314653,-0.960779154,268.2,805,-1.17E+00
7987,2.25,-0.474088209,-0.880477354,268.5,805,-2.82E+00
7988,1.34,-0.77384021,0.633380873,268.5,804,2.83E+00
7989,0.49,-0.919821497,-0.392337117,268.8,804,9.22E+00
7990,2.74,-0.37945616,-0.925209718,268.3,804,1.45E+01
7991,5.33,-0.586372357,-0.81004164,271.5,804,1.31E+01
7992,5.37,-0.692143174,-0.721760228,270.9,804,1.10E+01
7993,4.99,-0.790155012,-0.612907054,271.1,804,7.23E+00
7994,4.24,-0.665230355,-0.746638182,271.3,803,1.35E+01
7995,4.76,-0.652098404,-0.758134336,272.1,803,1.29E+01
7996,4.56,-0.699663341,-0.71447268,272,803,1.46E+01
7997,4.92,-0.523985906,-0.851726934,271.7,802,1.45E+01
7998,2.68,0.139173101,-0.990268069,269.6,801,1.41E+01
7999,1.15,0.369746757,-0.929132572,270.3,801,1.42E+01
8000,2.95,0.650774217,0.759271307,271.4,801,1.44E+01
8001,2.37,0.381070376,0.924546034,272.5,801,1.36E+01
8002,2.23,0.309016994,0.951056516,273.2,801,8.50E+00
8003,2.26,0.078459096,0.996917334,273.4,801,1.04E+01
8004,2.9,-0.137444546,0.990509463,273.9,801,4.00E+00
8005,3.83,0.043619387,0.999048222,273.6,800,-4.03E-01
8006,3.49,0.165047606,0.986285602,273,800,-2.32E+00
8007,3.11,-0.073238197,0.997314477,272.5,800,-3.93E+00
8008,2.38,-0.0975829,0.9952274,271.4,800,-8.50E+00
8009,2.38,0.77384021,0.633380873,271.4,800,-4.47E+00
8010,1.96,0.891006524,0.4539905,271.1,800,-6.34E+00
8011,2.35,0.095845753,0.995396198,271.2,800,-1.14E+01
8012,1.87,0.758134336,0.652098404,270.8,800,-1.35E+01
8013,1.68,0.994880709,0.101056297,270.4,799,-1.64E+01
8014,1,0.999262916,0.038387809,268.8,800,-1.44E+01
8015,1.78,-0.603207988,-0.797583929,269.3,800,-7.66E+00
8016,1.72,-0.877146164,-0.480223497,269.5,799,-2.09E+01
8017,1.04,0.566406237,0.824126189,268.9,799,-2.80E+00
8018,1.22,0.990268069,0.139173101,269.8,799,-6.74E+00
8019,1.52,0.823136369,0.567843745,269.7,799,-2.36E+00
8020,1.44,0.957319498,0.289031797,269.6,799,-2.09E+01
8021,2.05,0.337095258,0.941470545,269.7,799,-4.47E+00
8022,2.71,0.192521967,0.981292664,268.8,799,-3.86E+00
8023,1.55,0.307356618,0.951594404,268.3,799,-4.09E+00
8024,0.7,0.432085749,0.901832526,268.4,799,-4.33E+00
8025,1.09,0.377840787,0.925870585,268.8,799,-1.88E+01
8026,1.21,0.368124553,0.929776486,269.2,799,1.50E+00
8027,1.96,0.37945616,0.925209718,269.6,799,-4.10E+00
8028,2.83,0.213030386,0.977045574,269.7,800,-3.32E+00
8029,3.41,0.258819045,0.965925826,269.4,800,-1.29E+01
8030,3.57,0.277314653,0.960779154,269.1,801,-1.19E+01
8031,3.36,0.190808995,0.981627183,268.9,801,-1.21E+01
8032,2.92,0.146083029,0.989272333,268.7,802,-5.67E+00
8033,2.58,0.183951351,0.982935349,268.6,803,-2.51E+00
8034,2.05,0.109734311,0.993960955,268.3,804,-8.89E-01
8035,2,0.190808995,0.981627183,268.2,804,9.93E-01
8036,1.35,0.06279052,0.998026728,268.1,804,1.02E+00
8037,1.46,0.224951054,0.974370065,268.1,804,6.77E-02
8038,1.65,0.419452082,0.907777479,268,804,-8.66E-02
8039,1.51,0.518027009,0.85536426,267.8,805,-9.78E-01
8040,1.26,0.973578903,0.22835087,267.2,805,-4.69E+00
8041,1.3,0.978147601,0.207911691,267.9,805,-1.94E+01
8042,2.28,0.914253955,-0.405141587,267.8,804,-1.54E+01
8043,3.49,0.996194698,-0.087155743,265.6,805,-7.04E+00
8044,3.3,0.99074784,-0.135715572,265.8,805,-5.96E+00
8045,3.05,0.990509463,-0.137444546,264.6,805,-4.17E+00
8046,2.46,0.973578903,0.22835087,266.2,805,-5.67E-01
8047,2.15,0.931055816,0.364876784,265.2,806,-1.26E+00
8048,2.22,0.917060074,0.398749069,265.2,807,2.85E-01
8049,2.61,0.457097927,0.889416373,265.5,807,-2.64E+00
8050,3.01,0.397147891,0.917754626,265.7,807,-9.54E-02
8051,3.19,0.304033061,0.952661481,266.2,807,-2.65E+00
8052,2.96,0.313992456,0.949425478,266.5,808,-1.71E+00
8053,2.66,0.464842046,0.885393626,266.6,808,1.78E+00
8054,2.17,0.553391549,0.832921241,266.6,808,-1.51E+00
8055,1.74,0.576432316,0.817144898,266.5,809,-3.41E+00
8056,0.7,0.821149209,0.570713568,265.4,809,-8.73E+00
8057,2.03,0.528438335,0.848971688,265.9,809,-1.23E+01
8058,0.67,0.99756405,-0.069756474,265.8,810,-1.86E+01
8059,1.63,0.888617233,-0.458649554,263.2,811,-2.11E+01
8060,2.09,0.522498565,-0.852640164,262,811,-2.54E+01
8061,2.13,0.736097087,-0.67687597,261.9,810,-2.79E+01
8062,1.97,0.576432316,-0.817144898,262.6,811,0.00E+00
8063,2.22,0.195946144,-0.980614659,262.3,812,-7.68E+00
8064,2.75,0.05059294,-0.998719357,263.1,812,-1.04E+00
8065,3.24,0.146083029,-0.989272333,263.4,812,3.38E+00
8066,3.06,0.38912395,-0.921185406,264.8,812,1.81E+00
8067,2.7,0.250380004,-0.96814764,265.4,813,4.70E+00
8068,2.99,0.003490651,-0.999993908,264.7,813,7.14E+00
8069,3.58,0.069756474,-0.99756405,263,813,2.99E+00
8070,3.65,0.13225639,-0.99121554,262.6,813,-9.68E-01
8071,3.62,0.127064609,-0.991894443,263.6,813,8.37E-01
8072,3.04,0.163325962,-0.986572162,264.6,814,2.78E+00
8073,1.47,0.257132793,-0.966376079,266.9,814,9.11E+00
8074,0.44,0.559192903,-0.829037573,268.1,814,1.15E+01
8075,0.52,0.848048096,-0.529919264,268.8,814,1.27E+01
8076,0.86,0.955278362,0.29570805,269.1,814,1.28E+01
8077,0.8,0.999902524,-0.01396218,269.3,814,1.26E+01
8078,1.21,0.995724698,-0.092370587,269.3,814,1.09E+01
8079,1.56,0.882126866,-0.471011881,268.8,814,1.03E+01
8080,2.86,0.758134336,-0.652098404,264.9,814,1.22E+01
8081,1.21,-0.596224875,-0.802817475,264.9,814,1.18E+01
8082,3.46,0.39394191,-0.919135339,263.2,814,1.14E+01
8083,2.46,0.560638995,-0.828060335,264.1,814,1.05E+01
8084,2.57,0.068015291,-0.997684279,264.3,814,1.05E+01
8085,2.79,0.144356201,-0.989525789,263.5,813,1.08E+01
8086,3.38,0.09063258,-0.995884399,262.4,813,1.04E+01
8087,3.77,0.348572047,-0.937281989,263.1,814,1.04E+01
8088,3.71,0.392337117,-0.919821497,263.1,814,1.24E+01
8089,3.55,0.398749069,-0.917060074,263.2,814,1.37E+01
8090,2.92,0.241921896,-0.970295726,262.3,813,1.33E+01
8091,2.39,-0.483282383,-0.875464527,262.7,814,1.28E+01
8092,2.68,-0.121869343,-0.992546152,264.2,814,1.26E+01
8093,4.06,0.149535343,-0.988756381,264.9,814,9.71E+00
8094,3.99,-0.031410759,-0.99950656,264,814,5.18E+00
8095,3.83,-0.1719291,-0.985109326,262.6,814,3.39E+00
8096,3.16,-0.348572047,-0.937281989,262.3,814,1.79E+00
8097,3.28,0.204496052,-0.978867389,265.9,814,7.51E-01
8098,6.8,0.294040325,-0.955793015,266.4,813,-8.03E-01
8099,7.86,0.332161132,-0.943222658,266.5,813,-2.29E-01
8100,8.16,0.302369891,-0.953190668,266.4,814,1.34E+00
8101,7.75,0.26387305,-0.964557418,266.4,814,2.93E-01
8102,7.1,0.189095443,-0.981958713,266.2,813,-2.60E+00
8103,6.3,0.041875654,-0.99912283,265.7,813,-5.13E+00
8104,6.21,0.078459096,-0.996917334,264.5,813,-5.00E+00
8105,7.12,0.233445364,-0.97236992,265.1,811,-4.58E+00
8106,7.09,0.187381315,-0.982287251,265,811,-9.09E+00
8107,7.46,0.236838146,-0.97154912,265.1,811,-1.99E+01
8108,7.39,0.137444546,-0.990509463,265.2,812,0.00E+00
8109,7.89,0.320612991,-0.947210278,265,811,0.00E+00
8110,8.89,0.252069358,-0.96770917,265.2,811,0.00E+00
8111,9.6,0.255445758,-0.966823389,265.4,811,-8.53E-01
8112,9.02,0.327217899,-0.944948912,265.4,811,1.09E+01
8113,8.94,0.233445364,-0.97236992,265.5,811,1.44E+01
8114,9.72,0.16848938,-0.985703469,265.6,811,9.23E+00
8115,10.09,0.275637356,-0.961261696,265.2,810,1.59E+00
8116,9.53,0.270600446,-0.962691746,264.9,811,-1.69E+00
8117,9.9,0.290702194,-0.956813584,264.9,810,-6.62E+00
8118,9.85,0.318959309,-0.94776841,264.9,809,-6.83E+00
8119,10.72,0.328866647,-0.94437637,264.9,809,-1.54E+01
8120,10.8,0.219846204,-0.975534544,265.1,810,-6.95E+00
8121,10.39,0.22835087,-0.973578903,265.6,810,-1.65E+01
8122,7.66,0.392337117,-0.919821497,265.6,810,-6.68E+00
8123,5.29,0.563526049,-0.826098294,266,810,-1.65E+01
8124,3.52,0.6142852,-0.789084085,266.2,811,-7.95E+00
8125,2.65,0.65868946,-0.752414909,266.2,811,-1.05E+01
8126,2.79,0.743144825,-0.669130606,265.8,811,-6.35E+00
8127,2.34,0.653420604,-0.756995056,265.1,811,-4.10E+00
8128,2.53,-0.929776486,-0.368124553,261.6,811,-3.16E+00
8129,3.69,-0.285688367,-0.958322574,259.4,811,-2.42E+01
8130,3.8,0.395545503,-0.918446381,259.8,812,0.00E+00
8131,4.1,0.596224875,-0.802817475,260.2,813,0.00E+00
8132,3.99,0.570713568,-0.821149209,259.7,813,-3.66E+01
8133,3.87,0.630675807,-0.776046407,259.4,813,-3.66E+01
8134,3.61,0.580702956,-0.814115518,259.5,813,0.00E+00
8135,3.87,0.510542918,-0.859852272,258.9,814,-2.67E+01
8136,3.95,0.39394191,-0.919135339,258.5,814,-3.51E+00
8137,2.62,0.154710386,-0.987959866,256.4,814,1.08E+00
8138,2.48,-0.834847863,-0.55048074,255.9,814,8.92E-01
8139,3.05,-0.859852272,-0.510542918,255.8,815,-2.60E+00
8140,3.81,-0.66653247,-0.745476,256.7,815,-3.07E+00
8141,4.41,0.342020143,-0.939692621,258,815,-7.75E+00
8142,4.02,0.137444546,-0.990509463,257.7,815,1.76E+00
8143,3.25,-0.537299608,-0.843391446,255.5,815,8.06E+00
8144,2.79,-0.419452082,-0.907777479,257.6,816,7.15E+00
8145,1.44,-0.207911691,-0.978147601,262.4,816,5.54E-01
8146,1.97,-0.290702194,-0.956813584,263.9,816,3.25E+00
8147,1.93,0.012217001,-0.99992537,264.4,816,-3.08E+00
8148,2.02,0.022687334,-0.999742609,264.7,816,-3.28E+00
8149,2.17,-0.36162457,-0.932323801,264.8,816,-6.41E+00
8150,2.74,-0.28736052,-0.957822495,264.4,815,3.41E+00
8151,1.47,-0.535826795,-0.844327926,263.7,815,-1.02E+00
8152,2.8,-0.770513243,-0.63742399,259,815,-3.33E+00
8153,6.29,-0.529919264,-0.848048096,262.4,813,-1.14E+01
8154,5.42,-0.416280792,-0.909236109,262.4,813,-7.05E+00
8155,5.01,-0.35836795,-0.933580426,262.7,813,1.04E+01
8156,4.7,-0.255445758,-0.966823389,262.6,813,9.93E+00
8157,4.75,-0.235142113,-0.971961001,262.8,813,1.53E+00
8158,4.74,-0.073238197,-0.997314477,262.8,813,2.84E+00
8159,4.48,0.00698126,-0.999975631,262.6,813,3.91E+00
8160,4.34,0.026176948,-0.999657325,262.4,814,3.90E+00
8161,4.79,0.255445758,-0.966823389,263.5,814,3.21E+00
8162,5.16,0.368124553,-0.929776486,264,814,9.69E+00
8163,5.31,0.403545296,-0.914959668,264.2,814,9.77E+00
8164,5.45,0.452434709,-0.89179753,264.1,815,3.92E+00
8165,5.28,0.425779292,-0.904827052,263.8,815,4.80E+00
8166,4.7,0.267238376,-0.963630453,263.2,815,5.13E+00
8167,4.37,0.180519145,-0.983571471,262.5,815,5.39E+00
8168,3.52,-0.111468932,-0.993767919,262.7,816,4.80E+00
8169,1.38,-0.74779809,-0.663926213,266.9,816,7.11E+00
8170,1.17,-0.902585284,0.430511097,269,817,4.79E+00
8171,0.3,0.734914595,-0.67815967,270.1,817,2.29E+00
8172,0.79,0.661311865,0.75011107,270.6,817,1.45E+00
8173,0.4,0.77384021,0.633380873,270.8,817,1.08E+00
8174,0.28,0.13225639,-0.99121554,271,817,6.63E-01
8175,0.86,-0.557745109,0.830012285,269.3,817,1.31E-01
8176,3.51,-0.4539905,-0.891006524,264.1,817,4.19E-01
8177,5.28,-0.342020143,-0.939692621,267.2,815,3.48E+00
8178,5.23,-0.417867074,-0.908508178,267.7,816,4.76E+00
8179,5.31,-0.433659085,-0.901077021,267.4,816,-5.23E-02
8180,5.56,-0.444635179,-0.89571176,267.1,816,4.38E-01
8181,5.91,-0.535826795,-0.844327926,267,816,1.13E+01
8182,6.22,-0.461748613,-0.887010833,268.1,816,1.22E+01
8183,6.31,-0.458649554,-0.888617233,268.4,816,9.79E+00
8184,6.34,-0.452434709,-0.89179753,268.8,815,7.26E+00
8185,6.3,-0.46638664,-0.884580975,269.2,815,7.26E+00
8186,5.85,-0.405141587,-0.914253955,268.5,814,1.08E+01
8187,5.6,-0.409923034,-0.912120116,268.5,814,1.37E+01
8188,5.85,-0.226651307,-0.973975967,269.5,814,1.19E+01
8189,4.72,0.61152704,-0.791223533,267.7,814,1.02E+01
8190,2.98,0.49242356,-0.870355696,263.7,815,7.25E+00
8191,4.17,-0.998719357,-0.05059294,264.8,815,5.38E+00
8192,3.42,-0.921185406,-0.38912395,266.2,815,4.80E+00
8193,5.55,0.54317445,-0.839619865,270.4,815,3.96E+00
8194,8.75,0.49242356,-0.870355696,270.8,815,2.25E+00
8195,8.58,0.441505853,-0.89725837,270.6,816,1.92E+00
8196,7.28,0.371367836,-0.928485827,270.4,816,-4.43E+00
8197,6.58,0.305695305,-0.952129393,270.4,816,-3.30E+00
8198,6.57,0.231747903,-0.972775878,270,816,9.71E-01
8199,7.67,0.253757945,-0.967267753,268.7,816,3.22E-01
8200,4.26,0.027921639,-0.999610115,266.2,816,3.65E-01
8201,8.32,0.54317445,-0.839619865,267.8,815,-4.42E-01
8202,8.19,0.623879597,-0.781520472,267.9,815,-8.82E-01
8203,7.86,0.594822787,-0.803856861,267.9,816,-2.37E+00
8204,6.98,0.532876276,-0.846193166,267.7,816,-4.29E+00
8205,6.44,0.467929814,-0.88376563,267,816,-4.49E+00
8206,6.57,0.424199423,-0.905568799,266.5,817,-1.81E+00
8207,6.34,0.398749069,-0.917060074,266.4,817,2.53E+00
8208,4.31,0.008726535,-0.999961923,264.6,818,7.79E-01
8209,5.44,0.297374874,-0.9547608,265.8,817,-4.77E+00
8210,4.8,0.140901232,-0.990023658,265.9,818,-1.06E+00
8211,4.09,0.008726535,-0.999961923,265.4,818,2.63E+00
8212,5.31,0.294040325,-0.955793015,265.6,819,-2.79E+00
8213,6.86,0.560638995,-0.828060335,266.4,818,-4.18E+00
8214,6.11,0.601815023,-0.79863551,266.2,818,-2.12E+01
8215,5.13,0.58212297,-0.813100761,265.4,818,-2.29E+01
8216,4.55,0.570713568,-0.821149209,265.8,819,-2.49E+01
8217,5.73,0.784776371,-0.619779032,267.9,819,-2.71E+01
8218,6.36,0.872069272,-0.489382452,269.3,819,-1.01E+01
8219,5.33,0.837718717,-0.546101961,269.7,820,-8.27E+00
8220,4.48,0.824126189,-0.566406237,270.6,820,-6.97E+00
8221,4.08,0.776046407,-0.630675807,271,820,0.00E+00
8222,4.41,0.764921401,-0.64412363,271,820,0.00E+00
8223,3.69,0.559192903,-0.829037573,269.7,820,0.00E+00
8224,4.58,0.450877541,-0.892585818,267.2,821,0.00E+00
8225,4.85,0.441505853,-0.89725837,267.2,819,0.00E+00
8226,4.95,0.262189179,-0.965016494,267.5,820,0.00E+00
8227,4.87,0.130526192,-0.991444861,267.2,820,0.00E+00
8228,5.37,0.214735327,-0.976672278,268.7,819,0.00E+00
8229,5.5,0.118403968,-0.992965508,268.9,818,0.00E+00
8230,5.58,0.0975829,-0.9952274,269,818,0.00E+00
8231,5.68,0.071497444,-0.997440783,269.1,818,0.00E+00
8232,5.62,0.001745328,-0.999998477,269.7,818,-3.30E+00
8233,5.4,0.047106451,-0.998889875,270.3,818,-3.37E+00
8234,5.1,-0.094108313,-0.995561965,268.2,818,-3.83E+00
8235,5.01,-0.315649037,-0.948876012,267.5,818,-2.71E+00
8236,5.09,-0.272280247,-0.962217994,267.8,818,-8.30E+00
8237,5.07,-0.268919821,-0.963162567,267.5,817,-3.44E+00
8238,4.56,-0.698415285,-0.715692734,266.5,817,-2.01E+00
8239,4.51,-0.376224263,-0.926528631,267.2,816,3.15E+00
8240,3.52,-0.267238376,-0.963630453,268.6,817,-5.34E+00
8241,2.78,-0.940880769,-0.33873792,272.4,817,-2.35E+00
8242,1.74,-0.999902524,-0.01396218,274.7,817,2.05E+00
8243,1.51,-0.945518576,-0.325568154,275.8,816,1.22E+00
8244,1.29,-0.724171861,-0.689619544,276.5,816,4.04E+00
8245,1.44,-0.899557779,-0.436801788,276.5,816,4.10E+00
8246,0.69,-0.761538308,-0.648119901,276.1,816,6.73E-01
8247,3.37,-0.758134336,-0.652098404,274,815,-3.22E-01
8248,4.8,-0.304033061,-0.952661481,273.6,815,6.92E+00
8249,3.73,0.214735327,-0.976672278,270.4,812,-1.45E-01
8250,2.14,-0.052335956,-0.998629535,271.4,813,-1.45E+01
8251,1.52,0.047106451,-0.998889875,271.1,813,-1.14E+01
8252,1.92,0.62114778,-0.783693457,270.6,813,4.85E+00
8253,4.65,0.638767818,-0.769399555,270.3,812,7.74E+00
8254,5.09,0.560638995,-0.828060335,269.5,813,1.12E+01
8255,4.86,0.455544907,-0.890212805,269.3,813,3.65E+00
8256,3.91,0.170209499,-0.985407898,270.2,813,-2.55E+00
8257,3.32,0.147809411,-0.989015863,270,812,-3.69E+00
8258,3.42,-0.092370587,-0.995724698,270.3,812,-2.41E+00
8259,4.03,0.139173101,-0.990268069,269.9,812,3.95E+00
8260,1.9,0.102792537,-0.994702817,268.8,813,-2.81E+00
8261,2.93,0.371367836,-0.928485827,268.4,812,-4.25E+00
8262,2.23,0.332161132,-0.943222658,268.5,812,-2.29E+00
8263,4.3,0.652098404,-0.758134336,269.1,812,-3.89E+00
8264,4.37,0.784776371,-0.619779032,268.5,813,-1.10E+01
8265,2.7,0.661311865,-0.75011107,269.3,813,-1.06E+01
8266,4.24,0.77384021,-0.633380873,269.9,813,-7.09E+00
8267,4.94,0.699663341,-0.71447268,270.1,813,-2.09E+00
8268,5.34,0.38912395,-0.921185406,270.2,813,-4.21E+00
8269,6.24,0.353474844,-0.935444031,269.9,813,-4.65E+00
8270,5.83,0.273959219,-0.96174131,269.5,812,-2.69E+00
8271,4.2,-0.054078813,-0.99853667,268.7,812,-1.54E+01
8272,3.75,-0.554844427,-0.831954122,265.9,812,-1.12E+01
8273,3.57,-0.807989884,-0.589196357,264.3,809,-1.24E+01
8274,3.59,-0.950515732,-0.31067643,264.6,810,-1.40E+01
8275,3.93,-0.871213811,-0.490903754,265.6,809,-2.39E+01
8276,4.21,-0.653420604,-0.756995056,266.3,809,0.00E+00
8277,4.27,-0.567843745,-0.823136369,266.8,809,-8.44E+00
8278,4.2,-0.519519112,-0.85445883,267,808,-2.05E+01
8279,4.17,-0.569279523,-0.822144041,266.9,808,-1.61E+00
8280,4.4,-0.589196357,-0.807989884,267.3,807,2.37E+00
8281,5.08,-0.496973961,-0.867765453,268,806,9.53E+00
8282,5.97,-0.516533329,-0.856267085,268.6,806,1.09E+01
8283,6.1,-0.481753674,-0.87630668,269,805,3.34E+00
8284,5.63,-0.35836795,-0.933580426,268.4,805,6.73E-01
8285,5.45,-0.403545296,-0.914959668,268.5,804,1.32E+01
8286,5.2,-0.458649554,-0.888617233,268.8,804,1.42E+01
8287,5.55,-0.397147891,-0.917754626,269.4,804,1.03E+01
8288,5.91,-0.461748613,-0.887010833,269.8,804,3.90E+00
8289,6.04,-0.54170821,-0.840566603,270.8,804,2.42E+00
8290,4.78,-0.260504509,-0.965472631,271.8,804,1.32E+01
8291,3.8,0.113203214,-0.993571856,272.9,803,9.42E+00
8292,3.34,0.515038075,-0.857167301,273.2,804,8.22E+00
8293,4.95,0.483282383,-0.875464527,272.2,804,1.24E+01
8294,4.39,0.627963058,-0.778243149,271.9,804,3.86E+00
8295,1.73,0.516533329,-0.856267085,271,805,-1.62E+00
8296,2.95,0.233445364,-0.97236992,268.1,806,-3.21E+00
8297,7.98,0.825113498,-0.564967003,269.7,804,-2.47E+01
8298,11.4,0.815127796,-0.579281172,269.7,804,-8.83E+00
8299,12.01,0.776046407,-0.630675807,269.3,805,-1.11E+01
8300,11.21,0.764921401,-0.64412363,269.2,805,-5.91E+00
8301,10.1,0.781520472,-0.623879597,269.2,806,-3.66E+01
8302,7.73,0.852640164,-0.522498565,268.6,808,-3.54E+00
8303,7.6,0.933580426,-0.35836795,268.1,809,-7.02E+00
8304,8.24,0.903335293,-0.428935133,267.8,810,-8.32E+00
8305,6.34,0.89571176,-0.444635179,266.8,811,0.00E+00
8306,5.62,0.782608157,-0.622514637,265.8,812,0.00E+00
8307,6.89,0.722967146,-0.690882411,265.2,813,-9.07E+00
8308,6.97,0.702153053,-0.712026046,265.1,814,-2.20E+01
8309,6.68,0.700909264,-0.713250449,264.7,815,-2.34E+01
8310,4.61,0.580702956,-0.814115518,263.3,815,0.00E+00
8311,3.4,0.366501227,-0.930417568,261,816,0.00E+00
8312,6.84,0.713250449,-0.700909264,265.2,817,0.00E+00
8313,6.76,0.703394703,-0.710799474,266.6,817,-2.32E+01
8314,5.47,0.54024032,-0.841510782,267.9,818,0.00E+00
8315,5.09,0.207911691,-0.978147601,268.4,818,0.00E+00
8316,5.16,-1.83772E-16,-1,268.8,818,0.00E+00
8317,4.84,-0.185666615,-0.982612797,268.7,819,-1.07E+01
8318,4.69,-0.040131793,-0.999194395,268.7,819,4.12E-01
8319,5.12,-0.180519145,-0.983571471,268,819,-2.21E+01
8320,5.74,-0.257132793,-0.966376079,266.4,819,0.00E+00
8321,4.44,-0.64278761,-0.766044443,267.2,816,0.00E+00
8322,4.59,-0.945518576,-0.325568154,268.1,817,0.00E+00
8323,4.29,-0.97154912,-0.236838146,268.9,817,0.00E+00
8324,4.44,-0.90408255,-0.427357863,268.3,817,0.00E+00
8325,4.19,-0.894154237,-0.447759088,267.8,817,-4.39E-01
8326,3.8,-0.779337965,-0.626603811,266.9,818,9.14E+00
8327,4.03,-0.435231099,-0.900318771,267.5,818,1.44E+01
8328,3.97,-0.503019947,-0.864274802,267.3,818,1.44E+01
8329,4.1,-0.510542918,-0.859852272,267.7,818,1.43E+01
8330,4.02,-0.302369891,-0.953190668,267.4,818,-2.73E+00
8331,4.38,-0.320612991,-0.947210278,268.8,819,-1.32E+01
8332,5.94,-0.083677843,-0.996492859,269.8,820,-8.08E+00
8333,6.45,0.087155743,-0.996194698,270,820,-9.16E+00
8334,5.67,-0.01396218,-0.999902524,269.7,820,-2.19E+00
8335,5.47,-0.04884977,-0.998806137,270,821,-2.07E+01
8336,5.48,-0.081938509,-0.996637387,271.1,821,-1.62E+01
8337,5.09,-0.292371705,-0.956304756,272.4,821,0.00E+00
8338,5.51,-0.36162457,-0.932323801,274,821,-6.04E+00
8339,5.68,-0.356737999,-0.934204474,274.7,820,-2.00E+00
8340,5.25,-0.4539905,-0.891006524,275.1,820,1.40E+00
8341,5.06,-0.562083378,-0.827080574,275,820,-7.53E-01
8342,4.6,-0.504527624,-0.863395551,274.9,820,2.67E+00
8343,4.52,-0.516533329,-0.856267085,274.3,819,1.16E+01
8344,5.2,-0.427357863,-0.90408255,272.1,819,1.14E+01
8345,7.98,-0.487859659,-0.872922077,271.8,815,-1.85E+00
8346,7.16,-0.436801788,-0.899557779,271.9,815,-4.04E+00
8347,5.95,-0.419452082,-0.907777479,272.2,815,1.72E+00
8348,5.53,-0.359996808,-0.932953535,272.9,814,3.60E+00
8349,5.84,-0.395545503,-0.918446381,271.8,813,6.79E+00
8350,5.76,-0.438371147,-0.898794046,272.4,813,1.23E+01
8351,5.15,-0.400349033,-0.91636273,272.6,814,1.05E+01
8352,5.49,-0.36162457,-0.932323801,273.5,814,1.17E+01
8353,5.69,-0.377840787,-0.925870585,273.9,813,7.82E+00
8354,6.53,-0.350207381,-0.936672189,272.8,813,1.02E+01
8355,6.01,-0.309016994,-0.951056516,274,813,9.67E+00
8356,5.41,-0.382683432,-0.923879533,274.4,813,8.26E+00
8357,7.42,-0.284015345,-0.958819735,274,812,4.29E+00
8358,7.11,-0.246999013,-0.969015731,273.3,812,3.78E+00
8359,6.54,-0.142628934,-0.989776231,273.2,811,3.35E+00
8360,5.64,0.26387305,-0.964557418,274.8,813,3.65E+00
8361,7.17,0.537299608,-0.843391446,275.7,814,3.79E+00
8362,5.52,0.596224875,-0.802817475,276.4,815,4.28E+00
8363,5.64,0.699663341,-0.71447268,276,815,7.77E+00
8364,1.44,0.054078813,-0.99853667,276.6,815,5.86E+00
8365,3.5,0.669130606,-0.743144825,275.6,816,2.13E+00
8366,2.47,0.299040792,-0.954240329,274.8,817,2.00E+00
8367,2.46,-0.54024032,-0.841510782,273.8,817,7.87E+00
8368,3.86,-0.444635179,-0.89571176,270.9,817,1.39E+01
8369,3.84,-0.58212297,-0.813100761,269.2,814,7.64E+00
8370,3.95,-0.878817113,-0.47715876,269.3,816,5.14E+00
8371,4.16,-0.979924705,-0.199367934,269.5,817,-1.15E+01
8372,4.05,-0.94776841,-0.318959309,269.1,817,-6.79E-01
8373,4.06,-0.937281989,-0.348572047,268.8,817,-9.66E+00
8374,3.99,-0.997314477,-0.073238197,268.4,818,-8.44E+00
8375,3.8,-0.999902524,-0.01396218,267.9,818,1.54E+00
8376,3.96,-0.992114701,0.125333234,268.1,819,-1.18E+00
8377,3.51,-0.68199836,-0.731353702,266.7,818,1.79E+00
8378,3.05,-0.97113428,-0.238533458,266.2,818,-2.98E+00
8379,3.07,-0.978147601,-0.207911691,266.5,818,3.00E-01
8380,3.84,-0.721760228,-0.692143174,267.4,819,-6.65E+00
8381,4.03,-0.888617233,-0.458649554,268,819,-1.05E+01
8382,4.66,-0.551936985,-0.833885822,268.9,820,-6.51E+00
8383,5.39,-0.219846204,-0.975534544,270,820,-1.61E+00
8384,5.27,-0.246999013,-0.969015731,270.8,820,6.42E-01
8385,4.39,-0.397147891,-0.917754626,273,820,-4.21E+00
8386,3.71,-0.342020143,-0.939692621,275.1,821,4.32E-01
8387,2.37,-0.332161132,-0.943222658,276.8,820,3.37E+00
8388,2.51,-0.35836795,-0.933580426,277.5,821,1.37E+00
8389,2.21,-0.376224263,-0.926528631,277.1,820,-9.49E-01
8390,2,-0.567843745,-0.823136369,277.2,820,1.06E+00
8391,2.7,-0.68199836,-0.731353702,275.6,820,6.24E+00
8392,3.87,-0.401947777,-0.915662593,272.2,820,1.39E+01
8393,4.06,-0.387515586,-0.921863152,271.2,816,1.34E+01
8394,5.18,-0.277314653,-0.960779154,274.6,817,1.26E+01
8395,5.04,-0.213030386,-0.977045574,274.7,817,1.27E+01
8396,4.72,-0.142628934,-0.989776231,273.8,816,1.36E+01
8397,4.78,0.102792537,-0.994702817,274,817,1.37E+01
8398,4.4,0.209618563,-0.977783237,273.3,817,1.39E+01
8399,3.64,0.509041416,-0.860742027,273.9,818,1.40E+01
8400,4.05,-0.09063258,-0.995884399,274.1,818,1.33E+01
8401,4.85,-0.047106451,-0.998889875,274.8,817,1.37E+01
8402,5.05,0.213030386,-0.977045574,275.3,817,1.30E+01
8403,4.58,0.342020143,-0.939692621,275.1,817,1.23E+01
8404,3.52,0.345298199,-0.938493023,275.1,817,8.17E+00
8405,2.65,0.194234351,-0.980955155,275.1,817,7.67E+00
8406,2.02,-0.46638664,-0.884580975,274.5,816,7.42E+00
8407,4.56,-0.37945616,-0.925209718,273.8,816,7.68E+00
8408,4.66,-0.397147891,-0.917754626,274.9,816,7.06E+00
8409,4.09,-0.422618262,-0.906307787,276.5,816,3.26E+00
8410,3.54,-0.346935652,-0.937888935,278,815,-4.50E+00
8411,1.87,-0.728968627,-0.684547106,279.7,814,-7.28E+00
8412,4.47,-0.332161132,-0.943222658,279.6,814,-1.16E+00
8413,7.2,-0.272280247,-0.962217994,279.4,814,-1.43E+00
8414,7.5,-0.221548498,-0.975149354,278.7,813,-2.18E+00
8415,3.78,-0.17708474,-0.984195608,276.7,813,0.00E+00
8416,6.53,-0.246999013,-0.969015731,276.8,813,2.94E+00
8417,5.76,-0.146083029,-0.989272333,274.8,810,2.70E+00
8418,4.51,-0.13225639,-0.99121554,273.8,811,8.71E-01
8419,4.8,0.166768747,-0.985996037,274,810,2.81E+00
8420,4.46,0.305695305,-0.952129393,273.3,811,5.92E+00
8421,5.14,0.755853469,-0.654740814,274,812,5.44E+00
8422,6.15,0.789084085,-0.6142852,274.3,812,9.52E+00
8423,6.64,0.689619544,-0.724171861,274,811,1.13E+01
8424,5.44,0.629320391,-0.777145961,273.8,812,4.28E+00
8425,4.36,0.569279523,-0.822144041,272.6,811,4.53E+00
8426,3.3,0.400349033,-0.91636273,270.4,812,1.00E+01
8427,4.95,0.763796029,-0.645457688,272.5,812,-1.46E-01
8428,4.23,0.597625147,-0.801775644,272,812,1.95E+00
8429,5.34,0.638767818,-0.769399555,273.4,813,3.32E+00
8430,5,0.481753674,-0.87630668,273,813,-5.31E-01
8431,5.04,0.384295323,-0.923210217,273.1,813,-9.99E+00
8432,4.62,0.34037955,-0.940288127,272.9,813,-1.19E+01
8433,2.94,0.201077921,-0.97957525,274.6,813,-2.07E+01
8434,2.59,0.202787295,-0.979222811,276.1,813,-1.18E+01
8435,2.44,0.05059294,-0.998719357,276.6,813,-4.89E+00
8436,2.21,-0.496973961,-0.867765453,277.2,812,-8.45E+00
8437,2.61,-0.411514359,-0.911403277,277.4,812,-9.81E-01
8438,3.46,-0.489382452,-0.872069272,276.6,811,-3.74E-01
8439,3.27,-0.64412363,-0.764921401,274.9,810,-8.34E+00
8440,5.36,-0.532876276,-0.846193166,273.3,810,-5.48E+00
8441,7.78,-0.36162457,-0.932323801,273.2,805,-1.19E+01
8442,6.83,-0.008726535,-0.999961923,273.1,807,-2.48E+01
8443,4.29,0.202787295,-0.979222811,272.7,807,-2.61E+01
8444,3.8,0.346935652,-0.937888935,273.1,806,-3.74E+00
8445,7.54,0.592013179,-0.805928282,275.4,807,9.53E+00
8446,4.02,0.562083378,-0.827080574,274.1,808,1.37E+01
8447,3.14,-0.284015345,-0.958819735,273.4,808,1.25E+01
8448,7.8,0.563526049,-0.826098294,274.8,807,1.34E+01
8449,5.02,0.496973961,-0.867765453,273.9,807,6.96E+00
8450,7.07,0.447759088,-0.894154237,273.9,807,9.81E+00
8451,7.16,0.49848774,-0.866896749,273.8,807,3.03E+00
8452,5.47,0.034899497,-0.999390827,271.7,807,-2.43E-02
8453,8.12,0.474088209,-0.880477354,271.7,807,1.94E+00
8454,9.14,0.549022818,-0.835807361,271,807,5.82E-01
8455,9.03,0.566406237,-0.824126189,270,807,-7.36E+00
8456,9.92,0.593418887,-0.804893797,269.8,807,-1.31E+01
8457,8.2,0.54317445,-0.839619865,269.8,808,-6.11E+00
8458,8.51,0.483282383,-0.875464527,270,808,1.67E+00
8459,8.64,0.518027009,-0.85536426,270.4,808,-2.23E+00
8460,9.16,0.507538363,-0.86162916,270.6,808,-5.72E+00
8461,9.18,0.450877541,-0.892585818,270.6,809,-4.58E+00
8462,7.87,0.417867074,-0.908508178,270.4,809,4.17E+00
8463,8.39,0.46638664,-0.884580975,270.1,810,1.32E+01
8464,8.18,0.54317445,-0.839619865,269.3,811,-2.03E+00
8465,8.38,0.720551112,-0.693401828,270,810,-3.12E+00
8466,7.16,0.705871571,-0.708339838,269.9,811,-9.36E+00
8467,8.51,0.789084085,-0.6142852,269.7,811,0.00E+00
8468,8.33,0.770513243,-0.63742399,269.3,812,0.00E+00
8469,7.65,0.743144825,-0.669130606,269.2,812,0.00E+00
8470,7.44,0.733729865,-0.679441304,269.1,813,-8.84E+00
8471,6.87,0.675590208,-0.737277337,268.8,814,-7.02E+00
8472,5.6,0.549022818,-0.835807361,268,814,-4.99E+00
8473,4.96,0.400349033,-0.91636273,267.3,815,-4.21E+00
8474,5.27,0.427357863,-0.90408255,266.9,815,-8.10E+00
8475,5.74,0.461748613,-0.887010833,266.8,815,-4.77E+00
8476,6.1,0.471011881,-0.882126866,266.7,815,-4.62E+00
8477,6.47,0.425779292,-0.904827052,267,816,-5.74E+00
8478,6.35,0.428935133,-0.903335293,267,816,-8.10E+00
8479,6.07,0.374606593,-0.927183855,266.8,816,-2.29E+01
8480,5.91,0.337095258,-0.941470545,267.3,816,0.00E+00
8481,6.35,0.424199423,-0.905568799,269.1,817,-7.17E+00
8482,5.09,0.33873792,-0.940880769,269.7,817,-7.64E+00
8483,4.07,0.428935133,-0.903335293,270.7,817,0.00E+00
8484,4.02,0.342020143,-0.939692621,271.2,817,-3.66E+01
8485,4.29,0.421035813,-0.907044014,271.3,816,-3.66E+01
8486,3.07,0.397147891,-0.917754626,271.4,816,-2.24E+01
8487,2.05,-0.001745328,-0.999998477,271,815,-9.56E+00
8488,4.66,-0.443071191,-0.89648643,268,815,-2.28E+01
8489,5,-0.387515586,-0.921863152,269.2,814,0.00E+00
8490,4.27,-0.343659695,-0.939094252,269,812,0.00E+00
8491,5.15,-0.209618563,-0.977783237,270.8,812,0.00E+00
8492,5.07,-0.213030386,-0.977045574,272,812,0.00E+00
8493,4.65,-0.159881188,-0.987136265,272,811,0.00E+00
8494,4.36,-0.069756474,-0.99756405,272.6,810,-3.66E+01
8495,4.49,-0.06279052,-0.998026728,271.8,810,4.47E+00
8496,4.45,-0.036643709,-0.999328394,272,809,8.13E+00
8497,4.38,-0.031410759,-0.99950656,271.4,808,1.44E+01
8498,4.49,-0.214735327,-0.976672278,271.5,808,1.31E+01
8499,4.82,-0.3007058,-0.953716951,271.9,808,4.57E+00
8500,4.66,-0.282341457,-0.959313975,271.7,807,2.75E+00
8501,4.71,-0.49848774,-0.866896749,271.5,807,7.61E+00
8502,4.68,-0.267238376,-0.963630453,271.7,806,-4.09E+00
8503,4.34,-0.282341457,-0.959313975,272.5,806,-1.15E+01
8504,4.46,-0.37945616,-0.925209718,272.2,805,-1.19E+01
8505,2.7,-0.180519145,-0.983571471,274.2,805,3.77E+00
8506,2.21,-0.230049737,-0.973178873,276.1,805,-7.28E-01
8507,4.17,0.068015291,-0.997684279,276.4,804,-1.74E+00
8508,4.29,-0.374606593,-0.927183855,276.1,804,3.44E+00
8509,5.59,0.376224263,-0.926528631,275.4,804,1.26E+00
8510,5.88,0.909961271,-0.414693243,271.9,805,-3.46E+00
8511,5.92,0.67815967,-0.734914595,270.6,805,1.22E+01
8512,4.4,0.348572047,-0.937281989,268.8,805,9.13E+00
8513,5.72,0.556295616,-0.830984469,269.8,804,5.99E-01
8514,6.24,0.590605668,-0.806960312,269.2,805,-1.33E+01
8515,8.86,0.61152704,-0.791223533,269,805,0.00E+00
8516,11.31,0.623879597,-0.781520472,268.4,804,-1.16E+01
8517,3.25,0.623879597,-0.781520472,266.3,803,-5.53E-01
8518,2.87,-0.758134336,0.652098404,265.3,805,-1.89E+01
8519,2.6,-0.903335293,-0.428935133,264.3,805,-2.41E+01
8520,2.34,-0.633380873,-0.77384021,263.7,806,-9.42E+00
8521,3.46,-0.982935349,-0.183951351,264.3,806,-2.39E+01
8522,4.73,0.625242656,-0.780430407,264.7,806,7.19E+00
8523,1.9,-0.384295323,-0.923210217,263.4,806,1.31E+01
8524,3.3,0.443071191,-0.89648643,264.2,807,7.04E+00
8525,5.05,0.567843745,-0.823136369,264.4,807,2.18E+00
8526,3.62,0.398749069,-0.917060074,264.1,807,3.23E+00
8527,2.21,0.036643709,-0.999328394,262.8,808,5.48E+00
8528,4.92,0.40833046,-0.912834177,263.9,809,-5.55E-01
8529,5.77,0.421035813,-0.907044014,264.4,809,-3.69E+00
8530,6.5,0.472550765,-0.881303452,264.4,809,-2.36E+00
8531,6.11,0.427357863,-0.90408255,264.6,809,-7.87E+00
8532,6.13,0.398749069,-0.917060074,264.7,810,-6.20E+00
8533,7.08,0.333806859,-0.942641491,264.7,810,-7.15E+00
8534,7.66,0.265556117,-0.964095404,264.5,810,-4.74E+00
8535,7.15,0.272280247,-0.962217994,264.1,810,-3.20E+00
8536,7.86,0.323917418,-0.946085359,263.4,811,-3.66E+01
8537,3.5,-0.557745109,-0.830012285,262.6,812,0.00E+00
8538,3.42,-0.438371147,-0.898794046,263.2,813,0.00E+00
8539,3.36,-0.695912797,-0.718126298,262.9,814,-3.66E+01
8540,3.17,-0.467929814,-0.88376563,263.3,813,0.00E+00
8541,3.9,-0.278991106,-0.960293686,263.2,812,-3.66E+01
8542,5.35,0.080198924,-0.996778878,264.1,813,0.00E+00
8543,6.73,0.315649037,-0.948876012,264.2,813,-7.45E+00
8544,6.91,0.438371147,-0.898794046,264,813,2.73E+00
8545,6.45,0.377840787,-0.925870585,263.8,813,8.92E+00
8546,7.19,0.403545296,-0.914959668,264,813,5.15E+00
8547,6.47,0.189095443,-0.981958713,263.6,813,3.83E+00
8548,8.94,0.253757945,-0.967267753,264,813,3.27E+00
8549,9.08,0.166768747,-0.985996037,264,813,4.86E+00
8550,9.32,0.140901232,-0.990023658,264.1,813,-3.01E+00
8551,8.91,0.137444546,-0.990509463,264.2,813,-3.41E+00
8552,8.19,0.185666615,-0.982612797,265.1,813,4.95E-01
8553,6.53,0.312334919,-0.949972052,267,813,5.99E-01
8554,3.01,-0.246999013,-0.969015731,267.8,814,-3.99E-01
8555,3.66,0.069756474,-0.99756405,268.9,814,-4.74E+00
8556,4.49,0.156434465,-0.987688341,269.9,814,-2.68E+00
8557,4.16,-0.06104854,-0.998134798,270.1,814,6.72E+00
8558,4.04,-0.252069358,-0.96770917,270.1,814,1.16E+01
8559,4.03,-0.406736643,-0.913545458,269.5,813,1.40E+01
8560,4.89,-0.36162457,-0.932323801,268,813,1.09E+01
8561,4.29,-0.189095443,-0.981958713,266.6,810,0.00E+00
8562,5.04,-0.180519145,-0.983571471,267.3,811,0.00E+00
8563,4.67,-0.159881188,-0.987136265,268.2,812,0.00E+00
8564,4.81,0.178802215,-0.983885038,267.3,812,-2.69E+01
8565,3.91,-0.189095443,-0.981958713,265.4,811,1.22E+00
8566,3.28,-0.40833046,-0.912834177,265.6,811,1.30E+01
8567,4.64,0.246999013,-0.969015731,267.6,811,1.25E+01
8568,6.97,0.435231099,-0.900318771,269,811,1.13E+01
8569,6.75,0.348572047,-0.937281989,268.9,811,1.21E+01
8570,4.14,-0.152985836,-0.988228381,266.5,810,1.39E+01
8571,4.09,-0.730162277,-0.683273774,265.9,811,1.45E+01
8572,3.91,-0.756995056,-0.653420604,264.9,811,8.50E-01
8573,3.85,-0.925209718,-0.37945616,264.7,811,-3.66E+01
8574,4.14,-0.801775644,-0.597625147,265.8,811,-5.47E+00
8575,4.54,-0.337095258,-0.941470545,266.4,811,-2.99E+00
8576,4.1,-0.432085749,-0.901832526,266.4,811,-2.94E+00
8577,2.53,-0.471011881,-0.882126866,269.5,811,0.00E+00
8578,2.33,-0.576432316,-0.817144898,271.6,810,-4.03E+00
8579,2.44,-0.67687597,-0.736097087,272.9,810,6.24E+00
8580,2.01,-0.872069272,-0.489382452,273.3,810,5.66E+00
8581,2.57,-0.922538089,-0.385906042,273.6,809,4.70E+00
8582,2.37,-0.805928282,-0.592013179,273.6,809,1.32E+01
8583,1.5,-0.999876632,-0.015707317,272.4,809,1.38E+01
8584,1.99,0.202787295,0.979222811,269.5,809,1.41E+01
8585,0.29,-0.988493887,0.15126082,268.9,809,1.36E+01
8586,1.56,-0.510542918,-0.859852272,268.3,809,1.37E+01
8587,1.87,-0.547563223,-0.836764313,267.3,809,8.29E+00
8588,2.41,-0.201077921,-0.97957525,267.7,809,1.31E+00
8589,1.45,-0.931055816,-0.364876784,268.9,809,8.69E+00
8590,2.16,-0.572145873,-0.820151876,268.5,810,1.34E+01
8591,1.55,-0.467929814,-0.88376563,267,810,1.20E+01
8592,2.38,-0.366501227,-0.930417568,265,810,1.35E+01
8593,3.49,-0.299040792,-0.954240329,264.8,810,1.40E+01
8594,3.39,-0.125333234,-0.992114701,264.4,810,1.22E+01
8595,3.36,-0.010471784,-0.999945169,263.9,811,8.37E+00
8596,3.3,0.221548498,-0.975149354,264,811,8.32E+00
8597,3.48,0.233445364,-0.97236992,263.6,811,8.70E+00
8598,3.62,0.26387305,-0.964557418,263.8,811,5.01E+00
8599,3.4,0.302369891,-0.953190668,263.3,812,2.44E+00
8600,3.4,-0.282341457,-0.959313975,264.9,813,7.24E+00
8601,1.99,-0.277314653,-0.960779154,267.4,813,6.97E+00
8602,0.49,-0.705871571,-0.708339838,268.9,812,1.23E+01
8603,0.67,0.579281172,0.815127796,269.7,812,1.28E+01
8604,2.11,0.09063258,0.995884399,269.9,812,1.21E+01
8605,2.3,-0.125333234,0.992114701,269.5,812,9.71E+00
8606,2.67,-0.3007058,0.953716951,269.3,812,5.24E+00
8607,3.09,-0.444635179,0.89571176,268.8,812,7.71E+00
8608,2.56,-0.307356618,0.951594404,267.7,812,-3.82E+00
8609,2.22,-0.265556117,0.964095404,267.5,812,-3.26E+00
8610,2.33,-0.398749069,0.917060074,267.2,812,-3.76E+00
8611,2.07,-0.270600446,0.962691746,266.8,812,-1.83E+00
8612,1.97,-0.37945616,0.925209718,266.6,811,-1.63E+00
8613,1.49,-0.201077921,0.97957525,266.5,811,-1.55E+00
8614,2.28,-0.785856893,0.618408395,266.7,811,-1.19E+00
8615,1.84,0.751264134,0.660001668,264.4,810,-1.28E+00
8616,1.76,-0.00698126,0.999975631,265.4,810,-3.12E+00
8617,2.18,-0.257132793,0.966376079,264.4,809,-4.39E+00
8618,1.92,-0.040131793,0.999194395,263,808,-4.21E+00
8619,2.42,0.118403968,0.992965508,262.2,808,-4.96E+00
8620,0.82,0.600420225,0.799684658,263.9,808,-5.38E+00
8621,1.53,-0.280666709,0.959805292,264.8,807,-6.36E+00
8622,1.67,-0.446197813,0.894934362,265.8,806,-7.71E+00
8623,1.1,-0.938493023,0.345298199,266,806,-9.60E+00
8624,1.46,0.240228042,0.970716482,265,806,-1.19E+01
8625,0.33,0.323917418,0.946085359,267.2,806,-1.41E+01
8626,1.58,-0.818149717,0.575005252,267.9,806,-1.51E+01
8627,1.51,-0.978147601,-0.207911691,269.7,805,-1.87E+01
8628,2.8,-0.159881188,-0.987136265,271.1,805,-2.11E+01
8629,2.37,0.871213811,-0.490903754,271.6,805,-2.51E+01
8630,2.19,0.997185134,-0.074978727,271.1,804,-2.71E+01
8631,3.08,0.9952274,0.0975829,270.1,804,-2.79E+01
8632,2.56,0.987413807,-0.158158067,268.2,805,-2.80E+01
8633,2.14,-0.932953535,-0.359996808,262.8,806,-2.62E+01
8634,2.21,-0.858959897,-0.512042865,261.9,806,-2.20E+01
8635,3.95,0.372987783,-0.927836254,262.9,806,-2.03E+01
8636,6.03,0.572145873,-0.820151876,263.5,806,-1.03E+01
8637,6.41,0.559192903,-0.829037573,263.2,806,-4.35E+00
8638,6.39,0.579281172,-0.815127796,262.8,805,1.91E-01
8639,6.09,0.589196357,-0.807989884,262.2,806,4.12E-01
8640,7.8,0.702153053,-0.712026046,262.5,805,-1.23E+00
8641,6.38,0.804893797,-0.593418887,262,804,-3.50E+00
8642,6.19,0.922538089,-0.385906042,261.7,804,-5.65E+00
8643,1.66,0.939692621,0.342020143,259,804,-1.38E+01
8644,2.93,0.987959866,-0.154710386,258.8,804,-1.88E+01
8645,4.16,0.99121554,-0.13225639,259.5,805,-2.18E+01
8646,5.47,0.952129393,-0.305695305,259.3,804,-2.46E+01
8647,6.3,0.917060074,-0.398749069,259.6,804,-2.60E+01
8648,7.42,0.919821497,-0.392337117,260.4,804,-2.45E+01
8649,7.28,0.882126866,-0.471011881,261,804,-2.02E+01
8650,7.58,0.931055816,-0.364876784,261.8,803,-1.69E+01
8651,7.39,0.957319498,-0.289031797,262,804,-1.58E+01
8652,7.13,0.965016494,-0.262189179,261.9,804,-1.61E+01
8653,6.93,0.976296007,-0.216439614,261.9,804,-1.63E+01
8654,5.88,0.978867389,-0.204496052,261.5,805,-2.07E+01
8655,5.51,0.921185406,-0.38912395,261,805,-3.22E+01
8656,3.53,0.934204474,-0.356737999,259.5,806,0.00E+00
8657,5.62,0.917060074,-0.398749069,258.5,806,-3.06E+01
8658,5.66,0.956304756,-0.292371705,258.4,807,-2.92E+01
8659,5.39,0.958819735,-0.284015345,258.1,807,-2.59E+01
8660,4.8,0.958819735,-0.284015345,257.6,807,-2.53E+01
8661,4.31,0.96174131,-0.273959219,257.1,807,-2.62E+01
8662,3.23,0.981958713,-0.189095443,256.2,808,-3.12E+01
8663,1.05,0.596224875,-0.802817475,254.7,809,-3.05E+01
8664,2.67,-0.441505853,-0.89725837,254.2,810,-3.05E+01
8665,2.69,0.144356201,-0.989525789,253.7,810,-2.77E+01
8666,3.18,0.353474844,-0.935444031,254,810,-2.81E+01
8667,3.06,0.284015345,-0.958819735,253.9,811,-2.82E+01
8668,3.03,0.374606593,-0.927183855,254,811,-2.90E+01
8669,2.67,0.140901232,-0.990023658,254,811,-2.68E+01
8670,3.38,-0.304033061,-0.952661481,254.5,811,-2.53E+01
8671,3.34,0.202787295,-0.979222811,254.5,812,-2.62E+01
8672,3.17,0.425779292,-0.904827052,256.3,813,-2.62E+01
8673,2.01,0.755853469,-0.654740814,259.8,813,-2.62E+01
8674,2.1,0.999815712,0.019197442,261.6,813,-2.67E+01
8675,1.75,0.858064906,0.513541252,262.6,813,-2.62E+01
8676,1.48,0.101056297,0.994880709,263.1,813,-2.83E+01
8677,1.34,-0.414693243,0.909961271,263.3,813,-3.01E+01
8678,0.87,-0.712026046,0.702153053,263.5,813,-3.31E+00
8679,1.14,-0.333806859,-0.942641491,262.9,813,-9.31E+00
8680,2.48,-0.0662739,-0.997801468,259.1,813,-2.98E+01
8681,3.72,-0.010471784,-0.999945169,259.3,812,-2.94E+01
8682,3.67,-0.06279052,-0.998026728,258.8,812,-8.69E+00
8683,3.47,-0.37945616,-0.925209718,257.8,813,2.73E+00
8684,3.89,-0.064532308,-0.997915618,258.8,813,6.19E+00
8685,3.73,-0.260504509,-0.965472631,259.1,812,5.77E+00
8686,4.17,-0.185666615,-0.982612797,259.7,813,2.62E-01
8687,4.24,-0.292371705,-0.956304756,259.4,813,-1.97E+00
8688,4.5,-0.376224263,-0.926528631,259.6,813,2.25E+00
8689,4.95,-0.372987783,-0.927836254,260,812,8.38E+00
8690,5.19,-0.40833046,-0.912834177,260.2,811,8.19E+00
8691,5.53,-0.350207381,-0.936672189,260.7,811,8.97E+00
8692,5.45,-0.447759088,-0.894154237,260.8,812,1.10E+01
8693,6.12,-0.34037955,-0.940288127,261.4,811,1.05E+01
8694,6.63,-0.323917418,-0.946085359,261.9,810,4.10E+00
8695,7.07,-0.342020143,-0.939692621,262.4,810,3.03E+00
8696,7.88,-0.392337117,-0.919821497,263.3,810,8.09E+00
8697,8.68,-0.309016994,-0.951056516,265.6,809,9.51E+00
8698,8.35,-0.068015291,-0.997684279,267.6,809,9.05E+00
8699,7.63,-0.069756474,-0.99756405,268,809,5.46E+00
8700,6.96,-0.106264071,-0.994337944,268.3,809,2.03E+00
8701,6.51,-0.221548498,-0.975149354,269.2,808,-1.10E+00
8702,7.27,-0.255445758,-0.966823389,269.1,807,-1.49E+01
8703,9.34,-0.290702194,-0.956813584,268.9,807,-6.19E+00
8704,8.64,-0.280666709,-0.959805292,268.8,807,7.28E-01
8705,4.94,-0.537299608,-0.843391446,265.6,806,-3.71E+00
8706,4.55,-0.684547106,-0.728968627,267,807,0.00E+00
8707,4.36,-0.46638664,-0.884580975,267.6,807,0.00E+00
8708,3.64,-0.592013179,-0.805928282,266.3,805,0.00E+00
8709,5.39,0.381070376,-0.924546034,270.3,806,-1.97E+01
8710,8.63,0.428935133,-0.903335293,271.2,806,-6.48E+00
8711,9.45,0.317304656,-0.948323655,270.9,805,-1.93E+00
8712,10.1,0.26387305,-0.964557418,270.9,805,-7.03E+00
8713,11.44,0.377840787,-0.925870585,270.3,804,-1.87E+01
8714,11.67,0.343659695,-0.939094252,270.5,803,-2.45E+00
8715,11,0.268919821,-0.963162567,270.5,803,-1.10E+00
8716,11.87,0.356737999,-0.934204474,271.3,803,3.01E+00
8717,13,0.282341457,-0.959313975,271.2,801,-2.59E-01
8718,9.4,-0.033155178,-0.999450216,270.6,801,8.16E+00
8719,5.05,-0.06279052,-0.998026728,270,801,7.20E+00
8720,3.81,0.06279052,0.998026728,270.1,802,3.18E+00
8721,1.2,-0.993372766,0.11493715,271,802,4.80E+00
8722,3.55,-0.948876012,-0.315649037,270.7,801,5.97E+00
8723,2.98,-0.63742399,-0.770513243,270.5,801,2.53E+00
8724,3.26,-0.406736643,-0.913545458,270.9,801,7.23E-01
8725,3.38,0.1719291,-0.985109326,271.6,801,-1.28E+00
8726,3.25,0.333806859,-0.942641491,271.7,800,2.39E-01
8727,2.21,-0.038387809,-0.999262916,271.2,800,2.93E+00
8728,3.3,-0.355106962,-0.934825676,267.6,801,1.93E+00
8729,0.47,-0.444635179,-0.89571176,269.8,798,5.83E-02
8730,2.04,0.991894443,-0.127064609,270.2,799,-8.56E-01
8731,2.09,0.791223533,0.61152704,269.4,798,-4.97E+00
8732,1.91,0.923879533,0.382683432,269,798,-1.23E+01
8733,3.9,0.960779154,0.277314653,268.7,798,-1.40E+01
8734,3.69,0.894934362,0.446197813,268.6,798,-1.39E+01
8735,5.07,0.914959668,0.403545296,267.2,799,0.00E+00
8736,4.73,0.996041065,0.088894297,263.8,799,-1.52E+00
8737,4.78,0.982612797,-0.185666615,260.6,799,1.06E+01
8738,5.94,0.981292664,-0.192521967,258.6,800,9.48E+00
8739,5.98,0.998440764,-0.055821505,257.4,801,1.12E+01
8740,5.81,0.999847695,0.017452406,256,803,6.63E+00
8741,6.15,0.999975631,0.00698126,254.9,803,6.59E+00
8742,6.1,0.999194395,0.040131793,254.4,804,7.99E+00
8743,6.32,0.996637387,0.081938509,253.6,805,1.15E+01
8744,6.31,0.985996037,0.166768747,253.4,806,5.44E+00
8745,6.86,0.985407898,0.170209499,253.1,806,3.84E+00
8746,6.57,0.977783237,0.209618563,253.1,807,9.68E+00
8747,6.53,0.972775878,0.231747903,252.8,808,7.19E+00
8748,6.34,0.972775878,0.231747903,252.7,808,3.49E+00
8749,5.86,0.985996037,0.166768747,252.5,809,2.43E+00
8750,5.57,0.999998477,0.001745328,252.1,810,1.77E+00
8751,4.87,0.999998477,-0.001745328,252,811,1.42E+00
8752,4.21,0.989776231,-0.142628934,251.8,812,6.69E+00
8753,3.07,0.998134798,-0.06104854,254.3,814,6.43E+00
8754,2.19,0.990023658,-0.140901232,251.8,814,3.56E+00
8755,2.13,-0.095845753,-0.995396198,249.8,815,3.13E+00
8756,1.88,0.47715876,-0.878817113,253.4,814,1.87E+00
8757,1.61,0.019197442,-0.999815712,253.7,814,2.23E-01
8758,2.74,-0.392337117,-0.919821497,251.8,815,-1.29E+00
8759,3.36,-0.047106451,-0.998889875,253.3,816,-2.32E+00
8760,3.55,-0.19765734,-0.980271175,253.8,816,-3.26E+00
8761,,,,,,
8762,,,,,,
